week_start,equipment_id,equipment_type,age_years,downtime_pct_8w,breakdowns_8w,c_downtime,c_breakdown,c_age,risk_score,risk_band,main_driver
2023-01-02,DMP-01,dumper,3,6.3571,0.0,0.1269,0.0,0.08,0.2069,low,recent downtime
2023-01-02,DMP-02,dumper,8,8.4286,0.0,0.1683,0.0,0.2133,0.3816,low,machine age
2023-01-02,DMP-03,dumper,12,8.7143,0.0,0.174,0.0,0.32,0.494,low,machine age
2023-01-02,DRL-01,drill,6,11.8571,0.0,0.2368,0.0,0.16,0.3968,low,recent downtime
2023-01-02,DRL-02,drill,11,15.7857,0.0,0.3152,0.0,0.2933,0.6085,medium,recent downtime
2023-01-02,LDR-01,loader,4,15.6429,0.0,0.3124,0.0,0.1067,0.419,low,recent downtime
2023-01-02,LDR-02,loader,9,17.3571,0.0,0.3466,0.0,0.24,0.5866,low,recent downtime
2023-01-02,LDR-03,loader,13,18.2857,0.0,0.3651,0.0,0.3467,0.7118,medium,recent downtime
2023-01-09,DMP-01,dumper,3,6.4643,0.0,0.1291,0.0,0.08,0.2091,low,recent downtime
2023-01-09,DMP-02,dumper,8,9.4643,0.0,0.189,0.0,0.2133,0.4023,low,machine age
2023-01-09,DMP-03,dumper,12,9.0714,0.0,0.1811,0.0,0.32,0.5011,low,machine age
2023-01-09,DRL-01,drill,6,13.1786,0.0,0.2631,0.0,0.16,0.4231,low,recent downtime
2023-01-09,DRL-02,drill,11,18.25,0.0,0.3644,0.0,0.2933,0.6577,medium,recent downtime
2023-01-09,LDR-01,loader,4,29.8571,1.0,0.4,0.1,0.1067,0.6067,medium,recent downtime
2023-01-09,LDR-02,loader,9,14.6786,0.0,0.2931,0.0,0.24,0.5331,low,recent downtime
2023-01-09,LDR-03,loader,13,14.25,0.0,0.2845,0.0,0.3467,0.6312,medium,machine age
2023-01-16,DMP-01,dumper,3,9.4524,0.0,0.1887,0.0,0.08,0.2687,low,recent downtime
2023-01-16,DMP-02,dumper,8,9.2381,0.0,0.1845,0.0,0.2133,0.3978,low,machine age
2023-01-16,DMP-03,dumper,12,9.0,0.0,0.1797,0.0,0.32,0.4997,low,machine age
2023-01-16,DRL-01,drill,6,12.3095,0.0,0.2458,0.0,0.16,0.4058,low,recent downtime
2023-01-16,DRL-02,drill,11,17.6667,0.0,0.3528,0.0,0.2933,0.6461,medium,recent downtime
2023-01-16,LDR-01,loader,4,22.381,1.0,0.4,0.1,0.1067,0.6067,medium,recent downtime
2023-01-16,LDR-02,loader,9,12.381,0.0,0.2472,0.0,0.24,0.4872,low,recent downtime
2023-01-16,LDR-03,loader,13,11.1667,0.0,0.223,0.0,0.3467,0.5696,low,machine age
2023-01-23,DMP-01,dumper,3,7.4464,0.0,0.1487,0.0,0.08,0.2287,low,recent downtime
2023-01-23,DMP-02,dumper,8,10.5179,0.0,0.21,0.0,0.2133,0.4234,low,machine age
2023-01-23,DMP-03,dumper,12,10.9286,0.0,0.2182,0.0,0.32,0.5382,low,machine age
2023-01-23,DRL-01,drill,6,11.6607,0.0,0.2328,0.0,0.16,0.3928,low,recent downtime
2023-01-23,DRL-02,drill,11,16.625,0.0,0.332,0.0,0.2933,0.6253,medium,recent downtime
2023-01-23,LDR-01,loader,4,18.4643,1.0,0.3687,0.1,0.1067,0.5754,low,recent downtime
2023-01-23,LDR-02,loader,9,23.5893,1.0,0.4,0.1,0.24,0.74,medium,recent downtime
2023-01-23,LDR-03,loader,13,10.3036,0.0,0.2057,0.0,0.3467,0.5524,low,machine age
2023-01-30,DMP-01,dumper,3,10.2286,0.0,0.2042,0.0,0.08,0.2842,low,recent downtime
2023-01-30,DMP-02,dumper,8,9.6571,0.0,0.1928,0.0,0.2133,0.4062,low,machine age
2023-01-30,DMP-03,dumper,12,10.2857,0.0,0.2054,0.0,0.32,0.5254,low,machine age
2023-01-30,DRL-01,drill,6,12.3286,0.0,0.2462,0.0,0.16,0.4062,low,recent downtime
2023-01-30,DRL-02,drill,11,15.6857,0.0,0.3132,0.0,0.2933,0.6065,medium,recent downtime
2023-01-30,LDR-01,loader,4,15.7429,1.0,0.3144,0.1,0.1067,0.521,low,recent downtime
2023-01-30,LDR-02,loader,9,21.0857,1.0,0.4,0.1,0.24,0.74,medium,recent downtime
2023-01-30,LDR-03,loader,13,10.5,0.0,0.2097,0.0,0.3467,0.5563,low,machine age
2023-02-06,DMP-01,dumper,3,9.2381,0.0,0.1845,0.0,0.08,0.2645,low,recent downtime
2023-02-06,DMP-02,dumper,8,11.2619,0.0,0.2249,0.0,0.2133,0.4382,low,recent downtime
2023-02-06,DMP-03,dumper,12,11.2024,0.0,0.2237,0.0,0.32,0.5437,low,machine age
2023-02-06,DRL-01,drill,6,11.9881,0.0,0.2394,0.0,0.16,0.3994,low,recent downtime
2023-02-06,DRL-02,drill,11,14.0,0.0,0.2796,0.0,0.2933,0.5729,low,machine age
2023-02-06,LDR-01,loader,4,14.6786,1.0,0.2931,0.1,0.1067,0.4998,low,recent downtime
2023-02-06,LDR-02,loader,9,20.1667,1.0,0.4,0.1,0.24,0.74,medium,recent downtime
2023-02-06,LDR-03,loader,13,10.0595,0.0,0.2009,0.0,0.3467,0.5475,low,machine age
2023-02-13,DMP-01,dumper,3,8.551,0.0,0.1707,0.0,0.08,0.2507,low,recent downtime
2023-02-13,DMP-02,dumper,8,10.4286,0.0,0.2082,0.0,0.2133,0.4216,low,machine age
2023-02-13,DMP-03,dumper,12,10.4694,0.0,0.2091,0.0,0.32,0.5291,low,machine age
2023-02-13,DRL-01,drill,6,12.051,0.0,0.2406,0.0,0.16,0.4006,low,recent downtime
2023-02-13,DRL-02,drill,11,15.5714,0.0,0.3109,0.0,0.2933,0.6043,medium,recent downtime
2023-02-13,LDR-01,loader,4,13.3265,1.0,0.2661,0.1,0.1067,0.4728,low,recent downtime
2023-02-13,LDR-02,loader,9,17.551,1.0,0.3505,0.1,0.24,0.6905,medium,recent downtime
2023-02-13,LDR-03,loader,13,9.3571,0.0,0.1868,0.0,0.3467,0.5335,low,machine age
2023-02-20,DMP-01,dumper,3,8.1786,0.0,0.1633,0.0,0.08,0.2433,low,recent downtime
2023-02-20,DMP-02,dumper,8,11.2232,0.0,0.2241,0.0,0.2133,0.4374,low,recent downtime
2023-02-20,DMP-03,dumper,12,11.3839,0.0,0.2273,0.0,0.32,0.5473,low,machine age
2023-02-20,DRL-01,drill,6,12.0268,0.0,0.2401,0.0,0.16,0.4001,low,recent downtime
2023-02-20,DRL-02,drill,11,15.2411,0.0,0.3043,0.0,0.2933,0.5977,low,recent downtime
2023-02-20,LDR-01,loader,4,12.4464,1.0,0.2485,0.1,0.1067,0.4552,low,recent downtime
2023-02-20,LDR-02,loader,9,15.625,1.0,0.312,0.1,0.24,0.652,medium,recent downtime
2023-02-20,LDR-03,loader,13,9.5536,0.0,0.1908,0.0,0.3467,0.5374,low,machine age
2023-02-27,DMP-01,dumper,3,7.6518,0.0,0.1528,0.0,0.08,0.2328,low,recent downtime
2023-02-27,DMP-02,dumper,8,10.7232,0.0,0.2141,0.0,0.2133,0.4275,low,recent downtime
2023-02-27,DMP-03,dumper,12,10.8214,0.0,0.2161,0.0,0.32,0.5361,low,machine age
2023-02-27,DRL-01,drill,6,17.7321,1.0,0.3541,0.1,0.16,0.6141,medium,recent downtime
2023-02-27,DRL-02,drill,11,14.7054,0.0,0.2936,0.0,0.2933,0.587,low,recent downtime
2023-02-27,LDR-01,loader,4,11.1696,1.0,0.223,0.1,0.1067,0.4297,low,recent downtime
2023-02-27,LDR-02,loader,9,14.6786,1.0,0.2931,0.1,0.24,0.6331,medium,recent downtime
2023-02-27,LDR-03,loader,13,9.5089,0.0,0.1899,0.0,0.3467,0.5365,low,machine age
2023-03-06,DMP-01,dumper,3,7.6607,0.0,0.153,0.0,0.08,0.233,low,recent downtime
2023-03-06,DMP-02,dumper,8,10.7143,0.0,0.2139,0.0,0.2133,0.4273,low,recent downtime
2023-03-06,DMP-03,dumper,12,10.2857,0.0,0.2054,0.0,0.32,0.5254,low,machine age
2023-03-06,DRL-01,drill,6,17.0268,1.0,0.34,0.1,0.16,0.6,low,recent downtime
2023-03-06,DRL-02,drill,11,12.8661,0.0,0.2569,0.0,0.2933,0.5502,low,machine age
2023-03-06,LDR-01,loader,4,7.0446,0.0,0.1407,0.0,0.1067,0.2473,low,recent downtime
2023-03-06,LDR-02,loader,9,13.8482,1.0,0.2765,0.1,0.24,0.6165,medium,recent downtime
2023-03-06,LDR-03,loader,13,10.1875,0.0,0.2034,0.0,0.3467,0.5501,low,machine age
2023-03-13,DMP-01,dumper,3,6.9196,0.0,0.1382,0.0,0.08,0.2182,low,recent downtime
2023-03-13,DMP-02,dumper,8,10.6429,0.0,0.2125,0.0,0.2133,0.4258,low,machine age
2023-03-13,DMP-03,dumper,12,11.5536,0.0,0.2307,0.0,0.32,0.5507,low,machine age
2023-03-13,DRL-01,drill,6,18.0268,1.0,0.36,0.1,0.16,0.62,medium,recent downtime
2023-03-13,DRL-02,drill,11,12.4286,0.0,0.2482,0.0,0.2933,0.5415,low,machine age
2023-03-13,LDR-01,loader,4,7.1339,0.0,0.1424,0.0,0.1067,0.2491,low,recent downtime
2023-03-13,LDR-02,loader,9,14.3214,1.0,0.286,0.1,0.24,0.626,medium,recent downtime
2023-03-13,LDR-03,loader,13,12.5357,0.0,0.2503,0.0,0.3467,0.597,low,machine age
2023-03-20,DMP-01,dumper,3,11.7321,1.0,0.2343,0.1,0.08,0.4143,low,recent downtime
2023-03-20,DMP-02,dumper,8,10.3839,0.0,0.2073,0.0,0.2133,0.4207,low,machine age
2023-03-20,DMP-03,dumper,12,9.9554,0.0,0.1988,0.0,0.32,0.5188,low,machine age
2023-03-20,DRL-01,drill,6,17.8393,1.0,0.3562,0.1,0.16,0.6162,medium,recent downtime
2023-03-20,DRL-02,drill,11,12.2143,0.0,0.2439,0.0,0.2933,0.5372,low,machine age
2023-03-20,LDR-01,loader,4,7.3929,0.0,0.1476,0.0,0.1067,0.2543,low,recent downtime
2023-03-20,LDR-02,loader,9,8.0982,0.0,0.1617,0.0,0.24,0.4017,low,machine age
2023-03-20,LDR-03,loader,13,13.9732,0.0,0.279,0.0,0.3467,0.6257,medium,machine age
2023-03-27,DMP-01,dumper,3,16.5982,2.0,0.3314,0.2,0.08,0.6114,medium,recent downtime
2023-03-27,DMP-02,dumper,8,10.7946,0.0,0.2155,0.0,0.2133,0.4289,low,recent downtime
2023-03-27,DMP-03,dumper,12,10.25,0.0,0.2047,0.0,0.32,0.5247,low,machine age
2023-03-27,DRL-01,drill,6,17.5536,1.0,0.3505,0.1,0.16,0.6105,medium,recent downtime
2023-03-27,DRL-02,drill,11,13.9286,0.0,0.2781,0.0,0.2933,0.5715,low,machine age
2023-03-27,LDR-01,loader,4,7.2768,0.0,0.1453,0.0,0.1067,0.252,low,recent downtime
2023-03-27,LDR-02,loader,9,10.3393,0.0,0.2065,0.0,0.24,0.4465,low,machine age
2023-03-27,LDR-03,loader,13,13.2589,0.0,0.2648,0.0,0.3467,0.6114,medium,machine age
2023-04-03,DMP-01,dumper,3,16.5893,2.0,0.3313,0.2,0.08,0.6113,medium,recent downtime
2023-04-03,DMP-02,dumper,8,9.8661,0.0,0.197,0.0,0.2133,0.4103,low,machine age
2023-04-03,DMP-03,dumper,12,12.2679,1.0,0.245,0.1,0.32,0.665,medium,machine age
2023-04-03,DRL-01,drill,6,17.8571,1.0,0.3566,0.1,0.16,0.6166,medium,recent downtime
2023-04-03,DRL-02,drill,11,14.7411,0.0,0.2943,0.0,0.2933,0.5877,low,recent downtime
2023-04-03,LDR-01,loader,4,6.8125,0.0,0.136,0.0,0.1067,0.2427,low,recent downtime
2023-04-03,LDR-02,loader,9,10.3304,0.0,0.2063,0.0,0.24,0.4463,low,machine age
2023-04-03,LDR-03,loader,13,14.1607,0.0,0.2828,0.0,0.3467,0.6294,medium,machine age
2023-04-10,DMP-01,dumper,3,17.8571,2.0,0.3566,0.2,0.08,0.6366,medium,recent downtime
2023-04-10,DMP-02,dumper,8,9.7946,0.0,0.1956,0.0,0.2133,0.4089,low,machine age
2023-04-10,DMP-03,dumper,12,13.0,1.0,0.2596,0.1,0.32,0.6796,medium,machine age
2023-04-10,DRL-01,drill,6,17.25,1.0,0.3444,0.1,0.16,0.6044,medium,recent downtime
2023-04-10,DRL-02,drill,11,13.0893,0.0,0.2614,0.0,0.2933,0.5547,low,machine age
2023-04-10,LDR-01,loader,4,7.25,0.0,0.1448,0.0,0.1067,0.2514,low,recent downtime
2023-04-10,LDR-02,loader,9,12.375,0.0,0.2471,0.0,0.24,0.4871,low,recent downtime
2023-04-10,LDR-03,loader,13,14.7768,0.0,0.2951,0.0,0.3467,0.6417,medium,machine age
2023-04-17,DMP-01,dumper,3,18.25,2.0,0.3644,0.2,0.08,0.6444,medium,recent downtime
2023-04-17,DMP-02,dumper,8,8.0714,0.0,0.1612,0.0,0.2133,0.3745,low,machine age
2023-04-17,DMP-03,dumper,12,11.1429,1.0,0.2225,0.1,0.32,0.6425,medium,machine age
2023-04-17,DRL-01,drill,6,17.4196,1.0,0.3478,0.1,0.16,0.6078,medium,recent downtime
2023-04-17,DRL-02,drill,11,12.2321,0.0,0.2443,0.0,0.2933,0.5376,low,machine age
2023-04-17,LDR-01,loader,4,6.8214,0.0,0.1362,0.0,0.1067,0.2429,low,recent downtime
2023-04-17,LDR-02,loader,9,12.4018,0.0,0.2476,0.0,0.24,0.4876,low,recent downtime
2023-04-17,LDR-03,loader,13,15.2143,0.0,0.3038,0.0,0.3467,0.6505,medium,machine age
2023-04-24,DMP-01,dumper,3,18.5357,2.0,0.3701,0.2,0.08,0.6501,medium,recent downtime
2023-04-24,DMP-02,dumper,8,8.1429,0.0,0.1626,0.0,0.2133,0.3759,low,machine age
2023-04-24,DMP-03,dumper,12,11.6607,1.0,0.2328,0.1,0.32,0.6528,medium,machine age
2023-04-24,DRL-01,drill,6,11.4375,0.0,0.2284,0.0,0.16,0.3884,low,recent downtime
2023-04-24,DRL-02,drill,11,11.8393,0.0,0.2364,0.0,0.2933,0.5297,low,machine age
2023-04-24,LDR-01,loader,4,7.0446,0.0,0.1407,0.0,0.1067,0.2473,low,recent downtime
2023-04-24,LDR-02,loader,9,12.9732,0.0,0.259,0.0,0.24,0.499,low,recent downtime
2023-04-24,LDR-03,loader,13,13.6964,0.0,0.2735,0.0,0.3467,0.6202,medium,machine age
2023-05-01,DMP-01,dumper,3,18.2054,2.0,0.3635,0.2,0.08,0.6435,medium,recent downtime
2023-05-01,DMP-02,dumper,8,7.3661,0.0,0.1471,0.0,0.2133,0.3604,low,machine age
2023-05-01,DMP-03,dumper,12,11.5893,1.0,0.2314,0.1,0.32,0.6514,medium,machine age
2023-05-01,DRL-01,drill,6,11.1786,0.0,0.2232,0.0,0.16,0.3832,low,recent downtime
2023-05-01,DRL-02,drill,11,12.9821,0.0,0.2592,0.0,0.2933,0.5526,low,machine age
2023-05-01,LDR-01,loader,4,6.6518,0.0,0.1328,0.0,0.1067,0.2395,low,recent downtime
2023-05-01,LDR-02,loader,9,13.3571,0.0,0.2667,0.0,0.24,0.5067,low,recent downtime
2023-05-01,LDR-03,loader,13,16.75,1.0,0.3345,0.1,0.3467,0.7811,high,machine age
2023-05-08,DMP-01,dumper,3,18.0357,2.0,0.3601,0.2,0.08,0.6401,medium,recent downtime
2023-05-08,DMP-02,dumper,8,9.3571,1.0,0.1868,0.1,0.2133,0.5002,low,machine age
2023-05-08,DMP-03,dumper,12,10.4464,1.0,0.2086,0.1,0.32,0.6286,medium,machine age
2023-05-08,DRL-01,drill,6,10.6161,0.0,0.212,0.0,0.16,0.372,low,recent downtime
2023-05-08,DRL-02,drill,11,11.8304,0.0,0.2362,0.0,0.2933,0.5296,low,machine age
2023-05-08,LDR-01,loader,4,6.0982,0.0,0.1218,0.0,0.1067,0.2284,low,recent downtime
2023-05-08,LDR-02,loader,9,14.1518,0.0,0.2826,0.0,0.24,0.5226,low,recent downtime
2023-05-08,LDR-03,loader,13,16.4018,1.0,0.3275,0.1,0.3467,0.7742,medium,machine age
2023-05-15,DMP-01,dumper,3,14.0357,1.0,0.2803,0.1,0.08,0.4603,low,recent downtime
2023-05-15,DMP-02,dumper,8,8.5268,1.0,0.1703,0.1,0.2133,0.4836,low,machine age
2023-05-15,DMP-03,dumper,12,10.3929,1.0,0.2075,0.1,0.32,0.6275,medium,machine age
2023-05-15,DRL-01,drill,6,10.2321,0.0,0.2043,0.0,0.16,0.3643,low,recent downtime
2023-05-15,DRL-02,drill,11,12.6607,0.0,0.2528,0.0,0.2933,0.5461,low,machine age
2023-05-15,LDR-01,loader,4,6.5714,0.0,0.1312,0.0,0.1067,0.2379,low,recent downtime
2023-05-15,LDR-02,loader,9,14.7857,0.0,0.2952,0.0,0.24,0.5352,low,recent downtime
2023-05-15,LDR-03,loader,13,15.4643,1.0,0.3088,0.1,0.3467,0.7555,medium,machine age
2023-05-22,DMP-01,dumper,3,7.5357,0.0,0.1505,0.0,0.08,0.2305,low,recent downtime
2023-05-22,DMP-02,dumper,8,8.0804,1.0,0.1613,0.1,0.2133,0.4747,low,machine age
2023-05-22,DMP-03,dumper,12,9.7679,1.0,0.195,0.1,0.32,0.615,medium,machine age
2023-05-22,DRL-01,drill,6,9.5179,0.0,0.1901,0.0,0.16,0.3501,low,recent downtime
2023-05-22,DRL-02,drill,11,11.8393,0.0,0.2364,0.0,0.2933,0.5297,low,machine age
2023-05-22,LDR-01,loader,4,7.2411,0.0,0.1446,0.0,0.1067,0.2513,low,recent downtime
2023-05-22,LDR-02,loader,9,12.3125,0.0,0.2459,0.0,0.24,0.4859,low,recent downtime
2023-05-22,LDR-03,loader,13,15.6964,1.0,0.3134,0.1,0.3467,0.7601,medium,machine age
2023-05-29,DMP-01,dumper,3,8.6964,0.0,0.1736,0.0,0.08,0.2536,low,recent downtime
2023-05-29,DMP-02,dumper,8,7.6696,1.0,0.1531,0.1,0.2133,0.4665,low,machine age
2023-05-29,DMP-03,dumper,12,7.4732,0.0,0.1492,0.0,0.32,0.4692,low,machine age
2023-05-29,DRL-01,drill,6,9.375,0.0,0.1872,0.0,0.16,0.3472,low,recent downtime
2023-05-29,DRL-02,drill,11,11.3571,0.0,0.2268,0.0,0.2933,0.5201,low,machine age
2023-05-29,LDR-01,loader,4,7.4821,0.0,0.1494,0.0,0.1067,0.2561,low,recent downtime
2023-05-29,LDR-02,loader,9,11.0357,0.0,0.2204,0.0,0.24,0.4604,low,machine age
2023-05-29,LDR-03,loader,13,14.7054,1.0,0.2936,0.1,0.3467,0.7403,medium,machine age
2023-06-05,DMP-01,dumper,3,8.4196,0.0,0.1681,0.0,0.08,0.2481,low,recent downtime
2023-06-05,DMP-02,dumper,8,7.6964,1.0,0.1537,0.1,0.2133,0.467,low,machine age
2023-06-05,DMP-03,dumper,12,6.8304,0.0,0.1364,0.0,0.32,0.4564,low,machine age
2023-06-05,DRL-01,drill,6,10.3571,0.0,0.2068,0.0,0.16,0.3668,low,recent downtime
2023-06-05,DRL-02,drill,11,11.6161,0.0,0.2319,0.0,0.2933,0.5253,low,machine age
2023-06-05,LDR-01,loader,4,7.0893,0.0,0.1416,0.0,0.1067,0.2482,low,recent downtime
2023-06-05,LDR-02,loader,9,10.0089,0.0,0.1999,0.0,0.24,0.4399,low,machine age
2023-06-05,LDR-03,loader,13,14.9821,1.0,0.2992,0.1,0.3467,0.7458,medium,machine age
2023-06-12,DMP-01,dumper,3,13.6161,1.0,0.2719,0.1,0.08,0.4519,low,recent downtime
2023-06-12,DMP-02,dumper,8,7.9554,1.0,0.1589,0.1,0.2133,0.4722,low,machine age
2023-06-12,DMP-03,dumper,12,8.5268,0.0,0.1703,0.0,0.32,0.4903,low,machine age
2023-06-12,DRL-01,drill,6,10.4107,0.0,0.2079,0.0,0.16,0.3679,low,recent downtime
2023-06-12,DRL-02,drill,11,13.4554,0.0,0.2687,0.0,0.2933,0.562,low,machine age
2023-06-12,LDR-01,loader,4,7.0804,0.0,0.1414,0.0,0.1067,0.248,low,recent downtime
2023-06-12,LDR-02,loader,9,11.6875,0.0,0.2334,0.0,0.24,0.4734,low,machine age
2023-06-12,LDR-03,loader,13,20.4018,2.0,0.4,0.2,0.3467,0.9467,high,recent downtime
2023-06-19,DMP-01,dumper,3,13.8839,1.0,0.2772,0.1,0.08,0.4572,low,recent downtime
2023-06-19,DMP-02,dumper,8,8.3661,1.0,0.1671,0.1,0.2133,0.4804,low,machine age
2023-06-19,DMP-03,dumper,12,9.1518,0.0,0.1827,0.0,0.32,0.5027,low,machine age
2023-06-19,DRL-01,drill,6,10.9107,0.0,0.2179,0.0,0.16,0.3779,low,recent downtime
2023-06-19,DRL-02,drill,11,14.0089,0.0,0.2797,0.0,0.2933,0.5731,low,machine age
2023-06-19,LDR-01,loader,4,7.9286,0.0,0.1583,0.0,0.1067,0.265,low,recent downtime
2023-06-19,LDR-02,loader,9,12.4643,0.0,0.2489,0.0,0.24,0.4889,low,recent downtime
2023-06-19,LDR-03,loader,13,21.3571,2.0,0.4,0.2,0.3467,0.9467,high,recent downtime
2023-06-26,DMP-01,dumper,3,14.4375,1.0,0.2883,0.1,0.08,0.4683,low,recent downtime
2023-06-26,DMP-02,dumper,8,10.3839,1.0,0.2073,0.1,0.2133,0.5207,low,machine age
2023-06-26,DMP-03,dumper,12,10.25,0.0,0.2047,0.0,0.32,0.5247,low,machine age
2023-06-26,DRL-01,drill,6,11.7679,0.0,0.235,0.0,0.16,0.395,low,recent downtime
2023-06-26,DRL-02,drill,11,14.6786,0.0,0.2931,0.0,0.2933,0.5864,low,machine age
2023-06-26,LDR-01,loader,4,9.0268,0.0,0.1802,0.0,0.1067,0.2869,low,recent downtime
2023-06-26,LDR-02,loader,9,13.2321,0.0,0.2642,0.0,0.24,0.5042,low,recent downtime
2023-06-26,LDR-03,loader,13,18.7232,1.0,0.3739,0.1,0.3467,0.8205,high,recent downtime
2023-07-03,DMP-01,dumper,3,14.8304,1.0,0.2961,0.1,0.08,0.4761,low,recent downtime
2023-07-03,DMP-02,dumper,8,9.3571,0.0,0.1868,0.0,0.2133,0.4002,low,machine age
2023-07-03,DMP-03,dumper,12,11.9821,0.0,0.2393,0.0,0.32,0.5593,low,machine age
2023-07-03,DRL-01,drill,6,12.6429,0.0,0.2525,0.0,0.16,0.4125,low,recent downtime
2023-07-03,DRL-02,drill,11,16.4286,0.0,0.328,0.0,0.2933,0.6214,medium,recent downtime
2023-07-03,LDR-01,loader,4,10.1339,0.0,0.2024,0.0,0.1067,0.309,low,recent downtime
2023-07-03,LDR-02,loader,9,15.9464,0.0,0.3184,0.0,0.24,0.5584,low,recent downtime
2023-07-03,LDR-03,loader,13,19.9643,2.0,0.3986,0.2,0.3467,0.9453,high,recent downtime
2023-07-10,DMP-01,dumper,3,15.7411,1.0,0.3143,0.1,0.08,0.4943,low,recent downtime
2023-07-10,DMP-02,dumper,8,10.7679,0.0,0.215,0.0,0.2133,0.4283,low,recent downtime
2023-07-10,DMP-03,dumper,12,13.5714,0.0,0.271,0.0,0.32,0.591,low,machine age
2023-07-10,DRL-01,drill,6,13.8571,0.0,0.2767,0.0,0.16,0.4367,low,recent downtime
2023-07-10,DRL-02,drill,11,16.7679,0.0,0.3348,0.0,0.2933,0.6282,medium,recent downtime
2023-07-10,LDR-01,loader,4,10.0536,0.0,0.2007,0.0,0.1067,0.3074,low,recent downtime
2023-07-10,LDR-02,loader,9,17.0625,0.0,0.3407,0.0,0.24,0.5807,low,recent downtime
2023-07-10,LDR-03,loader,13,21.3036,2.0,0.4,0.2,0.3467,0.9467,high,recent downtime
2023-07-17,DMP-01,dumper,3,16.6518,1.0,0.3325,0.1,0.08,0.5125,low,recent downtime
2023-07-17,DMP-02,dumper,8,11.7232,0.0,0.2341,0.0,0.2133,0.4474,low,recent downtime
2023-07-17,DMP-03,dumper,12,16.1964,0.0,0.3234,0.0,0.32,0.6434,medium,recent downtime
2023-07-17,DRL-01,drill,6,15.0714,0.0,0.3009,0.0,0.16,0.4609,low,recent downtime
2023-07-17,DRL-02,drill,11,16.5179,0.0,0.3298,0.0,0.2933,0.6232,medium,recent downtime
2023-07-17,LDR-01,loader,4,11.2857,0.0,0.2254,0.0,0.1067,0.332,low,recent downtime
2023-07-17,LDR-02,loader,9,17.4107,0.0,0.3477,0.0,0.24,0.5877,low,recent downtime
2023-07-17,LDR-03,loader,13,22.9911,2.0,0.4,0.2,0.3467,0.9467,high,recent downtime
2023-07-24,DMP-01,dumper,3,17.5446,1.0,0.3503,0.1,0.08,0.5303,low,recent downtime
2023-07-24,DMP-02,dumper,8,12.0179,0.0,0.24,0.0,0.2133,0.4533,low,recent downtime
2023-07-24,DMP-03,dumper,12,16.9643,0.0,0.3387,0.0,0.32,0.6587,medium,recent downtime
2023-07-24,DRL-01,drill,6,14.7679,0.0,0.2949,0.0,0.16,0.4549,low,recent downtime
2023-07-24,DRL-02,drill,11,17.2857,0.0,0.3452,0.0,0.2933,0.6385,medium,recent downtime
2023-07-24,LDR-01,loader,4,18.3393,1.0,0.3662,0.1,0.1067,0.5729,low,recent downtime
2023-07-24,LDR-02,loader,9,18.7054,0.0,0.3735,0.0,0.24,0.6135,medium,recent downtime
2023-07-24,LDR-03,loader,13,23.6339,2.0,0.4,0.2,0.3467,0.9467,high,recent downtime
2023-07-31,DMP-01,dumper,3,17.4464,1.0,0.3484,0.1,0.08,0.5284,low,recent downtime
2023-07-31,DMP-02,dumper,8,17.8214,1.0,0.3559,0.1,0.2133,0.6692,medium,recent downtime
2023-07-31,DMP-03,dumper,12,18.9018,0.0,0.3774,0.0,0.32,0.6974,medium,recent downtime
2023-07-31,DRL-01,drill,6,15.7411,0.0,0.3143,0.0,0.16,0.4743,low,recent downtime
2023-07-31,DRL-02,drill,11,18.8304,0.0,0.376,0.0,0.2933,0.6693,medium,recent downtime
2023-07-31,LDR-01,loader,4,19.1786,1.0,0.383,0.1,0.1067,0.5896,low,recent downtime
2023-07-31,LDR-02,loader,9,20.5804,0.0,0.4,0.0,0.24,0.64,medium,recent downtime
2023-07-31,LDR-03,loader,13,26.2679,2.0,0.4,0.2,0.3467,0.9467,high,recent downtime
2023-08-07,DMP-01,dumper,3,14.1071,0.0,0.2817,0.0,0.08,0.3617,low,recent downtime
2023-08-07,DMP-02,dumper,8,18.3661,1.0,0.3667,0.1,0.2133,0.6801,medium,recent downtime
2023-08-07,DMP-03,dumper,12,22.7589,1.0,0.4,0.1,0.32,0.82,high,recent downtime
2023-08-07,DRL-01,drill,6,16.1964,0.0,0.3234,0.0,0.16,0.4834,low,recent downtime
2023-08-07,DRL-02,drill,11,17.875,0.0,0.3569,0.0,0.2933,0.6503,medium,recent downtime
2023-08-07,LDR-01,loader,4,20.8125,1.0,0.4,0.1,0.1067,0.6067,medium,recent downtime
2023-08-07,LDR-02,loader,9,20.0089,0.0,0.3995,0.0,0.24,0.6395,medium,recent downtime
2023-08-07,LDR-03,loader,13,21.3929,1.0,0.4,0.1,0.3467,0.8467,high,recent downtime
2023-08-14,DMP-01,dumper,3,14.4375,0.0,0.2883,0.0,0.08,0.3683,low,recent downtime
2023-08-14,DMP-02,dumper,8,19.2321,1.0,0.384,0.1,0.2133,0.6974,medium,recent downtime
2023-08-14,DMP-03,dumper,12,22.4732,1.0,0.4,0.1,0.32,0.82,high,recent downtime
2023-08-14,DRL-01,drill,6,16.1696,0.0,0.3229,0.0,0.16,0.4829,low,recent downtime
2023-08-14,DRL-02,drill,11,17.8036,0.0,0.3555,0.0,0.2933,0.6488,medium,recent downtime
2023-08-14,LDR-01,loader,4,20.0,1.0,0.3994,0.1,0.1067,0.606,medium,recent downtime
2023-08-14,LDR-02,loader,9,19.3393,0.0,0.3862,0.0,0.24,0.6262,medium,recent downtime
2023-08-14,LDR-03,loader,13,21.2321,1.0,0.4,0.1,0.3467,0.8467,high,recent downtime
2023-08-21,DMP-01,dumper,3,14.0804,0.0,0.2812,0.0,0.08,0.3612,low,recent downtime
2023-08-21,DMP-02,dumper,8,18.9464,1.0,0.3783,0.1,0.2133,0.6917,medium,recent downtime
2023-08-21,DMP-03,dumper,12,22.3125,1.0,0.4,0.1,0.32,0.82,high,recent downtime
2023-08-21,DRL-01,drill,6,16.9375,0.0,0.3382,0.0,0.16,0.4982,low,recent downtime
2023-08-21,DRL-02,drill,11,16.4554,0.0,0.3286,0.0,0.2933,0.6219,medium,recent downtime
2023-08-21,LDR-01,loader,4,20.4107,1.0,0.4,0.1,0.1067,0.6067,medium,recent downtime
2023-08-21,LDR-02,loader,9,21.7768,1.0,0.4,0.1,0.24,0.74,medium,recent downtime
2023-08-21,LDR-03,loader,13,20.4196,1.0,0.4,0.1,0.3467,0.8467,high,recent downtime
2023-08-28,DMP-01,dumper,3,15.3839,0.0,0.3072,0.0,0.08,0.3872,low,recent downtime
2023-08-28,DMP-02,dumper,8,17.8304,1.0,0.356,0.1,0.2133,0.6694,medium,recent downtime
2023-08-28,DMP-03,dumper,12,20.4732,1.0,0.4,0.1,0.32,0.82,high,recent downtime
2023-08-28,DRL-01,drill,6,15.1161,0.0,0.3018,0.0,0.16,0.4618,low,recent downtime
2023-08-28,DRL-02,drill,11,15.9911,0.0,0.3193,0.0,0.2933,0.6126,medium,recent downtime
2023-08-28,LDR-01,loader,4,20.0179,1.0,0.3997,0.1,0.1067,0.6064,medium,recent downtime
2023-08-28,LDR-02,loader,9,18.1161,1.0,0.3617,0.1,0.24,0.7017,medium,recent downtime
2023-08-28,LDR-03,loader,13,18.2679,0.0,0.3648,0.0,0.3467,0.7114,medium,recent downtime
2023-09-04,DMP-01,dumper,3,14.2321,0.0,0.2842,0.0,0.08,0.3642,low,recent downtime
2023-09-04,DMP-02,dumper,8,17.2679,1.0,0.3448,0.1,0.2133,0.6581,medium,recent downtime
2023-09-04,DMP-03,dumper,12,20.0268,1.0,0.3999,0.1,0.32,0.8199,high,recent downtime
2023-09-04,DRL-01,drill,6,14.5625,0.0,0.2908,0.0,0.16,0.4508,low,recent downtime
2023-09-04,DRL-02,drill,11,16.3839,0.0,0.3272,0.0,0.2933,0.6205,medium,recent downtime
2023-09-04,LDR-01,loader,4,19.8304,1.0,0.396,0.1,0.1067,0.6026,medium,recent downtime
2023-09-04,LDR-02,loader,9,16.2857,1.0,0.3252,0.1,0.24,0.6652,medium,recent downtime
2023-09-04,LDR-03,loader,13,17.6786,0.0,0.353,0.0,0.3467,0.6997,medium,recent downtime
2023-09-11,DMP-01,dumper,3,14.4107,0.0,0.2878,0.0,0.08,0.3678,low,recent downtime
2023-09-11,DMP-02,dumper,8,17.7054,1.0,0.3535,0.1,0.2133,0.6669,medium,recent downtime
2023-09-11,DMP-03,dumper,12,18.5982,1.0,0.3714,0.1,0.32,0.7914,high,recent downtime
2023-09-11,DRL-01,drill,6,15.0446,0.0,0.3004,0.0,0.16,0.4604,low,recent downtime
2023-09-11,DRL-02,drill,11,16.7946,0.0,0.3354,0.0,0.2933,0.6287,medium,recent downtime
2023-09-11,LDR-01,loader,4,19.4018,1.0,0.3874,0.1,0.1067,0.5941,low,recent downtime
2023-09-11,LDR-02,loader,9,22.0714,2.0,0.4,0.2,0.24,0.84,high,recent downtime
2023-09-11,LDR-03,loader,13,17.125,0.0,0.342,0.0,0.3467,0.6886,medium,machine age
2023-09-18,DMP-01,dumper,3,13.2411,0.0,0.2644,0.0,0.08,0.3444,low,recent downtime
2023-09-18,DMP-02,dumper,8,18.3661,1.0,0.3667,0.1,0.2133,0.6801,medium,recent downtime
2023-09-18,DMP-03,dumper,12,18.3304,1.0,0.366,0.1,0.32,0.786,high,recent downtime
2023-09-18,DRL-01,drill,6,16.3839,0.0,0.3272,0.0,0.16,0.4872,low,recent downtime
2023-09-18,DRL-02,drill,11,17.1875,0.0,0.3432,0.0,0.2933,0.6365,medium,recent downtime
2023-09-18,LDR-01,loader,4,13.6875,0.0,0.2733,0.0,0.1067,0.38,low,recent downtime
2023-09-18,LDR-02,loader,9,22.2679,2.0,0.4,0.2,0.24,0.84,high,recent downtime
2023-09-18,LDR-03,loader,13,18.5714,0.0,0.3708,0.0,0.3467,0.7175,medium,recent downtime
2023-09-25,DMP-01,dumper,3,14.0,0.0,0.2796,0.0,0.08,0.3596,low,recent downtime
2023-09-25,DMP-02,dumper,8,13.9107,0.0,0.2778,0.0,0.2133,0.4911,low,recent downtime
2023-09-25,DMP-03,dumper,12,18.5,1.0,0.3694,0.1,0.32,0.7894,high,recent downtime
2023-09-25,DRL-01,drill,6,15.9375,0.0,0.3182,0.0,0.16,0.4782,low,recent downtime
2023-09-25,DRL-02,drill,11,15.8839,0.0,0.3172,0.0,0.2933,0.6105,medium,recent downtime
2023-09-25,LDR-01,loader,4,14.4107,0.0,0.2878,0.0,0.1067,0.3944,low,recent downtime
2023-09-25,LDR-02,loader,9,21.4554,2.0,0.4,0.2,0.24,0.84,high,recent downtime
2023-09-25,LDR-03,loader,13,15.875,0.0,0.317,0.0,0.3467,0.6637,medium,machine age
2023-10-02,DMP-01,dumper,3,12.0357,0.0,0.2403,0.0,0.08,0.3203,low,recent downtime
2023-10-02,DMP-02,dumper,8,13.5089,0.0,0.2697,0.0,0.2133,0.4831,low,recent downtime
2023-10-02,DMP-03,dumper,12,16.8929,1.0,0.3373,0.1,0.32,0.7573,medium,recent downtime
2023-10-02,DRL-01,drill,6,15.5982,0.0,0.3115,0.0,0.16,0.4715,low,recent downtime
2023-10-02,DRL-02,drill,11,15.6875,0.0,0.3132,0.0,0.2933,0.6066,medium,recent downtime
2023-10-02,LDR-01,loader,4,13.0893,0.0,0.2614,0.0,0.1067,0.368,low,recent downtime
2023-10-02,LDR-02,loader,9,20.6518,2.0,0.4,0.2,0.24,0.84,high,recent downtime
2023-10-02,LDR-03,loader,13,14.9643,0.0,0.2988,0.0,0.3467,0.6455,medium,machine age
2023-10-09,DMP-01,dumper,3,12.0446,0.0,0.2405,0.0,0.08,0.3205,low,recent downtime
2023-10-09,DMP-02,dumper,8,16.6339,1.0,0.3321,0.1,0.2133,0.6455,medium,recent downtime
2023-10-09,DMP-03,dumper,12,17.5446,1.0,0.3503,0.1,0.32,0.7703,medium,recent downtime
2023-10-09,DRL-01,drill,6,14.9643,0.0,0.2988,0.0,0.16,0.4588,low,recent downtime
2023-10-09,DRL-02,drill,11,17.4554,0.0,0.3485,0.0,0.2933,0.6419,medium,recent downtime
2023-10-09,LDR-01,loader,4,12.8125,0.0,0.2558,0.0,0.1067,0.3625,low,recent downtime
2023-10-09,LDR-02,loader,9,19.1786,2.0,0.383,0.2,0.24,0.823,high,recent downtime
2023-10-09,LDR-03,loader,13,14.2679,0.0,0.2849,0.0,0.3467,0.6316,medium,machine age
2023-10-16,DMP-01,dumper,3,12.6161,0.0,0.2519,0.0,0.08,0.3319,low,recent downtime
2023-10-16,DMP-02,dumper,8,15.0625,1.0,0.3008,0.1,0.2133,0.6141,medium,recent downtime
2023-10-16,DMP-03,dumper,12,17.0179,1.0,0.3398,0.1,0.32,0.7598,medium,recent downtime
2023-10-16,DRL-01,drill,6,13.0982,0.0,0.2615,0.0,0.16,0.4215,low,recent downtime
2023-10-16,DRL-02,drill,11,19.5804,0.0,0.391,0.0,0.2933,0.6843,medium,recent downtime
2023-10-16,LDR-01,loader,4,11.2857,0.0,0.2254,0.0,0.1067,0.332,low,recent downtime
2023-10-16,LDR-02,loader,9,15.5893,1.0,0.3113,0.1,0.24,0.6513,medium,recent downtime
2023-10-16,LDR-03,loader,13,17.5982,1.0,0.3514,0.1,0.3467,0.7981,high,recent downtime
2023-10-23,DMP-01,dumper,3,10.25,0.0,0.2047,0.0,0.08,0.2847,low,recent downtime
2023-10-23,DMP-02,dumper,8,14.8661,1.0,0.2968,0.1,0.2133,0.6102,medium,recent downtime
2023-10-23,DMP-03,dumper,12,22.2857,2.0,0.4,0.2,0.32,0.92,high,recent downtime
2023-10-23,DRL-01,drill,6,17.9196,1.0,0.3578,0.1,0.16,0.6178,medium,recent downtime
2023-10-23,DRL-02,drill,11,20.9643,0.0,0.4,0.0,0.2933,0.6933,medium,recent downtime
2023-10-23,LDR-01,loader,4,11.7679,0.0,0.235,0.0,0.1067,0.3416,low,recent downtime
2023-10-23,LDR-02,loader,9,15.1696,1.0,0.3029,0.1,0.24,0.6429,medium,recent downtime
2023-10-23,LDR-03,loader,13,16.7321,1.0,0.3341,0.1,0.3467,0.7808,high,machine age
2023-10-30,DMP-01,dumper,3,13.5625,1.0,0.2708,0.1,0.08,0.4508,low,recent downtime
2023-10-30,DMP-02,dumper,8,13.7679,1.0,0.2749,0.1,0.2133,0.5882,low,recent downtime
2023-10-30,DMP-03,dumper,12,21.4375,2.0,0.4,0.2,0.32,0.92,high,recent downtime
2023-10-30,DRL-01,drill,6,18.1696,1.0,0.3628,0.1,0.16,0.6228,medium,recent downtime
2023-10-30,DRL-02,drill,11,24.3839,1.0,0.4,0.1,0.2933,0.7933,high,recent downtime
2023-10-30,LDR-01,loader,4,12.0893,0.0,0.2414,0.0,0.1067,0.3481,low,recent downtime
2023-10-30,LDR-02,loader,9,20.2679,2.0,0.4,0.2,0.24,0.84,high,recent downtime
2023-10-30,LDR-03,loader,13,16.1518,1.0,0.3225,0.1,0.3467,0.7692,medium,machine age
2023-11-06,DMP-01,dumper,3,12.6339,1.0,0.2523,0.1,0.08,0.4323,low,recent downtime
2023-11-06,DMP-02,dumper,8,12.5089,1.0,0.2498,0.1,0.2133,0.5631,low,recent downtime
2023-11-06,DMP-03,dumper,12,19.9464,2.0,0.3983,0.2,0.32,0.9183,high,recent downtime
2023-11-06,DRL-01,drill,6,17.2946,1.0,0.3453,0.1,0.16,0.6053,medium,recent downtime
2023-11-06,DRL-02,drill,11,27.1429,1.0,0.4,0.1,0.2933,0.7933,high,recent downtime
2023-11-06,LDR-01,loader,4,12.0982,0.0,0.2416,0.0,0.1067,0.3482,low,recent downtime
2023-11-06,LDR-02,loader,9,13.8571,1.0,0.2767,0.1,0.24,0.6167,medium,recent downtime
2023-11-06,LDR-03,loader,13,15.8304,1.0,0.3161,0.1,0.3467,0.7628,medium,machine age
2023-11-13,DMP-01,dumper,3,12.6161,1.0,0.2519,0.1,0.08,0.4319,low,recent downtime
2023-11-13,DMP-02,dumper,8,12.1339,1.0,0.2423,0.1,0.2133,0.5556,low,recent downtime
2023-11-13,DMP-03,dumper,12,19.2321,2.0,0.384,0.2,0.32,0.904,high,recent downtime
2023-11-13,DRL-01,drill,6,15.7768,1.0,0.315,0.1,0.16,0.575,low,recent downtime
2023-11-13,DRL-02,drill,11,25.9107,1.0,0.4,0.1,0.2933,0.7933,high,recent downtime
2023-11-13,LDR-01,loader,4,11.4018,0.0,0.2277,0.0,0.1067,0.3343,low,recent downtime
2023-11-13,LDR-02,loader,9,12.9911,1.0,0.2594,0.1,0.24,0.5994,low,recent downtime
2023-11-13,LDR-03,loader,13,14.3304,1.0,0.2861,0.1,0.3467,0.7328,medium,machine age
2023-11-20,DMP-01,dumper,3,11.3304,1.0,0.2262,0.1,0.08,0.4062,low,recent downtime
2023-11-20,DMP-02,dumper,8,11.2679,1.0,0.225,0.1,0.2133,0.5383,low,recent downtime
2023-11-20,DMP-03,dumper,12,17.7143,2.0,0.3537,0.2,0.32,0.8737,high,recent downtime
2023-11-20,DRL-01,drill,6,13.75,1.0,0.2746,0.1,0.16,0.5346,low,recent downtime
2023-11-20,DRL-02,drill,11,25.0982,1.0,0.4,0.1,0.2933,0.7933,high,recent downtime
2023-11-20,LDR-01,loader,4,9.7411,0.0,0.1945,0.0,0.1067,0.3012,low,recent downtime
2023-11-20,LDR-02,loader,9,11.3571,1.0,0.2268,0.1,0.24,0.5668,low,machine age
2023-11-20,LDR-03,loader,13,13.7411,1.0,0.2744,0.1,0.3467,0.721,medium,machine age
2023-11-27,DMP-01,dumper,3,11.4911,1.0,0.2295,0.1,0.08,0.4095,low,recent downtime
2023-11-27,DMP-02,dumper,8,11.4732,1.0,0.2291,0.1,0.2133,0.5424,low,recent downtime
2023-11-27,DMP-03,dumper,12,14.0893,1.0,0.2813,0.1,0.32,0.7013,medium,machine age
2023-11-27,DRL-01,drill,6,12.5893,1.0,0.2514,0.1,0.16,0.5114,low,recent downtime
2023-11-27,DRL-02,drill,11,25.8929,1.0,0.4,0.1,0.2933,0.7933,high,recent downtime
2023-11-27,LDR-01,loader,4,10.1071,0.0,0.2018,0.0,0.1067,0.3085,low,recent downtime
2023-11-27,LDR-02,loader,9,12.1071,1.0,0.2418,0.1,0.24,0.5818,low,recent downtime
2023-11-27,LDR-03,loader,13,12.9911,1.0,0.2594,0.1,0.3467,0.7061,medium,machine age
2023-12-04,DMP-01,dumper,3,12.1339,1.0,0.2423,0.1,0.08,0.4223,low,recent downtime
2023-12-04,DMP-02,dumper,8,8.0179,0.0,0.1601,0.0,0.2133,0.3734,low,machine age
2023-12-04,DMP-03,dumper,12,12.8036,1.0,0.2557,0.1,0.32,0.6757,medium,machine age
2023-12-04,DRL-01,drill,6,13.1607,1.0,0.2628,0.1,0.16,0.5228,low,recent downtime
2023-12-04,DRL-02,drill,11,27.1696,2.0,0.4,0.2,0.2933,0.8933,high,recent downtime
2023-12-04,LDR-01,loader,4,11.1786,0.0,0.2232,0.0,0.1067,0.3299,low,recent downtime
2023-12-04,LDR-02,loader,9,12.0446,1.0,0.2405,0.1,0.24,0.5805,low,recent downtime
2023-12-04,LDR-03,loader,13,14.1429,1.0,0.2824,0.1,0.3467,0.7291,medium,machine age
2023-12-11,DMP-01,dumper,3,11.6429,1.0,0.2325,0.1,0.08,0.4125,low,recent downtime
2023-12-11,DMP-02,dumper,8,9.0,0.0,0.1797,0.0,0.2133,0.393,low,machine age
2023-12-11,DMP-03,dumper,12,13.5268,1.0,0.2701,0.1,0.32,0.6901,medium,machine age
2023-12-11,DRL-01,drill,6,13.6339,1.0,0.2722,0.1,0.16,0.5322,low,recent downtime
2023-12-11,DRL-02,drill,11,31.7232,3.0,0.4,0.2,0.2933,0.8933,high,recent downtime
2023-12-11,LDR-01,loader,4,11.7679,0.0,0.235,0.0,0.1067,0.3416,low,recent downtime
2023-12-11,LDR-02,loader,9,12.1339,1.0,0.2423,0.1,0.24,0.5823,low,recent downtime
2023-12-11,LDR-03,loader,13,10.5982,0.0,0.2116,0.0,0.3467,0.5583,low,machine age
2023-12-18,DMP-01,dumper,3,12.2054,1.0,0.2437,0.1,0.08,0.4237,low,recent downtime
2023-12-18,DMP-02,dumper,8,9.75,0.0,0.1947,0.0,0.2133,0.408,low,machine age
2023-12-18,DMP-03,dumper,12,8.4464,0.0,0.1687,0.0,0.32,0.4887,low,machine age
2023-12-18,DRL-01,drill,6,9.0089,0.0,0.1799,0.0,0.16,0.3399,low,recent downtime
2023-12-18,DRL-02,drill,11,29.3839,3.0,0.4,0.2,0.2933,0.8933,high,recent downtime
2023-12-18,LDR-01,loader,4,10.9554,0.0,0.2188,0.0,0.1067,0.3254,low,recent downtime
2023-12-18,LDR-02,loader,9,17.0625,2.0,0.3407,0.2,0.24,0.7807,high,recent downtime
2023-12-18,LDR-03,loader,13,10.1607,0.0,0.2029,0.0,0.3467,0.5496,low,machine age
2023-12-25,DMP-01,dumper,3,9.625,0.0,0.1922,0.0,0.08,0.2722,low,recent downtime
2023-12-25,DMP-02,dumper,8,9.6071,0.0,0.1918,0.0,0.2133,0.4052,low,machine age
2023-12-25,DMP-03,dumper,12,8.6429,0.0,0.1726,0.0,0.32,0.4926,low,machine age
2023-12-25,DRL-01,drill,6,8.1696,0.0,0.1631,0.0,0.16,0.3231,low,recent downtime
2023-12-25,DRL-02,drill,11,24.3036,2.0,0.4,0.2,0.2933,0.8933,high,recent downtime
2023-12-25,LDR-01,loader,4,10.5536,0.0,0.2107,0.0,0.1067,0.3174,low,recent downtime
2023-12-25,LDR-02,loader,9,13.0089,1.0,0.2598,0.1,0.24,0.5998,low,recent downtime
2023-12-25,LDR-03,loader,13,9.8929,0.0,0.1975,0.0,0.3467,0.5442,low,machine age
2024-01-01,DMP-01,dumper,3,10.0446,0.0,0.2006,0.0,0.08,0.2806,low,recent downtime
2024-01-01,DMP-02,dumper,8,10.1518,0.0,0.2027,0.0,0.2133,0.416,low,machine age
2024-01-01,DMP-03,dumper,12,9.7321,0.0,0.1943,0.0,0.32,0.5143,low,machine age
2024-01-01,DRL-01,drill,6,7.2321,0.0,0.1444,0.0,0.16,0.3044,low,machine age
2024-01-01,DRL-02,drill,11,24.3036,3.0,0.4,0.2,0.2933,0.8933,high,recent downtime
2024-01-01,LDR-01,loader,4,9.3571,0.0,0.1868,0.0,0.1067,0.2935,low,recent downtime
2024-01-01,LDR-02,loader,9,12.9286,1.0,0.2582,0.1,0.24,0.5982,low,recent downtime
2024-01-01,LDR-03,loader,13,9.7411,0.0,0.1945,0.0,0.3467,0.5412,low,machine age
2024-01-08,DMP-01,dumper,3,9.4911,0.0,0.1895,0.0,0.08,0.2695,low,recent downtime
2024-01-08,DMP-02,dumper,8,9.7589,0.0,0.1949,0.0,0.2133,0.4082,low,machine age
2024-01-08,DMP-03,dumper,12,9.5446,0.0,0.1906,0.0,0.32,0.5106,low,machine age
2024-01-08,DRL-01,drill,6,8.1339,0.0,0.1624,0.0,0.16,0.3224,low,recent downtime
2024-01-08,DRL-02,drill,11,24.0357,3.0,0.4,0.2,0.2933,0.8933,high,recent downtime
2024-01-08,LDR-01,loader,4,8.2143,0.0,0.164,0.0,0.1067,0.2707,low,recent downtime
2024-01-08,LDR-02,loader,9,13.1875,1.0,0.2633,0.1,0.24,0.6033,medium,recent downtime
2024-01-08,LDR-03,loader,13,8.8125,0.0,0.176,0.0,0.3467,0.5226,low,machine age
2024-01-15,DMP-01,dumper,3,9.125,0.0,0.1822,0.0,0.08,0.2622,low,recent downtime
2024-01-15,DMP-02,dumper,8,9.2589,0.0,0.1849,0.0,0.2133,0.3982,low,machine age
2024-01-15,DMP-03,dumper,12,8.7679,0.0,0.1751,0.0,0.32,0.4951,low,machine age
2024-01-15,DRL-01,drill,6,9.2232,0.0,0.1842,0.0,0.16,0.3442,low,recent downtime
2024-01-15,DRL-02,drill,11,23.9018,3.0,0.4,0.2,0.2933,0.8933,high,recent downtime
2024-01-15,LDR-01,loader,4,8.5089,0.0,0.1699,0.0,0.1067,0.2766,low,recent downtime
2024-01-15,LDR-02,loader,9,12.8571,1.0,0.2567,0.1,0.24,0.5967,low,recent downtime
2024-01-15,LDR-03,loader,13,9.5804,0.0,0.1913,0.0,0.3467,0.538,low,machine age
2024-01-22,DMP-01,dumper,3,8.7857,0.0,0.1754,0.0,0.08,0.2554,low,recent downtime
2024-01-22,DMP-02,dumper,8,9.4911,0.0,0.1895,0.0,0.2133,0.4029,low,machine age
2024-01-22,DMP-03,dumper,12,9.7589,0.0,0.1949,0.0,0.32,0.5149,low,machine age
2024-01-22,DRL-01,drill,6,9.4464,0.0,0.1886,0.0,0.16,0.3486,low,recent downtime
2024-01-22,DRL-02,drill,11,23.2946,3.0,0.4,0.2,0.2933,0.8933,high,recent downtime
2024-01-22,LDR-01,loader,4,8.3571,0.0,0.1669,0.0,0.1067,0.2735,low,recent downtime
2024-01-22,LDR-02,loader,9,13.7946,1.0,0.2755,0.1,0.24,0.6155,medium,recent downtime
2024-01-22,LDR-03,loader,13,9.4464,0.0,0.1886,0.0,0.3467,0.5353,low,machine age
2024-01-29,DMP-01,dumper,3,7.8304,0.0,0.1564,0.0,0.08,0.2364,low,recent downtime
2024-01-29,DMP-02,dumper,8,9.5893,0.0,0.1915,0.0,0.2133,0.4048,low,machine age
2024-01-29,DMP-03,dumper,12,10.5357,0.0,0.2104,0.0,0.32,0.5304,low,machine age
2024-01-29,DRL-01,drill,6,9.1161,0.0,0.182,0.0,0.16,0.342,low,recent downtime
2024-01-29,DRL-02,drill,11,20.7679,2.0,0.4,0.2,0.2933,0.8933,high,recent downtime
2024-01-29,LDR-01,loader,4,7.3661,0.0,0.1471,0.0,0.1067,0.2538,low,recent downtime
2024-01-29,LDR-02,loader,9,14.6161,1.0,0.2919,0.1,0.24,0.6319,medium,recent downtime
2024-01-29,LDR-03,loader,13,8.3214,0.0,0.1662,0.0,0.3467,0.5128,low,machine age
2024-02-05,DMP-01,dumper,3,7.5982,0.0,0.1517,0.0,0.08,0.2317,low,recent downtime
2024-02-05,DMP-02,dumper,8,8.6339,0.0,0.1724,0.0,0.2133,0.3857,low,machine age
2024-02-05,DMP-03,dumper,12,9.9375,0.0,0.1984,0.0,0.32,0.5184,low,machine age
2024-02-05,DRL-01,drill,6,9.4196,0.0,0.1881,0.0,0.16,0.3481,low,recent downtime
2024-02-05,DRL-02,drill,11,17.5446,2.0,0.3503,0.2,0.2933,0.8437,high,recent downtime
2024-02-05,LDR-01,loader,4,7.0536,0.0,0.1408,0.0,0.1067,0.2475,low,recent downtime
2024-02-05,LDR-02,loader,9,16.7054,1.0,0.3336,0.1,0.24,0.6736,medium,recent downtime
2024-02-05,LDR-03,loader,13,7.5357,0.0,0.1505,0.0,0.3467,0.4971,low,machine age
2024-02-12,DMP-01,dumper,3,7.3304,0.0,0.1464,0.0,0.08,0.2264,low,recent downtime
2024-02-12,DMP-02,dumper,8,8.7232,0.0,0.1742,0.0,0.2133,0.3875,low,machine age
2024-02-12,DMP-03,dumper,12,10.2857,0.0,0.2054,0.0,0.32,0.5254,low,machine age
2024-02-12,DRL-01,drill,6,14.3571,1.0,0.2867,0.1,0.16,0.5467,low,recent downtime
2024-02-12,DRL-02,drill,11,18.1875,2.0,0.3632,0.2,0.2933,0.8565,high,recent downtime
2024-02-12,LDR-01,loader,4,7.0982,0.0,0.1417,0.0,0.1067,0.2484,low,recent downtime
2024-02-12,LDR-02,loader,9,12.0536,0.0,0.2407,0.0,0.24,0.4807,low,recent downtime
2024-02-12,LDR-03,loader,13,7.9554,0.0,0.1589,0.0,0.3467,0.5055,low,machine age
2024-02-19,DMP-01,dumper,3,7.4107,0.0,0.148,0.0,0.08,0.228,low,recent downtime
2024-02-19,DMP-02,dumper,8,9.5625,0.0,0.1909,0.0,0.2133,0.4043,low,machine age
2024-02-19,DMP-03,dumper,12,11.9643,0.0,0.2389,0.0,0.32,0.5589,low,machine age
2024-02-19,DRL-01,drill,6,14.3482,1.0,0.2865,0.1,0.16,0.5465,low,recent downtime
2024-02-19,DRL-02,drill,11,18.1875,2.0,0.3632,0.2,0.2933,0.8565,high,recent downtime
2024-02-19,LDR-01,loader,4,7.0714,0.0,0.1412,0.0,0.1067,0.2479,low,recent downtime
2024-02-19,LDR-02,loader,9,10.6339,0.0,0.2123,0.0,0.24,0.4523,low,machine age
2024-02-19,LDR-03,loader,13,7.25,0.0,0.1448,0.0,0.3467,0.4914,low,machine age
2024-02-26,DMP-01,dumper,3,6.9196,0.0,0.1382,0.0,0.08,0.2182,low,recent downtime
2024-02-26,DMP-02,dumper,8,8.3571,0.0,0.1669,0.0,0.2133,0.3802,low,machine age
2024-02-26,DMP-03,dumper,12,15.9554,1.0,0.3186,0.1,0.32,0.7386,medium,machine age
2024-02-26,DRL-01,drill,6,15.0179,1.0,0.2999,0.1,0.16,0.5599,low,recent downtime
2024-02-26,DRL-02,drill,11,14.5089,1.0,0.2897,0.1,0.2933,0.683,medium,machine age
2024-02-26,LDR-01,loader,4,7.75,0.0,0.1548,0.0,0.1067,0.2614,low,recent downtime
2024-02-26,LDR-02,loader,9,10.4911,0.0,0.2095,0.0,0.24,0.4495,low,machine age
2024-02-26,LDR-03,loader,13,7.7589,0.0,0.1549,0.0,0.3467,0.5016,low,machine age
2024-03-04,DMP-01,dumper,3,6.8571,0.0,0.1369,0.0,0.08,0.2169,low,recent downtime
2024-03-04,DMP-02,dumper,8,8.0804,0.0,0.1613,0.0,0.2133,0.3747,low,machine age
2024-03-04,DMP-03,dumper,12,15.6607,1.0,0.3127,0.1,0.32,0.7327,medium,machine age
2024-03-04,DRL-01,drill,6,15.0357,1.0,0.3002,0.1,0.16,0.5602,low,recent downtime
2024-03-04,DRL-02,drill,11,14.5982,1.0,0.2915,0.1,0.2933,0.6848,medium,machine age
2024-03-04,LDR-01,loader,4,10.0536,0.0,0.2007,0.0,0.1067,0.3074,low,recent downtime
2024-03-04,LDR-02,loader,9,9.9732,0.0,0.1991,0.0,0.24,0.4391,low,machine age
2024-03-04,LDR-03,loader,13,12.3839,1.0,0.2473,0.1,0.3467,0.6939,medium,machine age
2024-03-11,DMP-01,dumper,3,6.8482,0.0,0.1367,0.0,0.08,0.2167,low,recent downtime
2024-03-11,DMP-02,dumper,8,8.6607,0.0,0.1729,0.0,0.2133,0.3863,low,machine age
2024-03-11,DMP-03,dumper,12,16.0625,1.0,0.3207,0.1,0.32,0.7407,medium,recent downtime
2024-03-11,DRL-01,drill,6,16.0625,1.0,0.3207,0.1,0.16,0.5807,low,recent downtime
2024-03-11,DRL-02,drill,11,14.4554,1.0,0.2886,0.1,0.2933,0.682,medium,machine age
2024-03-11,LDR-01,loader,4,10.1696,0.0,0.2031,0.0,0.1067,0.3097,low,recent downtime
2024-03-11,LDR-02,loader,9,10.3304,0.0,0.2063,0.0,0.24,0.4463,low,machine age
2024-03-11,LDR-03,loader,13,11.8304,1.0,0.2362,0.1,0.3467,0.6829,medium,machine age
2024-03-18,DMP-01,dumper,3,6.8214,0.0,0.1362,0.0,0.08,0.2162,low,recent downtime
2024-03-18,DMP-02,dumper,8,8.4821,0.0,0.1694,0.0,0.2133,0.3827,low,machine age
2024-03-18,DMP-03,dumper,12,16.0982,1.0,0.3214,0.1,0.32,0.7414,medium,recent downtime
2024-03-18,DRL-01,drill,6,16.1786,1.0,0.3231,0.1,0.16,0.5831,low,recent downtime
2024-03-18,DRL-02,drill,11,15.4821,1.0,0.3091,0.1,0.2933,0.7025,medium,recent downtime
2024-03-18,LDR-01,loader,4,11.0536,0.0,0.2207,0.0,0.1067,0.3274,low,recent downtime
2024-03-18,LDR-02,loader,9,10.0268,0.0,0.2002,0.0,0.24,0.4402,low,machine age
2024-03-18,LDR-03,loader,13,13.5714,1.0,0.271,0.1,0.3467,0.7177,medium,machine age
2024-03-25,DMP-01,dumper,3,6.3214,0.0,0.1262,0.0,0.08,0.2062,low,recent downtime
2024-03-25,DMP-02,dumper,8,8.0179,0.0,0.1601,0.0,0.2133,0.3734,low,machine age
2024-03-25,DMP-03,dumper,12,15.3929,1.0,0.3074,0.1,0.32,0.7274,medium,machine age
2024-03-25,DRL-01,drill,6,15.9286,1.0,0.3181,0.1,0.16,0.5781,low,recent downtime
2024-03-25,DRL-02,drill,11,13.7589,1.0,0.2747,0.1,0.2933,0.6681,medium,machine age
2024-03-25,LDR-01,loader,4,16.2857,1.0,0.3252,0.1,0.1067,0.5319,low,recent downtime
2024-03-25,LDR-02,loader,9,10.0446,0.0,0.2006,0.0,0.24,0.4406,low,machine age
2024-03-25,LDR-03,loader,13,14.8661,1.0,0.2968,0.1,0.3467,0.7435,medium,machine age
2024-04-01,DMP-01,dumper,3,6.7143,0.0,0.1341,0.0,0.08,0.2141,low,recent downtime
2024-04-01,DMP-02,dumper,8,8.2054,0.0,0.1638,0.0,0.2133,0.3772,low,machine age
2024-04-01,DMP-03,dumper,12,15.8482,1.0,0.3165,0.1,0.32,0.7365,medium,machine age
2024-04-01,DRL-01,drill,6,16.2232,1.0,0.3239,0.1,0.16,0.5839,low,recent downtime
2024-04-01,DRL-02,drill,11,9.9821,0.0,0.1993,0.0,0.2933,0.4927,low,machine age
2024-04-01,LDR-01,loader,4,16.1339,1.0,0.3222,0.1,0.1067,0.5288,low,recent downtime
2024-04-01,LDR-02,loader,9,7.8393,0.0,0.1565,0.0,0.24,0.3965,low,machine age
2024-04-01,LDR-03,loader,13,15.3393,1.0,0.3063,0.1,0.3467,0.753,medium,machine age
2024-04-08,DMP-01,dumper,3,6.8839,0.0,0.1375,0.0,0.08,0.2175,low,recent downtime
2024-04-08,DMP-02,dumper,8,9.4911,0.0,0.1895,0.0,0.2133,0.4029,low,machine age
2024-04-08,DMP-03,dumper,12,15.2679,1.0,0.3049,0.1,0.32,0.7249,medium,machine age
2024-04-08,DRL-01,drill,6,10.9821,0.0,0.2193,0.0,0.16,0.3793,low,recent downtime
2024-04-08,DRL-02,drill,11,9.875,0.0,0.1972,0.0,0.2933,0.4905,low,machine age
2024-04-08,LDR-01,loader,4,16.3304,1.0,0.3261,0.1,0.1067,0.5327,low,recent downtime
2024-04-08,LDR-02,loader,9,8.4643,0.0,0.169,0.0,0.24,0.409,low,machine age
2024-04-08,LDR-03,loader,13,16.1964,1.0,0.3234,0.1,0.3467,0.7701,medium,machine age
2024-04-15,DMP-01,dumper,3,6.4732,0.0,0.1293,0.0,0.08,0.2093,low,recent downtime
2024-04-15,DMP-02,dumper,8,9.3125,0.0,0.186,0.0,0.2133,0.3993,low,machine age
2024-04-15,DMP-03,dumper,12,13.3839,1.0,0.2672,0.1,0.32,0.6872,medium,machine age
2024-04-15,DRL-01,drill,6,11.9107,0.0,0.2378,0.0,0.16,0.3978,low,recent downtime
2024-04-15,DRL-02,drill,11,9.8304,0.0,0.1963,0.0,0.2933,0.4896,low,machine age
2024-04-15,LDR-01,loader,4,16.2857,1.0,0.3252,0.1,0.1067,0.5319,low,recent downtime
2024-04-15,LDR-02,loader,9,9.0,0.0,0.1797,0.0,0.24,0.4197,low,machine age
2024-04-15,LDR-03,loader,13,16.5982,1.0,0.3314,0.1,0.3467,0.7781,medium,machine age
2024-04-22,DMP-01,dumper,3,6.5714,0.0,0.1312,0.0,0.08,0.2112,low,recent downtime
2024-04-22,DMP-02,dumper,8,9.7589,0.0,0.1949,0.0,0.2133,0.4082,low,machine age
2024-04-22,DMP-03,dumper,12,11.8929,1.0,0.2375,0.1,0.32,0.6575,medium,machine age
2024-04-22,DRL-01,drill,6,13.4732,0.0,0.269,0.0,0.16,0.429,low,recent downtime
2024-04-22,DRL-02,drill,11,9.1964,0.0,0.1836,0.0,0.2933,0.477,low,machine age
2024-04-22,LDR-01,loader,4,15.6964,1.0,0.3134,0.1,0.1067,0.5201,low,recent downtime
2024-04-22,LDR-02,loader,9,9.9911,0.0,0.1995,0.0,0.24,0.4395,low,machine age
2024-04-22,LDR-03,loader,13,15.7143,1.0,0.3138,0.1,0.3467,0.7604,medium,machine age
2024-04-29,DMP-01,dumper,3,6.7679,0.0,0.1351,0.0,0.08,0.2151,low,recent downtime
2024-04-29,DMP-02,dumper,8,10.2232,0.0,0.2041,0.0,0.2133,0.4175,low,machine age
2024-04-29,DMP-03,dumper,12,11.7143,1.0,0.2339,0.1,0.32,0.6539,medium,machine age
2024-04-29,DRL-01,drill,6,13.0893,0.0,0.2614,0.0,0.16,0.4214,low,recent downtime
2024-04-29,DRL-02,drill,11,10.2232,0.0,0.2041,0.0,0.2933,0.4975,low,machine age
2024-04-29,LDR-01,loader,4,14.4732,1.0,0.289,0.1,0.1067,0.4957,low,recent downtime
2024-04-29,LDR-02,loader,9,9.7946,0.0,0.1956,0.0,0.24,0.4356,low,machine age
2024-04-29,LDR-03,loader,13,11.2232,0.0,0.2241,0.0,0.3467,0.5708,low,machine age
2024-05-06,DMP-01,dumper,3,6.9018,0.0,0.1378,0.0,0.08,0.2178,low,recent downtime
2024-05-06,DMP-02,dumper,8,9.8661,0.0,0.197,0.0,0.2133,0.4103,low,machine age
2024-05-06,DMP-03,dumper,12,11.8393,1.0,0.2364,0.1,0.32,0.6564,medium,machine age
2024-05-06,DRL-01,drill,6,10.8482,0.0,0.2166,0.0,0.16,0.3766,low,recent downtime
2024-05-06,DRL-02,drill,11,11.0625,0.0,0.2209,0.0,0.2933,0.5142,low,machine age
2024-05-06,LDR-01,loader,4,14.0982,1.0,0.2815,0.1,0.1067,0.4882,low,recent downtime
2024-05-06,LDR-02,loader,9,10.5446,0.0,0.2106,0.0,0.24,0.4506,low,machine age
2024-05-06,LDR-03,loader,13,11.6964,0.0,0.2336,0.0,0.3467,0.5802,low,machine age
2024-05-13,DMP-01,dumper,3,6.6607,0.0,0.133,0.0,0.08,0.213,low,recent downtime
2024-05-13,DMP-02,dumper,8,9.7589,0.0,0.1949,0.0,0.2133,0.4082,low,machine age
2024-05-13,DMP-03,dumper,12,11.4821,1.0,0.2293,0.1,0.32,0.6493,medium,machine age
2024-05-13,DRL-01,drill,6,10.625,0.0,0.2122,0.0,0.16,0.3722,low,recent downtime
2024-05-13,DRL-02,drill,11,9.7232,0.0,0.1942,0.0,0.2933,0.4875,low,machine age
2024-05-13,LDR-01,loader,4,15.8036,2.0,0.3156,0.2,0.1067,0.6222,medium,recent downtime
2024-05-13,LDR-02,loader,9,9.4732,0.0,0.1892,0.0,0.24,0.4292,low,machine age
2024-05-13,LDR-03,loader,13,11.6161,0.0,0.2319,0.0,0.3467,0.5786,low,machine age
2024-05-20,DMP-01,dumper,3,6.8214,0.0,0.1362,0.0,0.08,0.2162,low,recent downtime
2024-05-20,DMP-02,dumper,8,9.5179,0.0,0.1901,0.0,0.2133,0.4034,low,machine age
2024-05-20,DMP-03,dumper,12,11.1339,1.0,0.2223,0.1,0.32,0.6423,medium,machine age
2024-05-20,DRL-01,drill,6,10.5357,0.0,0.2104,0.0,0.16,0.3704,low,recent downtime
2024-05-20,DRL-02,drill,11,10.4464,0.0,0.2086,0.0,0.2933,0.5019,low,machine age
2024-05-20,LDR-01,loader,4,10.625,1.0,0.2122,0.1,0.1067,0.4188,low,recent downtime
2024-05-20,LDR-02,loader,9,10.1607,0.0,0.2029,0.0,0.24,0.4429,low,machine age
2024-05-20,LDR-03,loader,13,16.8571,1.0,0.3366,0.1,0.3467,0.7833,high,machine age
2024-05-27,DMP-01,dumper,3,7.3661,0.0,0.1471,0.0,0.08,0.2271,low,recent downtime
2024-05-27,DMP-02,dumper,8,10.0804,0.0,0.2013,0.0,0.2133,0.4146,low,machine age
2024-05-27,DMP-03,dumper,12,10.5089,1.0,0.2098,0.1,0.32,0.6298,medium,machine age
2024-05-27,DRL-01,drill,6,10.9375,0.0,0.2184,0.0,0.16,0.3784,low,recent downtime
2024-05-27,DRL-02,drill,11,10.8304,0.0,0.2163,0.0,0.2933,0.5096,low,machine age
2024-05-27,LDR-01,loader,4,10.25,1.0,0.2047,0.1,0.1067,0.4113,low,recent downtime
2024-05-27,LDR-02,loader,9,9.8929,0.0,0.1975,0.0,0.24,0.4375,low,machine age
2024-05-27,LDR-03,loader,13,17.1786,1.0,0.343,0.1,0.3467,0.7897,high,machine age
2024-06-03,DMP-01,dumper,3,7.5446,0.0,0.1507,0.0,0.08,0.2307,low,recent downtime
2024-06-03,DMP-02,dumper,8,7.8571,0.0,0.1569,0.0,0.2133,0.3702,low,machine age
2024-06-03,DMP-03,dumper,12,10.6161,1.0,0.212,0.1,0.32,0.632,medium,machine age
2024-06-03,DRL-01,drill,6,11.375,0.0,0.2271,0.0,0.16,0.3871,low,recent downtime
2024-06-03,DRL-02,drill,11,10.9911,0.0,0.2195,0.0,0.2933,0.5128,low,machine age
2024-06-03,LDR-01,loader,4,9.9107,1.0,0.1979,0.1,0.1067,0.4046,low,recent downtime
2024-06-03,LDR-02,loader,9,8.7143,0.0,0.174,0.0,0.24,0.414,low,machine age
2024-06-03,LDR-03,loader,13,15.9196,1.0,0.3179,0.1,0.3467,0.7645,medium,machine age
2024-06-10,DMP-01,dumper,3,7.2321,0.0,0.1444,0.0,0.08,0.2244,low,recent downtime
2024-06-10,DMP-02,dumper,8,8.4554,0.0,0.1688,0.0,0.2133,0.3822,low,machine age
2024-06-10,DMP-03,dumper,12,11.6429,1.0,0.2325,0.1,0.32,0.6525,medium,machine age
2024-06-10,DRL-01,drill,6,10.2946,0.0,0.2056,0.0,0.16,0.3656,low,recent downtime
2024-06-10,DRL-02,drill,11,10.6786,0.0,0.2132,0.0,0.2933,0.5066,low,machine age
2024-06-10,LDR-01,loader,4,9.7679,1.0,0.195,0.1,0.1067,0.4017,low,recent downtime
2024-06-10,LDR-02,loader,9,8.9018,0.0,0.1778,0.0,0.24,0.4178,low,machine age
2024-06-10,LDR-03,loader,13,15.8929,1.0,0.3173,0.1,0.3467,0.764,medium,machine age
2024-06-17,DMP-01,dumper,3,7.3571,0.0,0.1469,0.0,0.08,0.2269,low,recent downtime
2024-06-17,DMP-02,dumper,8,9.3839,0.0,0.1874,0.0,0.2133,0.4007,low,machine age
2024-06-17,DMP-03,dumper,12,9.8125,0.0,0.1959,0.0,0.32,0.5159,low,machine age
2024-06-17,DRL-01,drill,6,9.0536,0.0,0.1808,0.0,0.16,0.3408,low,recent downtime
2024-06-17,DRL-02,drill,11,12.1161,0.0,0.2419,0.0,0.2933,0.5353,low,machine age
2024-06-17,LDR-01,loader,4,9.9554,1.0,0.1988,0.1,0.1067,0.4055,low,recent downtime
2024-06-17,LDR-02,loader,9,8.5982,0.0,0.1717,0.0,0.24,0.4117,low,machine age
2024-06-17,LDR-03,loader,13,16.1607,1.0,0.3227,0.1,0.3467,0.7694,medium,machine age
2024-06-24,DMP-01,dumper,3,8.4821,0.0,0.1694,0.0,0.08,0.2494,low,recent downtime
2024-06-24,DMP-02,dumper,8,10.7411,0.0,0.2145,0.0,0.2133,0.4278,low,recent downtime
2024-06-24,DMP-03,dumper,12,10.0089,0.0,0.1999,0.0,0.32,0.5199,low,machine age
2024-06-24,DRL-01,drill,6,9.3393,0.0,0.1865,0.0,0.16,0.3465,low,recent downtime
2024-06-24,DRL-02,drill,11,13.1429,0.0,0.2624,0.0,0.2933,0.5558,low,machine age
2024-06-24,LDR-01,loader,4,10.2054,1.0,0.2038,0.1,0.1067,0.4104,low,recent downtime
2024-06-24,LDR-02,loader,9,9.375,0.0,0.1872,0.0,0.24,0.4272,low,machine age
2024-06-24,LDR-03,loader,13,16.5446,1.0,0.3304,0.1,0.3467,0.777,medium,machine age
2024-07-01,DMP-01,dumper,3,9.1875,0.0,0.1835,0.0,0.08,0.2635,low,recent downtime
2024-07-01,DMP-02,dumper,8,16.0089,1.0,0.3197,0.1,0.2133,0.633,medium,recent downtime
2024-07-01,DMP-03,dumper,12,10.5893,0.0,0.2114,0.0,0.32,0.5314,low,machine age
2024-07-01,DRL-01,drill,6,10.5357,0.0,0.2104,0.0,0.16,0.3704,low,recent downtime
2024-07-01,DRL-02,drill,11,15.0804,0.0,0.3011,0.0,0.2933,0.5945,low,recent downtime
2024-07-01,LDR-01,loader,4,11.0268,1.0,0.2202,0.1,0.1067,0.4268,low,recent downtime
2024-07-01,LDR-02,loader,9,10.1696,0.0,0.2031,0.0,0.24,0.4431,low,machine age
2024-07-01,LDR-03,loader,13,16.3304,1.0,0.3261,0.1,0.3467,0.7727,medium,machine age
2024-07-08,DMP-01,dumper,3,10.3125,0.0,0.2059,0.0,0.08,0.2859,low,recent downtime
2024-07-08,DMP-02,dumper,8,15.9732,1.0,0.319,0.1,0.2133,0.6323,medium,recent downtime
2024-07-08,DMP-03,dumper,12,10.9196,0.0,0.218,0.0,0.32,0.538,low,machine age
2024-07-08,DRL-01,drill,6,10.9375,0.0,0.2184,0.0,0.16,0.3784,low,recent downtime
2024-07-08,DRL-02,drill,11,16.7589,0.0,0.3346,0.0,0.2933,0.628,medium,recent downtime
2024-07-08,LDR-01,loader,4,11.7143,1.0,0.2339,0.1,0.1067,0.4406,low,recent downtime
2024-07-08,LDR-02,loader,9,10.6429,0.0,0.2125,0.0,0.24,0.4525,low,machine age
2024-07-08,LDR-03,loader,13,20.9732,2.0,0.4,0.2,0.3467,0.9467,high,recent downtime
2024-07-15,DMP-01,dumper,3,11.25,0.0,0.2246,0.0,0.08,0.3046,low,recent downtime
2024-07-15,DMP-02,dumper,8,17.0,1.0,0.3395,0.1,0.2133,0.6528,medium,recent downtime
2024-07-15,DMP-03,dumper,12,12.5268,0.0,0.2501,0.0,0.32,0.5701,low,machine age
2024-07-15,DRL-01,drill,6,13.7946,0.0,0.2755,0.0,0.16,0.4355,low,recent downtime
2024-07-15,DRL-02,drill,11,17.8661,0.0,0.3567,0.0,0.2933,0.6501,medium,recent downtime
2024-07-15,LDR-01,loader,4,14.1607,1.0,0.2828,0.1,0.1067,0.4894,low,recent downtime
2024-07-15,LDR-02,loader,9,11.0268,0.0,0.2202,0.0,0.24,0.4602,low,machine age
2024-07-15,LDR-03,loader,13,21.375,2.0,0.4,0.2,0.3467,0.9467,high,recent downtime
2024-07-22,DMP-01,dumper,3,13.2679,0.0,0.2649,0.0,0.08,0.3449,low,recent downtime
2024-07-22,DMP-02,dumper,8,18.3125,1.0,0.3657,0.1,0.2133,0.679,medium,recent downtime
2024-07-22,DMP-03,dumper,12,15.9554,1.0,0.3186,0.1,0.32,0.7386,medium,machine age
2024-07-22,DRL-01,drill,6,15.4107,0.0,0.3077,0.0,0.16,0.4677,low,recent downtime
2024-07-22,DRL-02,drill,11,19.3393,0.0,0.3862,0.0,0.2933,0.6795,medium,recent downtime
2024-07-22,LDR-01,loader,4,15.4375,1.0,0.3083,0.1,0.1067,0.5149,low,recent downtime
2024-07-22,LDR-02,loader,9,13.1786,0.0,0.2631,0.0,0.24,0.5031,low,recent downtime
2024-07-22,LDR-03,loader,13,22.6071,2.0,0.4,0.2,0.3467,0.9467,high,recent downtime
2024-07-29,DMP-01,dumper,3,13.7946,0.0,0.2755,0.0,0.08,0.3555,low,recent downtime
2024-07-29,DMP-02,dumper,8,21.5268,1.0,0.4,0.1,0.2133,0.7133,medium,recent downtime
2024-07-29,DMP-03,dumper,12,22.0,2.0,0.4,0.2,0.32,0.92,high,recent downtime
2024-07-29,DRL-01,drill,6,18.0357,0.0,0.3601,0.0,0.16,0.5201,low,recent downtime
2024-07-29,DRL-02,drill,11,20.4286,0.0,0.4,0.0,0.2933,0.6933,medium,recent downtime
2024-07-29,LDR-01,loader,4,16.8036,1.0,0.3355,0.1,0.1067,0.5422,low,recent downtime
2024-07-29,LDR-02,loader,9,19.6161,1.0,0.3917,0.1,0.24,0.7317,medium,recent downtime
2024-07-29,LDR-03,loader,13,25.1696,2.0,0.4,0.2,0.3467,0.9467,high,recent downtime
2024-08-05,DMP-01,dumper,3,14.5446,0.0,0.2904,0.0,0.08,0.3704,low,recent downtime
2024-08-05,DMP-02,dumper,8,21.1875,1.0,0.4,0.1,0.2133,0.7133,medium,recent downtime
2024-08-05,DMP-03,dumper,12,23.0268,2.0,0.4,0.2,0.32,0.92,high,recent downtime
2024-08-05,DRL-01,drill,6,19.2768,0.0,0.3849,0.0,0.16,0.5449,low,recent downtime
2024-08-05,DRL-02,drill,11,22.2232,0.0,0.4,0.0,0.2933,0.6933,medium,recent downtime
2024-08-05,LDR-01,loader,4,17.5893,1.0,0.3512,0.1,0.1067,0.5579,low,recent downtime
2024-08-05,LDR-02,loader,9,20.9375,1.0,0.4,0.1,0.24,0.74,medium,recent downtime
2024-08-05,LDR-03,loader,13,25.8393,2.0,0.4,0.2,0.3467,0.9467,high,recent downtime
2024-08-12,DMP-01,dumper,3,15.125,0.0,0.302,0.0,0.08,0.382,low,recent downtime
2024-08-12,DMP-02,dumper,8,20.9911,1.0,0.4,0.1,0.2133,0.7133,medium,recent downtime
2024-08-12,DMP-03,dumper,12,21.9554,2.0,0.4,0.2,0.32,0.92,high,recent downtime
2024-08-12,DRL-01,drill,6,19.4196,0.0,0.3878,0.0,0.16,0.5478,low,recent downtime
2024-08-12,DRL-02,drill,11,22.0804,0.0,0.4,0.0,0.2933,0.6933,medium,recent downtime
2024-08-12,LDR-01,loader,4,19.6429,1.0,0.3922,0.1,0.1067,0.5989,low,recent downtime
2024-08-12,LDR-02,loader,9,22.5357,1.0,0.4,0.1,0.24,0.74,medium,recent downtime
2024-08-12,LDR-03,loader,13,25.8125,2.0,0.4,0.2,0.3467,0.9467,high,recent downtime
2024-08-19,DMP-01,dumper,3,14.6786,0.0,0.2931,0.0,0.08,0.3731,low,recent downtime
2024-08-19,DMP-02,dumper,8,20.2232,1.0,0.4,0.1,0.2133,0.7133,medium,recent downtime
2024-08-19,DMP-03,dumper,12,22.9375,2.0,0.4,0.2,0.32,0.92,high,recent downtime
2024-08-19,DRL-01,drill,6,19.7857,0.0,0.3951,0.0,0.16,0.5551,low,recent downtime
2024-08-19,DRL-02,drill,11,21.8661,0.0,0.4,0.0,0.2933,0.6933,medium,recent downtime
2024-08-19,LDR-01,loader,4,19.5714,1.0,0.3908,0.1,0.1067,0.5975,low,recent downtime
2024-08-19,LDR-02,loader,9,28.1964,2.0,0.4,0.2,0.24,0.84,high,recent downtime
2024-08-19,LDR-03,loader,13,27.4732,2.0,0.4,0.2,0.3467,0.9467,high,recent downtime
2024-08-26,DMP-01,dumper,3,14.5446,0.0,0.2904,0.0,0.08,0.3704,low,recent downtime
2024-08-26,DMP-02,dumper,8,17.2054,0.0,0.3436,0.0,0.2133,0.5569,low,recent downtime
2024-08-26,DMP-03,dumper,12,23.2143,2.0,0.4,0.2,0.32,0.92,high,recent downtime
2024-08-26,DRL-01,drill,6,19.3839,0.0,0.3871,0.0,0.16,0.5471,low,recent downtime
2024-08-26,DRL-02,drill,11,21.1339,0.0,0.4,0.0,0.2933,0.6933,medium,recent downtime
2024-08-26,LDR-01,loader,4,19.9018,1.0,0.3974,0.1,0.1067,0.6041,medium,recent downtime
2024-08-26,LDR-02,loader,9,27.6429,2.0,0.4,0.2,0.24,0.84,high,recent downtime
2024-08-26,LDR-03,loader,13,32.1607,3.0,0.4,0.2,0.3467,0.9467,high,recent downtime
2024-09-02,DMP-01,dumper,3,14.8839,0.0,0.2972,0.0,0.08,0.3772,low,recent downtime
2024-09-02,DMP-02,dumper,8,18.0089,0.0,0.3596,0.0,0.2133,0.5729,low,recent downtime
2024-09-02,DMP-03,dumper,12,23.6161,2.0,0.4,0.2,0.32,0.92,high,recent downtime
2024-09-02,DRL-01,drill,6,21.5893,0.0,0.4,0.0,0.16,0.56,low,recent downtime
2024-09-02,DRL-02,drill,11,20.25,0.0,0.4,0.0,0.2933,0.6933,medium,recent downtime
2024-09-02,LDR-01,loader,4,16.5268,0.0,0.33,0.0,0.1067,0.4367,low,recent downtime
2024-09-02,LDR-02,loader,9,28.1875,2.0,0.4,0.2,0.24,0.84,high,recent downtime
2024-09-02,LDR-03,loader,13,26.7321,2.0,0.4,0.2,0.3467,0.9467,high,recent downtime
2024-09-09,DMP-01,dumper,3,14.9643,0.0,0.2988,0.0,0.08,0.3788,low,recent downtime
2024-09-09,DMP-02,dumper,8,18.2321,0.0,0.3641,0.0,0.2133,0.5774,low,recent downtime
2024-09-09,DMP-03,dumper,12,23.7321,2.0,0.4,0.2,0.32,0.92,high,recent downtime
2024-09-09,DRL-01,drill,6,19.4286,0.0,0.3879,0.0,0.16,0.5479,low,recent downtime
2024-09-09,DRL-02,drill,11,19.7768,0.0,0.3949,0.0,0.2933,0.6882,medium,recent downtime
2024-09-09,LDR-01,loader,4,15.2946,0.0,0.3054,0.0,0.1067,0.4121,low,recent downtime
2024-09-09,LDR-02,loader,9,29.1429,2.0,0.4,0.2,0.24,0.84,high,recent downtime
2024-09-09,LDR-03,loader,13,21.4375,1.0,0.4,0.1,0.3467,0.8467,high,recent downtime
2024-09-16,DMP-01,dumper,3,12.9643,0.0,0.2589,0.0,0.08,0.3389,low,recent downtime
2024-09-16,DMP-02,dumper,8,16.4107,0.0,0.3277,0.0,0.2133,0.541,low,recent downtime
2024-09-16,DMP-03,dumper,12,22.2589,1.0,0.4,0.1,0.32,0.82,high,recent downtime
2024-09-16,DRL-01,drill,6,18.6607,0.0,0.3726,0.0,0.16,0.5326,low,recent downtime
2024-09-16,DRL-02,drill,11,19.6071,0.0,0.3915,0.0,0.2933,0.6848,medium,recent downtime
2024-09-16,LDR-01,loader,4,14.6429,0.0,0.2924,0.0,0.1067,0.3991,low,recent downtime
2024-09-16,LDR-02,loader,9,28.5357,2.0,0.4,0.2,0.24,0.84,high,recent downtime
2024-09-16,LDR-03,loader,13,20.5357,1.0,0.4,0.1,0.3467,0.8467,high,recent downtime
2024-09-23,DMP-01,dumper,3,12.0804,0.0,0.2412,0.0,0.08,0.3212,low,recent downtime
2024-09-23,DMP-02,dumper,8,13.9464,0.0,0.2785,0.0,0.2133,0.4918,low,recent downtime
2024-09-23,DMP-03,dumper,12,16.8036,0.0,0.3355,0.0,0.32,0.6555,medium,recent downtime
2024-09-23,DRL-01,drill,6,16.3661,0.0,0.3268,0.0,0.16,0.4868,low,recent downtime
2024-09-23,DRL-02,drill,11,22.1161,1.0,0.4,0.1,0.2933,0.7933,high,recent downtime
2024-09-23,LDR-01,loader,4,13.7143,0.0,0.2738,0.0,0.1067,0.3805,low,recent downtime
2024-09-23,LDR-02,loader,9,23.4375,1.0,0.4,0.1,0.24,0.74,medium,recent downtime
2024-09-23,LDR-03,loader,13,19.8929,1.0,0.3972,0.1,0.3467,0.8439,high,recent downtime
2024-09-30,DMP-01,dumper,3,11.1607,0.0,0.2229,0.0,0.08,0.3029,low,recent downtime
2024-09-30,DMP-02,dumper,8,14.7054,0.0,0.2936,0.0,0.2133,0.507,low,recent downtime
2024-09-30,DMP-03,dumper,12,15.7946,0.0,0.3154,0.0,0.32,0.6354,medium,machine age
2024-09-30,DRL-01,drill,6,16.3929,0.0,0.3273,0.0,0.16,0.4873,low,recent downtime
2024-09-30,DRL-02,drill,11,21.3929,1.0,0.4,0.1,0.2933,0.7933,high,recent downtime
2024-09-30,LDR-01,loader,4,12.7321,0.0,0.2542,0.0,0.1067,0.3609,low,recent downtime
2024-09-30,LDR-02,loader,9,22.8839,1.0,0.4,0.1,0.24,0.74,medium,recent downtime
2024-09-30,LDR-03,loader,13,19.9375,1.0,0.3981,0.1,0.3467,0.8448,high,recent downtime
2024-10-07,DMP-01,dumper,3,9.9196,0.0,0.1981,0.0,0.08,0.2781,low,recent downtime
2024-10-07,DMP-02,dumper,8,14.5625,0.0,0.2908,0.0,0.2133,0.5041,low,recent downtime
2024-10-07,DMP-03,dumper,12,16.2768,0.0,0.325,0.0,0.32,0.645,medium,recent downtime
2024-10-07,DRL-01,drill,6,15.9018,0.0,0.3175,0.0,0.16,0.4775,low,recent downtime
2024-10-07,DRL-02,drill,11,20.8571,1.0,0.4,0.1,0.2933,0.7933,high,recent downtime
2024-10-07,LDR-01,loader,4,10.1161,0.0,0.202,0.0,0.1067,0.3087,low,recent downtime
2024-10-07,LDR-02,loader,9,21.9732,1.0,0.4,0.1,0.24,0.74,medium,recent downtime
2024-10-07,LDR-03,loader,13,21.2143,1.0,0.4,0.1,0.3467,0.8467,high,recent downtime
2024-10-14,DMP-01,dumper,3,9.0804,0.0,0.1813,0.0,0.08,0.2613,low,recent downtime
2024-10-14,DMP-02,dumper,8,12.9821,0.0,0.2592,0.0,0.2133,0.4726,low,recent downtime
2024-10-14,DMP-03,dumper,12,15.3839,0.0,0.3072,0.0,0.32,0.6272,medium,machine age
2024-10-14,DRL-01,drill,6,14.3929,0.0,0.2874,0.0,0.16,0.4474,low,recent downtime
2024-10-14,DRL-02,drill,11,20.0179,1.0,0.3997,0.1,0.2933,0.793,high,recent downtime
2024-10-14,LDR-01,loader,4,10.7589,0.0,0.2148,0.0,0.1067,0.3215,low,recent downtime
2024-10-14,LDR-02,loader,9,15.7857,0.0,0.3152,0.0,0.24,0.5552,low,recent downtime
2024-10-14,LDR-03,loader,13,19.6161,1.0,0.3917,0.1,0.3467,0.8384,high,recent downtime
2024-10-21,DMP-01,dumper,3,14.1786,1.0,0.2831,0.1,0.08,0.4631,low,recent downtime
2024-10-21,DMP-02,dumper,8,10.8839,0.0,0.2173,0.0,0.2133,0.4307,low,recent downtime
2024-10-21,DMP-03,dumper,12,14.5893,0.0,0.2913,0.0,0.32,0.6113,medium,machine age
2024-10-21,DRL-01,drill,6,15.9821,0.0,0.3191,0.0,0.16,0.4791,low,recent downtime
2024-10-21,DRL-02,drill,11,18.8304,1.0,0.376,0.1,0.2933,0.7693,medium,recent downtime
2024-10-21,LDR-01,loader,4,10.0,0.0,0.1997,0.0,0.1067,0.3063,low,recent downtime
2024-10-21,LDR-02,loader,9,14.9375,0.0,0.2983,0.0,0.24,0.5383,low,recent downtime
2024-10-21,LDR-03,loader,13,14.25,0.0,0.2845,0.0,0.3467,0.6312,medium,machine age
2024-10-28,DMP-01,dumper,3,13.2857,1.0,0.2653,0.1,0.08,0.4453,low,recent downtime
2024-10-28,DMP-02,dumper,8,10.4911,0.0,0.2095,0.0,0.2133,0.4228,low,machine age
2024-10-28,DMP-03,dumper,12,13.2946,0.0,0.2655,0.0,0.32,0.5855,low,machine age
2024-10-28,DRL-01,drill,6,13.5893,0.0,0.2713,0.0,0.16,0.4313,low,recent downtime
2024-10-28,DRL-02,drill,11,17.2054,1.0,0.3436,0.1,0.2933,0.7369,medium,recent downtime
2024-10-28,LDR-01,loader,4,9.9375,0.0,0.1984,0.0,0.1067,0.3051,low,recent downtime
2024-10-28,LDR-02,loader,9,14.4821,0.0,0.2892,0.0,0.24,0.5292,low,recent downtime
2024-10-28,LDR-03,loader,13,15.4375,0.0,0.3083,0.0,0.3467,0.6549,medium,machine age
2024-11-04,DMP-01,dumper,3,12.3125,1.0,0.2459,0.1,0.08,0.4259,low,recent downtime
2024-11-04,DMP-02,dumper,8,8.375,0.0,0.1672,0.0,0.2133,0.3806,low,machine age
2024-11-04,DMP-03,dumper,12,13.4018,0.0,0.2676,0.0,0.32,0.5876,low,machine age
2024-11-04,DRL-01,drill,6,12.5893,0.0,0.2514,0.0,0.16,0.4114,low,recent downtime
2024-11-04,DRL-02,drill,11,17.3214,1.0,0.3459,0.1,0.2933,0.7392,medium,recent downtime
2024-11-04,LDR-01,loader,4,8.9018,0.0,0.1778,0.0,0.1067,0.2844,low,recent downtime
2024-11-04,LDR-02,loader,9,13.0625,0.0,0.2608,0.0,0.24,0.5008,low,recent downtime
2024-11-04,LDR-03,loader,13,14.4643,0.0,0.2888,0.0,0.3467,0.6355,medium,machine age
2024-11-11,DMP-01,dumper,3,13.0,1.0,0.2596,0.1,0.08,0.4396,low,recent downtime
2024-11-11,DMP-02,dumper,8,8.3482,0.0,0.1667,0.0,0.2133,0.38,low,machine age
2024-11-11,DMP-03,dumper,12,11.875,0.0,0.2371,0.0,0.32,0.5571,low,machine age
2024-11-11,DRL-01,drill,6,11.3393,0.0,0.2264,0.0,0.16,0.3864,low,recent downtime
2024-11-11,DRL-02,drill,11,15.6964,1.0,0.3134,0.1,0.2933,0.7068,medium,recent downtime
2024-11-11,LDR-01,loader,4,8.4911,0.0,0.1695,0.0,0.1067,0.2762,low,recent downtime
2024-11-11,LDR-02,loader,9,13.125,0.0,0.2621,0.0,0.24,0.5021,low,recent downtime
2024-11-11,LDR-03,loader,13,14.0,0.0,0.2796,0.0,0.3467,0.6262,medium,machine age
2024-11-18,DMP-01,dumper,3,12.9286,1.0,0.2582,0.1,0.08,0.4382,low,recent downtime
2024-11-18,DMP-02,dumper,8,7.6161,0.0,0.1521,0.0,0.2133,0.3654,low,machine age
2024-11-18,DMP-03,dumper,12,14.2857,1.0,0.2853,0.1,0.32,0.7053,medium,machine age
2024-11-18,DRL-01,drill,6,11.0804,0.0,0.2213,0.0,0.16,0.3813,low,recent downtime
2024-11-18,DRL-02,drill,11,14.6786,1.0,0.2931,0.1,0.2933,0.6864,medium,machine age
2024-11-18,LDR-01,loader,4,7.7054,0.0,0.1539,0.0,0.1067,0.2605,low,recent downtime
2024-11-18,LDR-02,loader,9,13.4464,0.0,0.2685,0.0,0.24,0.5085,low,recent downtime
2024-11-18,LDR-03,loader,13,12.4375,0.0,0.2484,0.0,0.3467,0.595,low,machine age
2024-11-25,DMP-01,dumper,3,13.1518,1.0,0.2626,0.1,0.08,0.4426,low,recent downtime
2024-11-25,DMP-02,dumper,8,7.1071,0.0,0.1419,0.0,0.2133,0.3552,low,machine age
2024-11-25,DMP-03,dumper,12,18.6696,2.0,0.3728,0.2,0.32,0.8928,high,recent downtime
2024-11-25,DRL-01,drill,6,10.7321,0.0,0.2143,0.0,0.16,0.3743,low,recent downtime
2024-11-25,DRL-02,drill,11,14.0179,1.0,0.2799,0.1,0.2933,0.6732,medium,machine age
2024-11-25,LDR-01,loader,4,8.3839,0.0,0.1674,0.0,0.1067,0.2741,low,recent downtime
2024-11-25,LDR-02,loader,9,13.2232,0.0,0.264,0.0,0.24,0.504,low,recent downtime
2024-11-25,LDR-03,loader,13,11.75,0.0,0.2346,0.0,0.3467,0.5813,low,machine age
2024-12-02,DMP-01,dumper,3,13.2857,1.0,0.2653,0.1,0.08,0.4453,low,recent downtime
2024-12-02,DMP-02,dumper,8,6.6429,0.0,0.1326,0.0,0.2133,0.346,low,machine age
2024-12-02,DMP-03,dumper,12,18.2054,2.0,0.3635,0.2,0.32,0.8835,high,recent downtime
2024-12-02,DRL-01,drill,6,10.625,0.0,0.2122,0.0,0.16,0.3722,low,recent downtime
2024-12-02,DRL-02,drill,11,15.2589,1.0,0.3047,0.1,0.2933,0.698,medium,recent downtime
2024-12-02,LDR-01,loader,4,8.7679,0.0,0.1751,0.0,0.1067,0.2817,low,recent downtime
2024-12-02,LDR-02,loader,9,12.0089,0.0,0.2398,0.0,0.24,0.4798,low,machine age
2024-12-02,LDR-03,loader,13,10.0536,0.0,0.2007,0.0,0.3467,0.5474,low,machine age
2024-12-09,DMP-01,dumper,3,12.9554,1.0,0.2587,0.1,0.08,0.4387,low,recent downtime
2024-12-09,DMP-02,dumper,8,7.3839,0.0,0.1474,0.0,0.2133,0.3608,low,machine age
2024-12-09,DMP-03,dumper,12,18.7679,2.0,0.3748,0.2,0.32,0.8948,high,recent downtime
2024-12-09,DRL-01,drill,6,10.3125,0.0,0.2059,0.0,0.16,0.3659,low,recent downtime
2024-12-09,DRL-02,drill,11,14.2857,1.0,0.2853,0.1,0.2933,0.6786,medium,machine age
2024-12-09,LDR-01,loader,4,11.4196,1.0,0.228,0.1,0.1067,0.4347,low,recent downtime
2024-12-09,LDR-02,loader,9,12.1786,0.0,0.2432,0.0,0.24,0.4832,low,recent downtime
2024-12-09,LDR-03,loader,13,9.5625,0.0,0.1909,0.0,0.3467,0.5376,low,machine age
2024-12-16,DMP-01,dumper,3,7.4107,0.0,0.148,0.0,0.08,0.228,low,recent downtime
2024-12-16,DMP-02,dumper,8,7.4018,0.0,0.1478,0.0,0.2133,0.3611,low,machine age
2024-12-16,DMP-03,dumper,12,17.9732,2.0,0.3589,0.2,0.32,0.8789,high,recent downtime
2024-12-16,DRL-01,drill,6,8.4018,0.0,0.1678,0.0,0.16,0.3278,low,recent downtime
2024-12-16,DRL-02,drill,11,13.9911,1.0,0.2794,0.1,0.2933,0.6727,medium,machine age
2024-12-16,LDR-01,loader,4,12.3125,1.0,0.2459,0.1,0.1067,0.4525,low,recent downtime
2024-12-16,LDR-02,loader,9,12.5714,0.0,0.251,0.0,0.24,0.491,low,recent downtime
2024-12-16,LDR-03,loader,13,9.2679,0.0,0.1851,0.0,0.3467,0.5317,low,machine age
2024-12-23,DMP-01,dumper,3,7.0804,0.0,0.1414,0.0,0.08,0.2214,low,recent downtime
2024-12-23,DMP-02,dumper,8,6.9196,0.0,0.1382,0.0,0.2133,0.3515,low,machine age
2024-12-23,DMP-03,dumper,12,19.0893,2.0,0.3812,0.2,0.32,0.9012,high,recent downtime
2024-12-23,DRL-01,drill,6,8.1786,0.0,0.1633,0.0,0.16,0.3233,low,recent downtime
2024-12-23,DRL-02,drill,11,14.7857,1.0,0.2952,0.1,0.2933,0.6886,medium,recent downtime
2024-12-23,LDR-01,loader,4,12.0714,1.0,0.241,0.1,0.1067,0.4477,low,recent downtime
2024-12-23,LDR-02,loader,9,14.6071,1.0,0.2917,0.1,0.24,0.6317,medium,recent downtime
2024-12-23,LDR-03,loader,13,7.7143,0.0,0.154,0.0,0.3467,0.5007,low,machine age
2024-12-30,DMP-01,dumper,3,7.8125,0.0,0.156,0.0,0.08,0.236,low,recent downtime
2024-12-30,DMP-02,dumper,8,9.1964,0.0,0.1836,0.0,0.2133,0.397,low,machine age
2024-12-30,DMP-03,dumper,12,18.1339,2.0,0.3621,0.2,0.32,0.8821,high,recent downtime
2024-12-30,DRL-01,drill,6,9.4464,0.0,0.1886,0.0,0.16,0.3486,low,recent downtime
2024-12-30,DRL-02,drill,11,15.2143,1.0,0.3038,0.1,0.2933,0.6971,medium,recent downtime
2024-12-30,LDR-01,loader,4,11.7321,1.0,0.2343,0.1,0.1067,0.4409,low,recent downtime
2024-12-30,LDR-02,loader,9,14.2679,1.0,0.2849,0.1,0.24,0.6249,medium,recent downtime
2024-12-30,LDR-03,loader,13,8.0268,0.0,0.1603,0.0,0.3467,0.5069,low,machine age
2025-01-06,DMP-01,dumper,3,6.6964,0.0,0.1337,0.0,0.08,0.2137,low,recent downtime
2025-01-06,DMP-02,dumper,8,9.0089,0.0,0.1799,0.0,0.2133,0.3932,low,machine age
2025-01-06,DMP-03,dumper,12,17.5089,2.0,0.3496,0.2,0.32,0.8696,high,recent downtime
2025-01-06,DRL-01,drill,6,9.0714,0.0,0.1811,0.0,0.16,0.3411,low,recent downtime
2025-01-06,DRL-02,drill,11,15.5089,1.0,0.3097,0.1,0.2933,0.703,medium,recent downtime
2025-01-06,LDR-01,loader,4,11.9554,1.0,0.2387,0.1,0.1067,0.4454,low,recent downtime
2025-01-06,LDR-02,loader,9,13.3393,1.0,0.2664,0.1,0.24,0.6064,medium,recent downtime
2025-01-06,LDR-03,loader,13,9.1518,0.0,0.1827,0.0,0.3467,0.5294,low,machine age
2025-01-13,DMP-01,dumper,3,7.2946,0.0,0.1457,0.0,0.08,0.2257,low,recent downtime
2025-01-13,DMP-02,dumper,8,9.4375,0.0,0.1884,0.0,0.2133,0.4018,low,machine age
2025-01-13,DMP-03,dumper,12,14.6786,1.0,0.2931,0.1,0.32,0.7131,medium,machine age
2025-01-13,DRL-01,drill,6,9.4464,0.0,0.1886,0.0,0.16,0.3486,low,recent downtime
2025-01-13,DRL-02,drill,11,13.0625,0.0,0.2608,0.0,0.2933,0.5542,low,machine age
2025-01-13,LDR-01,loader,4,13.0804,1.0,0.2612,0.1,0.1067,0.4679,low,recent downtime
2025-01-13,LDR-02,loader,9,12.125,1.0,0.2421,0.1,0.24,0.5821,low,recent downtime
2025-01-13,LDR-03,loader,13,10.4464,0.0,0.2086,0.0,0.3467,0.5553,low,machine age
2025-01-20,DMP-01,dumper,3,7.6696,0.0,0.1531,0.0,0.08,0.2331,low,recent downtime
2025-01-20,DMP-02,dumper,8,8.9286,0.0,0.1783,0.0,0.2133,0.3916,low,machine age
2025-01-20,DMP-03,dumper,12,10.7232,0.0,0.2141,0.0,0.32,0.5341,low,machine age
2025-01-20,DRL-01,drill,6,9.0089,0.0,0.1799,0.0,0.16,0.3399,low,recent downtime
2025-01-20,DRL-02,drill,11,12.4375,0.0,0.2484,0.0,0.2933,0.5417,low,machine age
2025-01-20,LDR-01,loader,4,12.2768,1.0,0.2451,0.1,0.1067,0.4518,low,recent downtime
2025-01-20,LDR-02,loader,9,13.0089,1.0,0.2598,0.1,0.24,0.5998,low,recent downtime
2025-01-20,LDR-03,loader,13,11.4732,0.0,0.2291,0.0,0.3467,0.5758,low,machine age
2025-01-27,DMP-01,dumper,3,7.9554,0.0,0.1589,0.0,0.08,0.2389,low,recent downtime
2025-01-27,DMP-02,dumper,8,9.2054,0.0,0.1838,0.0,0.2133,0.3971,low,machine age
2025-01-27,DMP-03,dumper,12,15.4911,1.0,0.3093,0.1,0.32,0.7293,medium,machine age
2025-01-27,DRL-01,drill,6,9.3125,0.0,0.186,0.0,0.16,0.346,low,recent downtime
2025-01-27,DRL-02,drill,11,11.8482,0.0,0.2366,0.0,0.2933,0.5299,low,machine age
2025-01-27,LDR-01,loader,4,12.0982,1.0,0.2416,0.1,0.1067,0.4482,low,recent downtime
2025-01-27,LDR-02,loader,9,13.2679,1.0,0.2649,0.1,0.24,0.6049,medium,recent downtime
2025-01-27,LDR-03,loader,13,11.125,0.0,0.2221,0.0,0.3467,0.5688,low,machine age
2025-02-03,DMP-01,dumper,3,8.4375,0.0,0.1685,0.0,0.08,0.2485,low,recent downtime
2025-02-03,DMP-02,dumper,8,10.3125,0.0,0.2059,0.0,0.2133,0.4193,low,machine age
2025-02-03,DMP-03,dumper,12,14.6518,1.0,0.2926,0.1,0.32,0.7126,medium,machine age
2025-02-03,DRL-01,drill,6,10.1339,0.0,0.2024,0.0,0.16,0.3624,low,recent downtime
2025-02-03,DRL-02,drill,11,11.6786,0.0,0.2332,0.0,0.2933,0.5265,low,machine age
2025-02-03,LDR-01,loader,4,8.4286,0.0,0.1683,0.0,0.1067,0.275,low,recent downtime
2025-02-03,LDR-02,loader,9,13.9107,1.0,0.2778,0.1,0.24,0.6178,medium,recent downtime
2025-02-03,LDR-03,loader,13,11.9286,0.0,0.2382,0.0,0.3467,0.5849,low,machine age
2025-02-10,DMP-01,dumper,3,8.2232,0.0,0.1642,0.0,0.08,0.2442,low,recent downtime
2025-02-10,DMP-02,dumper,8,10.6161,0.0,0.212,0.0,0.2133,0.4253,low,machine age
2025-02-10,DMP-03,dumper,12,15.2054,1.0,0.3036,0.1,0.32,0.7236,medium,machine age
2025-02-10,DRL-01,drill,6,10.4643,0.0,0.2089,0.0,0.16,0.3689,low,recent downtime
2025-02-10,DRL-02,drill,11,12.0268,0.0,0.2401,0.0,0.2933,0.5335,low,machine age
2025-02-10,LDR-01,loader,4,9.0982,0.0,0.1817,0.0,0.1067,0.2883,low,recent downtime
2025-02-10,LDR-02,loader,9,14.6161,1.0,0.2919,0.1,0.24,0.6319,medium,recent downtime
2025-02-10,LDR-03,loader,13,13.1964,0.0,0.2635,0.0,0.3467,0.6102,medium,machine age
2025-02-17,DMP-01,dumper,3,8.3482,0.0,0.1667,0.0,0.08,0.2467,low,recent downtime
2025-02-17,DMP-02,dumper,8,10.5446,0.0,0.2106,0.0,0.2133,0.4239,low,machine age
2025-02-17,DMP-03,dumper,12,14.4196,1.0,0.2879,0.1,0.32,0.7079,medium,machine age
2025-02-17,DRL-01,drill,6,11.0268,0.0,0.2202,0.0,0.16,0.3802,low,recent downtime
2025-02-17,DRL-02,drill,11,12.3304,0.0,0.2462,0.0,0.2933,0.5395,low,machine age
2025-02-17,LDR-01,loader,4,9.6071,0.0,0.1918,0.0,0.1067,0.2985,low,recent downtime
2025-02-17,LDR-02,loader,9,12.3661,0.0,0.2469,0.0,0.24,0.4869,low,recent downtime
2025-02-17,LDR-03,loader,13,13.8304,0.0,0.2762,0.0,0.3467,0.6228,medium,machine age
2025-02-24,DMP-01,dumper,3,7.5982,0.0,0.1517,0.0,0.08,0.2317,low,recent downtime
2025-02-24,DMP-02,dumper,8,10.1161,0.0,0.202,0.0,0.2133,0.4153,low,machine age
2025-02-24,DMP-03,dumper,12,14.7946,1.0,0.2954,0.1,0.32,0.7154,medium,machine age
2025-02-24,DRL-01,drill,6,10.4107,0.0,0.2079,0.0,0.16,0.3679,low,recent downtime
2025-02-24,DRL-02,drill,11,11.8304,0.0,0.2362,0.0,0.2933,0.5296,low,machine age
2025-02-24,LDR-01,loader,4,9.5982,0.0,0.1917,0.0,0.1067,0.2983,low,recent downtime
2025-02-24,LDR-02,loader,9,11.9286,0.0,0.2382,0.0,0.24,0.4782,low,machine age
2025-02-24,LDR-03,loader,13,13.2143,0.0,0.2639,0.0,0.3467,0.6105,medium,machine age
2025-03-03,DMP-01,dumper,3,7.3304,0.0,0.1464,0.0,0.08,0.2264,low,recent downtime
2025-03-03,DMP-02,dumper,8,10.7946,0.0,0.2155,0.0,0.2133,0.4289,low,recent downtime
2025-03-03,DMP-03,dumper,12,15.4464,1.0,0.3084,0.1,0.32,0.7284,medium,machine age
2025-03-03,DRL-01,drill,6,16.9911,1.0,0.3393,0.1,0.16,0.5993,low,recent downtime
2025-03-03,DRL-02,drill,11,11.2054,0.0,0.2237,0.0,0.2933,0.5171,low,machine age
2025-03-03,LDR-01,loader,4,8.9643,0.0,0.179,0.0,0.1067,0.2857,low,recent downtime
2025-03-03,LDR-02,loader,9,11.5714,0.0,0.2311,0.0,0.24,0.4711,low,machine age
2025-03-03,LDR-03,loader,13,12.2232,0.0,0.2441,0.0,0.3467,0.5907,low,machine age
2025-03-10,DMP-01,dumper,3,6.9375,0.0,0.1385,0.0,0.08,0.2185,low,recent downtime
2025-03-10,DMP-02,dumper,8,10.5714,0.0,0.2111,0.0,0.2133,0.4244,low,machine age
2025-03-10,DMP-03,dumper,12,15.0982,1.0,0.3015,0.1,0.32,0.7215,medium,machine age
2025-03-10,DRL-01,drill,6,16.1696,1.0,0.3229,0.1,0.16,0.5829,low,recent downtime
2025-03-10,DRL-02,drill,11,10.8125,0.0,0.2159,0.0,0.2933,0.5092,low,machine age
2025-03-10,LDR-01,loader,4,8.3393,0.0,0.1665,0.0,0.1067,0.2732,low,recent downtime
2025-03-10,LDR-02,loader,9,10.9821,0.0,0.2193,0.0,0.24,0.4593,low,machine age
2025-03-10,LDR-03,loader,13,13.3036,0.0,0.2656,0.0,0.3467,0.6123,medium,machine age
2025-03-17,DMP-01,dumper,3,6.4554,0.0,0.1289,0.0,0.08,0.2089,low,recent downtime
2025-03-17,DMP-02,dumper,8,11.4375,0.0,0.2284,0.0,0.2133,0.4417,low,recent downtime
2025-03-17,DMP-03,dumper,12,14.1964,1.0,0.2835,0.1,0.32,0.7035,medium,machine age
2025-03-17,DRL-01,drill,6,15.6696,1.0,0.3129,0.1,0.16,0.5729,low,recent downtime
2025-03-17,DRL-02,drill,11,12.1964,0.0,0.2435,0.0,0.2933,0.5369,low,machine age
2025-03-17,LDR-01,loader,4,9.1339,0.0,0.1824,0.0,0.1067,0.2891,low,recent downtime
2025-03-17,LDR-02,loader,9,9.9196,0.0,0.1981,0.0,0.24,0.4381,low,machine age
2025-03-17,LDR-03,loader,13,13.2321,0.0,0.2642,0.0,0.3467,0.6109,medium,machine age
2025-03-24,DMP-01,dumper,3,5.7679,0.0,0.1152,0.0,0.08,0.1952,low,recent downtime
2025-03-24,DMP-02,dumper,8,10.8393,0.0,0.2164,0.0,0.2133,0.4298,low,recent downtime
2025-03-24,DMP-03,dumper,12,10.7589,0.0,0.2148,0.0,0.32,0.5348,low,machine age
2025-03-24,DRL-01,drill,6,15.5089,1.0,0.3097,0.1,0.16,0.5697,low,recent downtime
2025-03-24,DRL-02,drill,11,18.3661,1.0,0.3667,0.1,0.2933,0.7601,medium,recent downtime
2025-03-24,LDR-01,loader,4,11.5804,0.0,0.2312,0.0,0.1067,0.3379,low,recent downtime
2025-03-24,LDR-02,loader,9,10.2321,0.0,0.2043,0.0,0.24,0.4443,low,machine age
2025-03-24,LDR-03,loader,13,14.1786,0.0,0.2831,0.0,0.3467,0.6298,medium,machine age
2025-03-31,DMP-01,dumper,3,4.9375,0.0,0.0986,0.0,0.08,0.1786,low,recent downtime
2025-03-31,DMP-02,dumper,8,14.1339,1.0,0.2822,0.1,0.2133,0.5956,low,recent downtime
2025-03-31,DMP-03,dumper,12,17.5804,1.0,0.351,0.1,0.32,0.771,medium,recent downtime
2025-03-31,DRL-01,drill,6,15.1696,1.0,0.3029,0.1,0.16,0.5629,low,recent downtime
2025-03-31,DRL-02,drill,11,19.0714,1.0,0.3808,0.1,0.2933,0.7741,medium,recent downtime
2025-03-31,LDR-01,loader,4,11.0536,0.0,0.2207,0.0,0.1067,0.3274,low,recent downtime
2025-03-31,LDR-02,loader,9,9.9821,0.0,0.1993,0.0,0.24,0.4393,low,machine age
2025-03-31,LDR-03,loader,13,14.4911,0.0,0.2894,0.0,0.3467,0.636,medium,machine age
2025-04-07,DMP-01,dumper,3,5.0268,0.0,0.1004,0.0,0.08,0.1804,low,recent downtime
2025-04-07,DMP-02,dumper,8,13.2054,1.0,0.2637,0.1,0.2133,0.577,low,recent downtime
2025-04-07,DMP-03,dumper,12,17.6339,1.0,0.3521,0.1,0.32,0.7721,medium,recent downtime
2025-04-07,DRL-01,drill,6,17.6518,2.0,0.3525,0.2,0.16,0.7125,medium,recent downtime
2025-04-07,DRL-02,drill,11,19.3571,1.0,0.3865,0.1,0.2933,0.7799,medium,recent downtime
2025-04-07,LDR-01,loader,4,9.4643,0.0,0.189,0.0,0.1067,0.2956,low,recent downtime
2025-04-07,LDR-02,loader,9,8.9196,0.0,0.1781,0.0,0.24,0.4181,low,machine age
2025-04-07,LDR-03,loader,13,13.8482,0.0,0.2765,0.0,0.3467,0.6232,medium,machine age
2025-04-14,DMP-01,dumper,3,5.5536,0.0,0.1109,0.0,0.08,0.1909,low,recent downtime
2025-04-14,DMP-02,dumper,8,12.7589,1.0,0.2548,0.1,0.2133,0.5681,low,recent downtime
2025-04-14,DMP-03,dumper,12,17.5,1.0,0.3494,0.1,0.32,0.7694,medium,recent downtime
2025-04-14,DRL-01,drill,6,17.0179,2.0,0.3398,0.2,0.16,0.6998,medium,recent downtime
2025-04-14,DRL-02,drill,11,19.3214,1.0,0.3858,0.1,0.2933,0.7791,medium,recent downtime
2025-04-14,LDR-01,loader,4,10.5804,0.0,0.2113,0.0,0.1067,0.3179,low,recent downtime
2025-04-14,LDR-02,loader,9,10.4464,0.0,0.2086,0.0,0.24,0.4486,low,machine age
2025-04-14,LDR-03,loader,13,13.9018,0.0,0.2776,0.0,0.3467,0.6243,medium,machine age
2025-04-21,DMP-01,dumper,3,5.9107,0.0,0.118,0.0,0.08,0.198,low,recent downtime
2025-04-21,DMP-02,dumper,8,12.5536,1.0,0.2507,0.1,0.2133,0.564,low,recent downtime
2025-04-21,DMP-03,dumper,12,17.0357,1.0,0.3402,0.1,0.32,0.7602,medium,recent downtime
2025-04-21,DRL-01,drill,6,19.0089,2.0,0.3796,0.2,0.16,0.7396,medium,recent downtime
2025-04-21,DRL-02,drill,11,22.1696,2.0,0.4,0.2,0.2933,0.8933,high,recent downtime
2025-04-21,LDR-01,loader,4,11.0982,0.0,0.2216,0.0,0.1067,0.3283,low,recent downtime
2025-04-21,LDR-02,loader,9,10.9018,0.0,0.2177,0.0,0.24,0.4577,low,machine age
2025-04-21,LDR-03,loader,13,14.0625,0.0,0.2808,0.0,0.3467,0.6275,medium,machine age
2025-04-28,DMP-01,dumper,3,6.4732,0.0,0.1293,0.0,0.08,0.2093,low,recent downtime
2025-04-28,DMP-02,dumper,8,12.2321,1.0,0.2443,0.1,0.2133,0.5576,low,recent downtime
2025-04-28,DMP-03,dumper,12,17.375,1.0,0.3469,0.1,0.32,0.7669,medium,recent downtime
2025-04-28,DRL-01,drill,6,11.8839,1.0,0.2373,0.1,0.16,0.4973,low,recent downtime
2025-04-28,DRL-02,drill,11,22.6964,2.0,0.4,0.2,0.2933,0.8933,high,recent downtime
2025-04-28,LDR-01,loader,4,11.6607,0.0,0.2328,0.0,0.1067,0.3395,low,recent downtime
2025-04-28,LDR-02,loader,9,16.2411,1.0,0.3243,0.1,0.24,0.6643,medium,recent downtime
2025-04-28,LDR-03,loader,13,14.6339,0.0,0.2922,0.0,0.3467,0.6389,medium,machine age
2025-05-05,DMP-01,dumper,3,6.2321,0.0,0.1244,0.0,0.08,0.2044,low,recent downtime
2025-05-05,DMP-02,dumper,8,11.8214,1.0,0.236,0.1,0.2133,0.5494,low,recent downtime
2025-05-05,DMP-03,dumper,12,17.125,1.0,0.342,0.1,0.32,0.762,medium,recent downtime
2025-05-05,DRL-01,drill,6,11.5357,1.0,0.2303,0.1,0.16,0.4903,low,recent downtime
2025-05-05,DRL-02,drill,11,22.8839,2.0,0.4,0.2,0.2933,0.8933,high,recent downtime
2025-05-05,LDR-01,loader,4,12.6429,0.0,0.2525,0.0,0.1067,0.3591,low,recent downtime
2025-05-05,LDR-02,loader,9,16.0804,1.0,0.3211,0.1,0.24,0.6611,medium,recent downtime
2025-05-05,LDR-03,loader,13,12.3482,0.0,0.2466,0.0,0.3467,0.5932,low,machine age
2025-05-12,DMP-01,dumper,3,6.1071,0.0,0.1219,0.0,0.08,0.2019,low,recent downtime
2025-05-12,DMP-02,dumper,8,10.9464,1.0,0.2186,0.1,0.2133,0.5319,low,recent downtime
2025-05-12,DMP-03,dumper,12,21.4286,2.0,0.4,0.2,0.32,0.92,high,recent downtime
2025-05-12,DRL-01,drill,6,14.1518,1.0,0.2826,0.1,0.16,0.5426,low,recent downtime
2025-05-12,DRL-02,drill,11,22.6786,2.0,0.4,0.2,0.2933,0.8933,high,recent downtime
2025-05-12,LDR-01,loader,4,12.1696,0.0,0.243,0.0,0.1067,0.3497,low,recent downtime
2025-05-12,LDR-02,loader,9,15.4464,1.0,0.3084,0.1,0.24,0.6484,medium,recent downtime
2025-05-12,LDR-03,loader,13,12.1696,0.0,0.243,0.0,0.3467,0.5897,low,machine age
2025-05-19,DMP-01,dumper,3,8.0,0.0,0.1597,0.0,0.08,0.2397,low,recent downtime
2025-05-19,DMP-02,dumper,8,12.0179,1.0,0.24,0.1,0.2133,0.5533,low,recent downtime
2025-05-19,DMP-03,dumper,12,20.1429,2.0,0.4,0.2,0.32,0.92,high,recent downtime
2025-05-19,DRL-01,drill,6,13.4018,1.0,0.2676,0.1,0.16,0.5276,low,recent downtime
2025-05-19,DRL-02,drill,11,20.0446,2.0,0.4,0.2,0.2933,0.8933,high,recent downtime
2025-05-19,LDR-01,loader,4,9.6339,0.0,0.1924,0.0,0.1067,0.299,low,recent downtime
2025-05-19,LDR-02,loader,9,15.7768,1.0,0.315,0.1,0.24,0.655,medium,recent downtime
2025-05-19,LDR-03,loader,13,11.6339,0.0,0.2323,0.0,0.3467,0.579,low,machine age
2025-05-26,DMP-01,dumper,3,8.5179,0.0,0.1701,0.0,0.08,0.2501,low,recent downtime
2025-05-26,DMP-02,dumper,8,7.1964,0.0,0.1437,0.0,0.2133,0.357,low,machine age
2025-05-26,DMP-03,dumper,12,13.7054,1.0,0.2737,0.1,0.32,0.6937,medium,machine age
2025-05-26,DRL-01,drill,6,16.9464,1.0,0.3384,0.1,0.16,0.5984,low,recent downtime
2025-05-26,DRL-02,drill,11,19.5089,2.0,0.3896,0.2,0.2933,0.8829,high,recent downtime
2025-05-26,LDR-01,loader,4,10.6607,0.0,0.2129,0.0,0.1067,0.3195,low,recent downtime
2025-05-26,LDR-02,loader,9,16.4821,1.0,0.3291,0.1,0.24,0.6691,medium,recent downtime
2025-05-26,LDR-03,loader,13,11.8571,0.0,0.2368,0.0,0.3467,0.5834,low,machine age
2025-06-02,DMP-01,dumper,3,9.0357,0.0,0.1804,0.0,0.08,0.2604,low,recent downtime
2025-06-02,DMP-02,dumper,8,7.7321,0.0,0.1544,0.0,0.2133,0.3677,low,machine age
2025-06-02,DMP-03,dumper,12,16.0268,1.0,0.32,0.1,0.32,0.74,medium,recent downtime
2025-06-02,DRL-01,drill,6,14.4911,0.0,0.2894,0.0,0.16,0.4494,low,recent downtime
2025-06-02,DRL-02,drill,11,18.5536,2.0,0.3705,0.2,0.2933,0.8638,high,recent downtime
2025-06-02,LDR-01,loader,4,10.125,0.0,0.2022,0.0,0.1067,0.3088,low,recent downtime
2025-06-02,LDR-02,loader,9,16.8125,1.0,0.3357,0.1,0.24,0.6757,medium,recent downtime
2025-06-02,LDR-03,loader,13,12.4018,0.0,0.2476,0.0,0.3467,0.5943,low,machine age
2025-06-09,DMP-01,dumper,3,8.8214,0.0,0.1761,0.0,0.08,0.2561,low,recent downtime
2025-06-09,DMP-02,dumper,8,10.0268,0.0,0.2002,0.0,0.2133,0.4135,low,machine age
2025-06-09,DMP-03,dumper,12,16.6518,1.0,0.3325,0.1,0.32,0.7525,medium,recent downtime
2025-06-09,DRL-01,drill,6,16.6875,0.0,0.3332,0.0,0.16,0.4932,low,recent downtime
2025-06-09,DRL-02,drill,11,17.9107,2.0,0.3576,0.2,0.2933,0.851,high,recent downtime
2025-06-09,LDR-01,loader,4,9.6875,0.0,0.1934,0.0,0.1067,0.3001,low,recent downtime
2025-06-09,LDR-02,loader,9,16.6607,1.0,0.3327,0.1,0.24,0.6727,medium,recent downtime
2025-06-09,LDR-03,loader,13,12.0893,0.0,0.2414,0.0,0.3467,0.5881,low,machine age
2025-06-16,DMP-01,dumper,3,9.1786,0.0,0.1833,0.0,0.08,0.2633,low,recent downtime
2025-06-16,DMP-02,dumper,8,9.2679,0.0,0.1851,0.0,0.2133,0.3984,low,machine age
2025-06-16,DMP-03,dumper,12,16.3482,1.0,0.3264,0.1,0.32,0.7464,medium,recent downtime
2025-06-16,DRL-01,drill,6,14.5625,0.0,0.2908,0.0,0.16,0.4508,low,recent downtime
2025-06-16,DRL-02,drill,11,18.25,2.0,0.3644,0.2,0.2933,0.8577,high,recent downtime
2025-06-16,LDR-01,loader,4,9.5714,0.0,0.1911,0.0,0.1067,0.2978,low,recent downtime
2025-06-16,LDR-02,loader,9,15.9286,1.0,0.3181,0.1,0.24,0.6581,medium,recent downtime
2025-06-16,LDR-03,loader,13,12.0,0.0,0.2396,0.0,0.3467,0.5863,low,machine age
2025-06-23,DMP-01,dumper,3,9.1696,0.0,0.1831,0.0,0.08,0.2631,low,recent downtime
2025-06-23,DMP-02,dumper,8,15.5089,1.0,0.3097,0.1,0.2133,0.623,medium,recent downtime
2025-06-23,DMP-03,dumper,12,16.2321,1.0,0.3241,0.1,0.32,0.7441,medium,recent downtime
2025-06-23,DRL-01,drill,6,15.875,0.0,0.317,0.0,0.16,0.477,low,recent downtime
2025-06-23,DRL-02,drill,11,18.6161,2.0,0.3717,0.2,0.2933,0.8651,high,recent downtime
2025-06-23,LDR-01,loader,4,9.6696,0.0,0.1931,0.0,0.1067,0.2997,low,recent downtime
2025-06-23,LDR-02,loader,9,11.6161,0.0,0.2319,0.0,0.24,0.4719,low,machine age
2025-06-23,LDR-03,loader,13,11.7054,0.0,0.2337,0.0,0.3467,0.5804,low,machine age
2025-06-30,DMP-01,dumper,3,10.1339,0.0,0.2024,0.0,0.08,0.2824,low,recent downtime
2025-06-30,DMP-02,dumper,8,17.1964,1.0,0.3434,0.1,0.2133,0.6567,medium,recent downtime
2025-06-30,DMP-03,dumper,12,18.3125,1.0,0.3657,0.1,0.32,0.7857,high,recent downtime
2025-06-30,DRL-01,drill,6,17.0982,0.0,0.3414,0.0,0.16,0.5014,low,recent downtime
2025-06-30,DRL-02,drill,11,19.4643,2.0,0.3887,0.2,0.2933,0.882,high,recent downtime
2025-06-30,LDR-01,loader,4,9.4821,0.0,0.1893,0.0,0.1067,0.296,low,recent downtime
2025-06-30,LDR-02,loader,9,13.2411,0.0,0.2644,0.0,0.24,0.5044,low,recent downtime
2025-06-30,LDR-03,loader,13,13.0536,0.0,0.2607,0.0,0.3467,0.6073,medium,machine age
2025-07-07,DMP-01,dumper,3,11.0804,0.0,0.2213,0.0,0.08,0.3013,low,recent downtime
2025-07-07,DMP-02,dumper,8,17.3036,1.0,0.3455,0.1,0.2133,0.6588,medium,recent downtime
2025-07-07,DMP-03,dumper,12,15.2143,0.0,0.3038,0.0,0.32,0.6238,medium,machine age
2025-07-07,DRL-01,drill,6,16.5714,0.0,0.3309,0.0,0.16,0.4909,low,recent downtime
2025-07-07,DRL-02,drill,11,20.75,2.0,0.4,0.2,0.2933,0.8933,high,recent downtime
2025-07-07,LDR-01,loader,4,10.3571,0.0,0.2068,0.0,0.1067,0.3135,low,recent downtime
2025-07-07,LDR-02,loader,9,15.3839,0.0,0.3072,0.0,0.24,0.5472,low,recent downtime
2025-07-07,LDR-03,loader,13,12.9464,0.0,0.2585,0.0,0.3467,0.6052,medium,machine age
2025-07-14,DMP-01,dumper,3,9.7054,0.0,0.1938,0.0,0.08,0.2738,low,recent downtime
2025-07-14,DMP-02,dumper,8,18.0982,1.0,0.3614,0.1,0.2133,0.6747,medium,recent downtime
2025-07-14,DMP-03,dumper,12,15.6607,0.0,0.3127,0.0,0.32,0.6327,medium,machine age
2025-07-14,DRL-01,drill,6,18.5536,0.0,0.3705,0.0,0.16,0.5305,low,recent downtime
2025-07-14,DRL-02,drill,11,16.0268,1.0,0.32,0.1,0.2933,0.7134,medium,recent downtime
2025-07-14,LDR-01,loader,4,11.9018,0.0,0.2377,0.0,0.1067,0.3443,low,recent downtime
2025-07-14,LDR-02,loader,9,16.1696,0.0,0.3229,0.0,0.24,0.5629,low,recent downtime
2025-07-14,LDR-03,loader,13,14.0179,0.0,0.2799,0.0,0.3467,0.6266,medium,machine age
2025-07-21,DMP-01,dumper,3,11.8571,0.0,0.2368,0.0,0.08,0.3168,low,recent downtime
2025-07-21,DMP-02,dumper,8,19.3036,1.0,0.3855,0.1,0.2133,0.6988,medium,recent downtime
2025-07-21,DMP-03,dumper,12,16.5536,0.0,0.3305,0.0,0.32,0.6505,medium,recent downtime
2025-07-21,DRL-01,drill,6,16.5536,0.0,0.3305,0.0,0.16,0.4905,low,recent downtime
2025-07-21,DRL-02,drill,11,17.6696,1.0,0.3528,0.1,0.2933,0.7462,medium,recent downtime
2025-07-21,LDR-01,loader,4,12.3214,0.0,0.246,0.0,0.1067,0.3527,low,recent downtime
2025-07-21,LDR-02,loader,9,15.8214,0.0,0.3159,0.0,0.24,0.5559,low,recent downtime
2025-07-21,LDR-03,loader,13,14.3036,0.0,0.2856,0.0,0.3467,0.6323,medium,machine age
2025-07-28,DMP-01,dumper,3,13.1696,0.0,0.263,0.0,0.08,0.343,low,recent downtime
2025-07-28,DMP-02,dumper,8,20.2679,1.0,0.4,0.1,0.2133,0.7133,medium,recent downtime
2025-07-28,DMP-03,dumper,12,15.5446,0.0,0.3104,0.0,0.32,0.6304,medium,machine age
2025-07-28,DRL-01,drill,6,17.3661,0.0,0.3468,0.0,0.16,0.5068,low,recent downtime
2025-07-28,DRL-02,drill,11,19.6161,1.0,0.3917,0.1,0.2933,0.785,high,recent downtime
2025-07-28,LDR-01,loader,4,13.7054,0.0,0.2737,0.0,0.1067,0.3803,low,recent downtime
2025-07-28,LDR-02,loader,9,15.8036,0.0,0.3156,0.0,0.24,0.5556,low,recent downtime
2025-07-28,LDR-03,loader,13,16.0,0.0,0.3195,0.0,0.3467,0.6662,medium,machine age
2025-08-04,DMP-01,dumper,3,17.5446,1.0,0.3503,0.1,0.08,0.5303,low,recent downtime
2025-08-04,DMP-02,dumper,8,20.6964,1.0,0.4,0.1,0.2133,0.7133,medium,recent downtime
2025-08-04,DMP-03,dumper,12,15.7946,0.0,0.3154,0.0,0.32,0.6354,medium,machine age
2025-08-04,DRL-01,drill,6,16.125,0.0,0.322,0.0,0.16,0.482,low,recent downtime
2025-08-04,DRL-02,drill,11,20.2768,1.0,0.4,0.1,0.2933,0.7933,high,recent downtime
2025-08-04,LDR-01,loader,4,12.9554,0.0,0.2587,0.0,0.1067,0.3654,low,recent downtime
2025-08-04,LDR-02,loader,9,15.9018,0.0,0.3175,0.0,0.24,0.5575,low,recent downtime
2025-08-04,LDR-03,loader,13,17.1875,0.0,0.3432,0.0,0.3467,0.6899,medium,machine age
2025-08-11,DMP-01,dumper,3,17.4286,1.0,0.348,0.1,0.08,0.528,low,recent downtime
2025-08-11,DMP-02,dumper,8,27.5714,2.0,0.4,0.2,0.2133,0.8133,high,recent downtime
2025-08-11,DMP-03,dumper,12,16.125,0.0,0.322,0.0,0.32,0.642,medium,recent downtime
2025-08-11,DRL-01,drill,6,16.9018,0.0,0.3375,0.0,0.16,0.4975,low,recent downtime
2025-08-11,DRL-02,drill,11,21.2857,1.0,0.4,0.1,0.2933,0.7933,high,recent downtime
2025-08-11,LDR-01,loader,4,13.2768,0.0,0.2651,0.0,0.1067,0.3718,low,recent downtime
2025-08-11,LDR-02,loader,9,17.5179,0.0,0.3498,0.0,0.24,0.5898,low,recent downtime
2025-08-11,LDR-03,loader,13,18.1071,0.0,0.3616,0.0,0.3467,0.7082,medium,recent downtime
2025-08-18,DMP-01,dumper,3,18.2768,1.0,0.3649,0.1,0.08,0.5449,low,recent downtime
2025-08-18,DMP-02,dumper,8,21.4196,1.0,0.4,0.1,0.2133,0.7133,medium,recent downtime
2025-08-18,DMP-03,dumper,12,17.1696,0.0,0.3428,0.0,0.32,0.6628,medium,recent downtime
2025-08-18,DRL-01,drill,6,17.1518,0.0,0.3425,0.0,0.16,0.5025,low,recent downtime
2025-08-18,DRL-02,drill,11,23.3839,1.0,0.4,0.1,0.2933,0.7933,high,recent downtime
2025-08-18,LDR-01,loader,4,13.5893,0.0,0.2713,0.0,0.1067,0.378,low,recent downtime
2025-08-18,LDR-02,loader,9,18.4464,0.0,0.3683,0.0,0.24,0.6083,medium,recent downtime
2025-08-18,LDR-03,loader,13,18.9732,0.0,0.3789,0.0,0.3467,0.7255,medium,recent downtime
2025-08-25,DMP-01,dumper,3,18.4821,1.0,0.369,0.1,0.08,0.549,low,recent downtime
2025-08-25,DMP-02,dumper,8,20.6518,1.0,0.4,0.1,0.2133,0.7133,medium,recent downtime
2025-08-25,DMP-03,dumper,12,17.2589,0.0,0.3446,0.0,0.32,0.6646,medium,recent downtime
2025-08-25,DRL-01,drill,6,19.2232,0.0,0.3838,0.0,0.16,0.5438,low,recent downtime
2025-08-25,DRL-02,drill,11,23.8571,1.0,0.4,0.1,0.2933,0.7933,high,recent downtime
2025-08-25,LDR-01,loader,4,13.625,0.0,0.2721,0.0,0.1067,0.3787,low,recent downtime
2025-08-25,LDR-02,loader,9,19.1964,0.0,0.3833,0.0,0.24,0.6233,medium,recent downtime
2025-08-25,LDR-03,loader,13,18.2232,0.0,0.3639,0.0,0.3467,0.7105,medium,recent downtime
2025-09-01,DMP-01,dumper,3,18.1518,1.0,0.3625,0.1,0.08,0.5425,low,recent downtime
2025-09-01,DMP-02,dumper,8,21.9018,1.0,0.4,0.1,0.2133,0.7133,medium,recent downtime
2025-09-01,DMP-03,dumper,12,15.875,0.0,0.317,0.0,0.32,0.637,medium,machine age
2025-09-01,DRL-01,drill,6,18.1339,0.0,0.3621,0.0,0.16,0.5221,low,recent downtime
2025-09-01,DRL-02,drill,11,22.3125,1.0,0.4,0.1,0.2933,0.7933,high,recent downtime
2025-09-01,LDR-01,loader,4,13.0804,0.0,0.2612,0.0,0.1067,0.3679,low,recent downtime
2025-09-01,LDR-02,loader,9,19.2054,0.0,0.3835,0.0,0.24,0.6235,medium,recent downtime
2025-09-01,LDR-03,loader,13,18.4375,0.0,0.3682,0.0,0.3467,0.7148,medium,recent downtime
2025-09-08,DMP-01,dumper,3,18.1339,1.0,0.3621,0.1,0.08,0.5421,low,recent downtime
2025-09-08,DMP-02,dumper,8,21.5625,1.0,0.4,0.1,0.2133,0.7133,medium,recent downtime
2025-09-08,DMP-03,dumper,12,15.125,0.0,0.302,0.0,0.32,0.622,medium,machine age
2025-09-08,DRL-01,drill,6,17.5536,0.0,0.3505,0.0,0.16,0.5105,low,recent downtime
2025-09-08,DRL-02,drill,11,24.0179,1.0,0.4,0.1,0.2933,0.7933,high,recent downtime
2025-09-08,LDR-01,loader,4,12.8125,0.0,0.2558,0.0,0.1067,0.3625,low,recent downtime
2025-09-08,LDR-02,loader,9,18.7321,0.0,0.374,0.0,0.24,0.614,medium,recent downtime
2025-09-08,LDR-03,loader,13,17.7054,0.0,0.3535,0.0,0.3467,0.7002,medium,recent downtime
2025-09-15,DMP-01,dumper,3,17.2768,1.0,0.345,0.1,0.08,0.525,low,recent downtime
2025-09-15,DMP-02,dumper,8,21.1071,1.0,0.4,0.1,0.2133,0.7133,medium,recent downtime
2025-09-15,DMP-03,dumper,12,15.0446,0.0,0.3004,0.0,0.32,0.6204,medium,machine age
2025-09-15,DRL-01,drill,6,17.7232,0.0,0.3539,0.0,0.16,0.5139,low,recent downtime
2025-09-15,DRL-02,drill,11,22.8571,1.0,0.4,0.1,0.2933,0.7933,high,recent downtime
2025-09-15,LDR-01,loader,4,12.1607,0.0,0.2428,0.0,0.1067,0.3495,low,recent downtime
2025-09-15,LDR-02,loader,9,20.3393,0.0,0.4,0.0,0.24,0.64,medium,recent downtime
2025-09-15,LDR-03,loader,13,16.0536,0.0,0.3206,0.0,0.3467,0.6672,medium,machine age
2025-09-22,DMP-01,dumper,3,16.7232,1.0,0.3339,0.1,0.08,0.5139,low,recent downtime
2025-09-22,DMP-02,dumper,8,20.2411,1.0,0.4,0.1,0.2133,0.7133,medium,recent downtime
2025-09-22,DMP-03,dumper,12,14.75,0.0,0.2945,0.0,0.32,0.6145,medium,machine age
2025-09-22,DRL-01,drill,6,18.2054,0.0,0.3635,0.0,0.16,0.5235,low,recent downtime
2025-09-22,DRL-02,drill,11,21.2054,1.0,0.4,0.1,0.2933,0.7933,high,recent downtime
2025-09-22,LDR-01,loader,4,12.5714,0.0,0.251,0.0,0.1067,0.3577,low,recent downtime
2025-09-22,LDR-02,loader,9,21.0625,0.0,0.4,0.0,0.24,0.64,medium,recent downtime
2025-09-22,LDR-03,loader,13,15.9286,0.0,0.3181,0.0,0.3467,0.6647,medium,machine age
2025-09-29,DMP-01,dumper,3,12.8036,0.0,0.2557,0.0,0.08,0.3357,low,recent downtime
2025-09-29,DMP-02,dumper,8,18.9732,1.0,0.3789,0.1,0.2133,0.6922,medium,recent downtime
2025-09-29,DMP-03,dumper,12,14.1071,0.0,0.2817,0.0,0.32,0.6017,medium,machine age
2025-09-29,DRL-01,drill,6,24.9107,1.0,0.4,0.1,0.16,0.66,medium,recent downtime
2025-09-29,DRL-02,drill,11,20.9554,1.0,0.4,0.1,0.2933,0.7933,high,recent downtime
2025-09-29,LDR-01,loader,4,13.3929,0.0,0.2674,0.0,0.1067,0.3741,low,recent downtime
2025-09-29,LDR-02,loader,9,20.2143,0.0,0.4,0.0,0.24,0.64,medium,recent downtime
2025-09-29,LDR-03,loader,13,14.4018,0.0,0.2876,0.0,0.3467,0.6342,medium,machine age
2025-10-06,DMP-01,dumper,3,13.3482,0.0,0.2665,0.0,0.08,0.3465,low,recent downtime
2025-10-06,DMP-02,dumper,8,12.4196,0.0,0.248,0.0,0.2133,0.4613,low,recent downtime
2025-10-06,DMP-03,dumper,12,13.3929,0.0,0.2674,0.0,0.32,0.5874,low,machine age
2025-10-06,DRL-01,drill,6,24.0268,1.0,0.4,0.1,0.16,0.66,medium,recent downtime
2025-10-06,DRL-02,drill,11,16.1518,0.0,0.3225,0.0,0.2933,0.6159,medium,recent downtime
2025-10-06,LDR-01,loader,4,13.7946,0.0,0.2755,0.0,0.1067,0.3821,low,recent downtime
2025-10-06,LDR-02,loader,9,19.7054,0.0,0.3935,0.0,0.24,0.6335,medium,recent downtime
2025-10-06,LDR-03,loader,13,13.6518,0.0,0.2726,0.0,0.3467,0.6193,medium,machine age
2025-10-13,DMP-01,dumper,3,12.1339,0.0,0.2423,0.0,0.08,0.3223,low,recent downtime
2025-10-13,DMP-02,dumper,8,12.125,0.0,0.2421,0.0,0.2133,0.4554,low,recent downtime
2025-10-13,DMP-03,dumper,12,11.8393,0.0,0.2364,0.0,0.32,0.5564,low,machine age
2025-10-13,DRL-01,drill,6,23.1161,1.0,0.4,0.1,0.16,0.66,medium,recent downtime
2025-10-13,DRL-02,drill,11,14.0357,0.0,0.2803,0.0,0.2933,0.5736,low,machine age
2025-10-13,LDR-01,loader,4,14.2589,0.0,0.2847,0.0,0.1067,0.3914,low,recent downtime
2025-10-13,LDR-02,loader,9,18.9018,0.0,0.3774,0.0,0.24,0.6174,medium,recent downtime
2025-10-13,LDR-03,loader,13,12.5536,0.0,0.2507,0.0,0.3467,0.5973,low,machine age
2025-10-20,DMP-01,dumper,3,13.75,1.0,0.2746,0.1,0.08,0.4546,low,recent downtime
2025-10-20,DMP-02,dumper,8,12.0982,0.0,0.2416,0.0,0.2133,0.4549,low,recent downtime
2025-10-20,DMP-03,dumper,12,15.4911,1.0,0.3093,0.1,0.32,0.7293,medium,machine age
2025-10-20,DRL-01,drill,6,20.4464,1.0,0.4,0.1,0.16,0.66,medium,recent downtime
2025-10-20,DRL-02,drill,11,11.9107,0.0,0.2378,0.0,0.2933,0.5312,low,machine age
2025-10-20,LDR-01,loader,4,13.3661,0.0,0.2669,0.0,0.1067,0.3736,low,recent downtime
2025-10-20,LDR-02,loader,9,18.3839,0.0,0.3671,0.0,0.24,0.6071,medium,recent downtime
2025-10-20,LDR-03,loader,13,15.7411,1.0,0.3143,0.1,0.3467,0.761,medium,machine age
2025-10-27,DMP-01,dumper,3,14.0625,1.0,0.2808,0.1,0.08,0.4608,low,recent downtime
2025-10-27,DMP-02,dumper,8,10.3036,0.0,0.2057,0.0,0.2133,0.4191,low,machine age
2025-10-27,DMP-03,dumper,12,18.375,2.0,0.3669,0.2,0.32,0.8869,high,recent downtime
2025-10-27,DRL-01,drill,6,19.9911,1.0,0.3992,0.1,0.16,0.6592,medium,recent downtime
2025-10-27,DRL-02,drill,11,11.7232,0.0,0.2341,0.0,0.2933,0.5274,low,machine age
2025-10-27,LDR-01,loader,4,13.0179,0.0,0.2599,0.0,0.1067,0.3666,low,recent downtime
2025-10-27,LDR-02,loader,9,16.5446,0.0,0.3304,0.0,0.24,0.5704,low,recent downtime
2025-10-27,LDR-03,loader,13,15.0625,1.0,0.3008,0.1,0.3467,0.7474,medium,machine age
2025-11-03,DMP-01,dumper,3,13.6071,1.0,0.2717,0.1,0.08,0.4517,low,recent downtime
2025-11-03,DMP-02,dumper,8,8.9196,0.0,0.1781,0.0,0.2133,0.3914,low,machine age
2025-11-03,DMP-03,dumper,12,19.3571,2.0,0.3865,0.2,0.32,0.9065,high,recent downtime
2025-11-03,DRL-01,drill,6,20.3214,1.0,0.4,0.1,0.16,0.66,medium,recent downtime
2025-11-03,DRL-02,drill,11,10.3125,0.0,0.2059,0.0,0.2933,0.4993,low,machine age
2025-11-03,LDR-01,loader,4,12.3125,0.0,0.2459,0.0,0.1067,0.3525,low,recent downtime
2025-11-03,LDR-02,loader,9,15.1964,0.0,0.3034,0.0,0.24,0.5434,low,recent downtime
2025-11-03,LDR-03,loader,13,15.0804,1.0,0.3011,0.1,0.3467,0.7478,medium,machine age
2025-11-10,DMP-01,dumper,3,12.4286,1.0,0.2482,0.1,0.08,0.4282,low,recent downtime
2025-11-10,DMP-02,dumper,8,8.7143,0.0,0.174,0.0,0.2133,0.3873,low,machine age
2025-11-10,DMP-03,dumper,12,18.6071,2.0,0.3715,0.2,0.32,0.8915,high,recent downtime
2025-11-10,DRL-01,drill,6,18.8661,1.0,0.3767,0.1,0.16,0.6367,medium,recent downtime
2025-11-10,DRL-02,drill,11,10.3304,0.0,0.2063,0.0,0.2933,0.4996,low,machine age
2025-11-10,LDR-01,loader,4,11.7054,0.0,0.2337,0.0,0.1067,0.3404,low,recent downtime
2025-11-10,LDR-02,loader,9,12.5893,0.0,0.2514,0.0,0.24,0.4914,low,recent downtime
2025-11-10,LDR-03,loader,13,15.5536,1.0,0.3106,0.1,0.3467,0.7572,medium,machine age
2025-11-17,DMP-01,dumper,3,11.2321,1.0,0.2243,0.1,0.08,0.4043,low,recent downtime
2025-11-17,DMP-02,dumper,8,8.8482,0.0,0.1767,0.0,0.2133,0.39,low,machine age
2025-11-17,DMP-03,dumper,12,17.3036,2.0,0.3455,0.2,0.32,0.8655,high,recent downtime
2025-11-17,DRL-01,drill,6,17.8661,1.0,0.3567,0.1,0.16,0.6167,medium,recent downtime
2025-11-17,DRL-02,drill,11,10.0357,0.0,0.2004,0.0,0.2933,0.4937,low,machine age
2025-11-17,LDR-01,loader,4,10.2946,0.0,0.2056,0.0,0.1067,0.3122,low,recent downtime
2025-11-17,LDR-02,loader,9,11.1875,0.0,0.2234,0.0,0.24,0.4634,low,machine age
2025-11-17,LDR-03,loader,13,12.9554,1.0,0.2587,0.1,0.3467,0.7054,medium,machine age
2025-11-24,DMP-01,dumper,3,10.2857,1.0,0.2054,0.1,0.08,0.3854,low,recent downtime
2025-11-24,DMP-02,dumper,8,7.3571,0.0,0.1469,0.0,0.2133,0.3602,low,machine age
2025-11-24,DMP-03,dumper,12,22.3661,3.0,0.4,0.2,0.32,0.92,high,recent downtime
2025-11-24,DRL-01,drill,6,9.9554,0.0,0.1988,0.0,0.16,0.3588,low,recent downtime
2025-11-24,DRL-02,drill,11,9.7232,0.0,0.1942,0.0,0.2933,0.4875,low,machine age
2025-11-24,LDR-01,loader,4,9.1518,0.0,0.1827,0.0,0.1067,0.2894,low,recent downtime
2025-11-24,LDR-02,loader,9,11.0089,0.0,0.2198,0.0,0.24,0.4598,low,machine age
2025-11-24,LDR-03,loader,13,13.1518,1.0,0.2626,0.1,0.3467,0.7093,medium,machine age
2025-12-01,DMP-01,dumper,3,13.4643,2.0,0.2689,0.2,0.08,0.5489,low,recent downtime
2025-12-01,DMP-02,dumper,8,7.0982,0.0,0.1417,0.0,0.2133,0.3551,low,machine age
2025-12-01,DMP-03,dumper,12,22.9643,3.0,0.4,0.2,0.32,0.92,high,recent downtime
2025-12-01,DRL-01,drill,6,11.6161,0.0,0.2319,0.0,0.16,0.3919,low,recent downtime
2025-12-01,DRL-02,drill,11,9.4107,0.0,0.1879,0.0,0.2933,0.4812,low,machine age
2025-12-01,LDR-01,loader,4,8.4018,0.0,0.1678,0.0,0.1067,0.2744,low,recent downtime
2025-12-01,LDR-02,loader,9,10.0893,0.0,0.2015,0.0,0.24,0.4415,low,machine age
2025-12-01,LDR-03,loader,13,13.4464,1.0,0.2685,0.1,0.3467,0.7152,medium,machine age
2025-12-08,DMP-01,dumper,3,14.5089,2.0,0.2897,0.2,0.08,0.5697,low,recent downtime
2025-12-08,DMP-02,dumper,8,8.6964,0.0,0.1736,0.0,0.2133,0.387,low,machine age
2025-12-08,DMP-03,dumper,12,22.7857,3.0,0.4,0.2,0.32,0.92,high,recent downtime
2025-12-08,DRL-01,drill,6,12.0714,0.0,0.241,0.0,0.16,0.401,low,recent downtime
2025-12-08,DRL-02,drill,11,10.6964,0.0,0.2136,0.0,0.2933,0.5069,low,machine age
2025-12-08,LDR-01,loader,4,6.8393,0.0,0.1366,0.0,0.1067,0.2432,low,recent downtime
2025-12-08,LDR-02,loader,9,9.0357,0.0,0.1804,0.0,0.24,0.4204,low,machine age
2025-12-08,LDR-03,loader,13,12.7857,1.0,0.2553,0.1,0.3467,0.702,medium,machine age
2025-12-15,DMP-01,dumper,3,11.4732,1.0,0.2291,0.1,0.08,0.4091,low,recent downtime
2025-12-15,DMP-02,dumper,8,12.2946,1.0,0.2455,0.1,0.2133,0.5588,low,recent downtime
2025-12-15,DMP-03,dumper,12,19.1161,3.0,0.3817,0.2,0.32,0.9017,high,recent downtime
2025-12-15,DRL-01,drill,6,12.2054,0.0,0.2437,0.0,0.16,0.4037,low,recent downtime
2025-12-15,DRL-02,drill,11,11.3482,0.0,0.2266,0.0,0.2933,0.5199,low,machine age
2025-12-15,LDR-01,loader,4,6.2589,0.0,0.125,0.0,0.1067,0.2316,low,recent downtime
2025-12-15,LDR-02,loader,9,8.6339,0.0,0.1724,0.0,0.24,0.4124,low,machine age
2025-12-15,LDR-03,loader,13,9.5179,0.0,0.1901,0.0,0.3467,0.5367,low,machine age
2025-12-22,DMP-01,dumper,3,11.5089,1.0,0.2298,0.1,0.08,0.4098,low,recent downtime
2025-12-22,DMP-02,dumper,8,12.5,1.0,0.2496,0.1,0.2133,0.5629,low,recent downtime
2025-12-22,DMP-03,dumper,12,16.3393,2.0,0.3263,0.2,0.32,0.8463,high,recent downtime
2025-12-22,DRL-01,drill,6,12.1429,0.0,0.2425,0.0,0.16,0.4025,low,recent downtime
2025-12-22,DRL-02,drill,11,11.0625,0.0,0.2209,0.0,0.2933,0.5142,low,machine age
2025-12-22,LDR-01,loader,4,5.7679,0.0,0.1152,0.0,0.1067,0.2218,low,recent downtime
2025-12-22,LDR-02,loader,9,9.7768,0.0,0.1952,0.0,0.24,0.4352,low,machine age
2025-12-22,LDR-03,loader,13,11.1607,0.0,0.2229,0.0,0.3467,0.5695,low,machine age
