zone_id,ndvi_mean,ndvi_std,sar_vv_mean,sar_vh_mean,lst_mean,rain_mean
0,0.6002,0.0299,-9.6567,-16.3068,30.5748,919.1858
1,0.5674,0.0493,-9.92,-15.5717,30.9123,922.9931
2,0.5651,,-8.2671,-14.2078,31.4487,927.0065
3,0.5472,0.0184,-10.1088,-15.7831,31.2798,931.2029
4,0.6242,0.0169,-8.3427,-14.9123,31.0804,935.5579
5,0.5688,0.0569,-10.2083,-16.0325,30.5947,940.0462
6,0.5566,0.0375,-9.234,-15.1314,30.7294,944.6421
7,0.5573,0.0327,-8.261,-14.1915,31.543,949.3193
8,0.5895,0.0393,-8.2168,-14.5585,31.7052,954.0513
9,0.5789,0.0272,-9.3725,-14.7778,30.5794,958.8113
10,0.5761,0.0646,-8.5073,-13.4822,30.5257,963.5727
11,0.5715,,-8.5311,-15.0862,30.4645,968.3091
12,0.6342,0.0695,-9.2189,-14.8587,31.5372,972.9946
13,0.5261,0.0567,-8.2161,-15.6551,30.5105,977.6037
14,0.5154,0.0764,-7.1446,-12.8102,31.5831,982.1117
15,0.4966,0.0655,-8.1872,-15.1223,31.4391,986.4946
16,0.5471,0.0759,-8.0465,-14.3089,30.7979,990.7296
17,0.5609,0.0775,-7.9023,-14.5588,32.0702,994.7948
18,,0.0796,-9.5553,-15.6631,30.2546,998.6696
19,0.4692,0.0795,-7.9712,-13.5518,32.1205,1002.3347
20,0.4639,0.0756,-9.1123,-16.041,31.3015,1005.7722
21,0.5174,0.1044,-8.7374,-14.9172,29.844,1008.9655
22,0.516,0.0734,-6.5098,-12.7665,32.0136,1011.8999
23,0.5036,0.0871,-8.4232,-13.6326,31.6049,1014.562
24,0.4515,0.0898,-8.8013,-14.5854,30.7206,1016.9401
25,0.4844,0.0969,-7.2831,-13.8717,30.348,1019.024
26,0.4775,0.0891,-8.9666,-15.2023,29.9286,1020.8056
27,0.4802,0.1,-8.5769,-13.7988,32.2569,1022.2779
28,0.5057,,-7.237,-12.8799,30.1864,1023.4361
29,0.4801,0.0803,-8.2261,-14.6852,29.9112,1024.2767
30,0.4995,0.1006,-9.5399,-15.6734,30.7558,1024.7981
31,0.4771,0.0882,-7.8915,-14.0091,29.5361,1025.0
32,0.4889,0.0812,-8.6855,-14.9545,29.8526,1024.8839
33,0.5063,0.1039,-7.1829,-14.038,30.9613,1024.4528
34,0.4274,0.1082,-8.9505,-15.2894,30.567,1023.7111
35,0.4782,0.1084,-7.6792,-12.9846,29.9833,1022.6645
36,0.4782,0.1083,,-13.3481,30.1564,1021.3202
37,0.4781,0.0775,-9.3192,-15.3708,29.8151,1019.6866
38,0.4999,0.0833,-8.8553,-14.785,29.9847,1017.7732
39,0.5785,0.122,-8.4534,-13.3443,29.5134,1015.5908
40,0.4922,0.0842,-9.5144,-15.51,29.5793,1013.1511
41,0.574,0.1024,-8.6765,-14.1296,29.5275,1010.4667
42,0.4766,0.0849,-9.1363,-15.4354,29.4354,1007.5512
43,0.5394,0.0919,-9.2148,-15.3445,30.4855,1004.419
44,,0.0811,-9.0402,-15.0339,30.3218,1001.0851
45,0.5938,0.093,-9.0806,-15.4676,29.3138,997.5651
46,0.6073,0.0854,-9.0619,-15.1637,29.1836,993.8754
47,0.6189,,-9.7241,-15.2801,29.8468,990.0325
48,0.5811,0.066,-9.7375,-16.1377,31.2897,986.0537
49,0.5839,,-9.4324,-15.4324,29.4496,981.9564
50,0.6436,0.0587,-9.4131,-15.0588,30.0538,977.7581
51,0.6077,0.0758,-9.7635,-16.1757,30.3025,973.477
52,0.5697,0.0996,-9.1834,-14.6357,30.297,969.1308
53,0.58,0.0818,-10.9195,-16.883,30.2137,964.7378
54,0.5922,0.0718,-10.072,-16.1546,31.3213,960.316
55,0.6516,0.0599,-9.7264,-16.7305,31.0529,955.8834
56,0.6391,0.0356,-10.197,-16.3838,31.4511,951.4579
57,0.6616,0.041,-8.2133,-14.0275,31.4709,947.0573
58,0.6165,0.0705,-9.5013,-14.6286,31.8366,942.6991
59,0.6384,0.0441,-9.37,-15.086,32.4416,938.4006
60,0.5995,0.0247,-10.0675,-15.5044,31.3447,924.5991
61,0.5658,0.0315,-9.6261,-16.2306,31.9516,928.4541
62,0.5989,0.0215,-10.5134,-16.5768,31.3052,932.486
63,0.5554,0.0205,-9.6007,-14.9903,30.1977,936.6717
64,0.5675,0.036,-10.1347,-16.5785,31.1376,940.9872
65,0.5658,0.0274,,-15.0421,,945.4082
66,0.5313,0.0311,-11.2667,-16.9,31.8531,949.9095
67,0.5958,0.0327,-10.0361,-15.8988,30.1602,954.466
68,0.5538,0.0507,-7.8775,-14.0419,31.1159,959.0522
69,0.5686,0.0441,-8.2999,-14.7931,30.413,963.6428
70,0.5823,0.0475,-7.8261,-12.9384,31.1686,968.2126
71,,0.0596,-7.6904,-13.3745,30.7695,972.7368
72,0.5779,0.0538,-8.1845,-14.0142,31.2203,977.1911
73,0.5409,0.0552,-9.0112,-15.2176,30.1166,981.5519
74,0.5212,0.0674,-9.4091,-15.3902,31.4642,985.7962
75,0.5282,0.073,-7.5972,-13.5148,31.1319,989.9021
76,0.4571,0.0665,-8.4038,-14.2038,31.1134,993.8485
77,,0.0725,-6.407,-12.0398,32.1994,997.6157
78,0.4585,0.0653,-8.6475,-15.0388,30.7999,1001.1848
79,0.4653,0.0675,-6.7371,-13.4704,31.2275,1004.5386
80,0.5154,0.0901,-8.4079,-14.3658,,1007.6611
81,0.4578,0.0892,-7.1879,-14.0615,31.104,1010.5375
82,0.4742,0.0921,-6.8811,-13.0429,32.2885,1013.1548
83,0.5372,,-9.0459,-15.3005,30.9567,1015.5015
84,0.4675,0.0923,-8.612,-14.3661,30.5342,1017.5672
85,0.5086,0.1023,-9.0542,-14.0629,31.9467,1019.3437
86,0.4399,0.1072,-9.2228,-16.1951,30.5832,1020.8238
87,0.468,0.1086,-7.7231,-12.586,29.7431,1022.0022
88,0.4381,0.098,-8.4386,-14.5551,30.1956,1022.875
89,0.4632,0.117,-8.2702,-14.0963,29.8225,1023.4398
90,0.512,0.1041,-7.9037,-14.6111,29.4182,1023.696
91,0.4117,0.1096,-9.8766,-15.3782,30.2065,1023.644
92,0.5015,0.1058,-7.4082,-13.3874,30.3078,1023.286
93,0.4977,0.1054,-8.768,-14.7988,30.9844,1022.6255
94,0.4693,0.0934,-8.1177,-15.0864,30.5818,1021.6671
95,0.4408,0.1102,-8.105,-14.0681,30.4855,1020.417
96,0.5078,0.1351,-7.5654,-13.1425,29.5345,1018.8824
97,0.4906,0.0955,-8.8082,-14.9263,30.5421,1017.0717
98,0.5284,0.0995,-10.4866,-15.8995,30.7932,1014.9944
99,0.5278,0.0918,-8.8059,-14.2395,30.1503,1012.6611
100,0.5991,0.0896,-8.7548,-15.0754,30.1311,1010.0831
101,0.5338,0.112,-9.8058,-15.0083,29.0926,1007.2727
102,0.511,0.0833,-8.9221,-14.8994,30.4688,1004.2432
103,0.5677,0.0834,-9.3885,-15.3637,30.9011,1001.0084
104,0.5779,0.0677,-10.2311,-16.1816,30.0354,997.5827
105,0.6318,0.0751,-8.6739,-14.6392,29.5071,993.9814
106,0.619,0.0611,-9.7127,-17.0278,29.8023,990.2201
107,0.6076,0.0866,-9.6336,-15.7263,29.6971,986.3149
108,0.6592,0.1099,-9.721,-16.403,,982.2824
109,0.5598,0.0692,-8.4005,-13.5873,30.481,978.1393
110,0.5879,0.051,,-14.6617,30.3529,973.903
111,0.5818,0.0792,-9.3868,-14.9608,30.8948,969.5908
112,0.6079,0.0571,-9.8254,-15.9447,30.636,965.2201
113,0.5721,0.079,-9.1203,-15.6243,30.0293,960.8088
114,0.6554,0.0577,-8.4236,-14.7523,30.3942,956.3744
115,0.6228,0.0514,-8.9919,-14.0206,30.5156,951.9348
116,0.5736,0.0548,-8.9629,-15.309,30.9108,947.5076
117,0.5915,0.0642,-9.0246,-16.2024,32.2787,943.1105
118,0.6433,0.0508,-10.6063,-16.0913,32.5623,938.7609
119,0.6617,0.0462,-10.1912,-15.4409,32.0858,934.4761
120,0.6635,0.031,-9.785,-14.9554,30.4672,929.9335
121,0.7031,0.0188,-10.1305,-15.6113,29.5959,933.7975
122,0.6048,0.0397,-10.326,-15.7253,30.5689,937.8101
123,0.5492,0.0148,-10.8933,-16.8668,29.9931,941.9487
124,0.503,0.0324,-10.3912,-17.4294,31.4807,946.19
125,0.5974,0.0487,-9.4358,-15.4219,29.5779,950.5105
126,0.5517,0.0452,-9.2017,-14.8909,30.8143,954.8861
127,0.5642,0.0509,-9.696,-15.7636,30.1028,959.2928
128,0.5521,0.0456,-8.9144,-15.0048,30.6659,963.7065
129,0.566,0.0631,-9.2421,-15.7241,31.1151,968.1034
130,,0.063,-7.9422,-14.443,31.3709,972.4598
131,0.5664,0.0602,-8.8665,-13.9474,30.761,976.7525
132,0.5474,0.0691,-8.1064,-13.1692,31.2904,980.9592
133,0.5057,0.0701,-8.4315,-14.4328,30.468,985.0579
134,0.4733,0.0591,-9.6513,-15.5105,31.0396,989.0275
135,0.5139,0.0515,-8.5432,-15.0336,31.5145,992.848
136,0.5244,0.0759,-9.4062,-15.0849,31.1269,996.5003
137,,0.0807,-8.4577,-13.5779,30.6177,999.9665
138,0.5187,0.0904,-8.9276,-15.6922,30.7683,1003.2296
139,0.5467,0.0692,-7.9932,-13.7613,31.538,1006.2742
140,0.4818,0.0725,-9.3473,-15.0778,30.2589,1009.086
141,0.4493,0.0917,-8.2437,-13.9799,30.3252,1011.6522
142,0.4537,0.088,-7.787,-12.9656,31.223,1013.9612
143,0.4595,0.0687,-7.5158,-12.4978,30.5617,1016.003
144,0.5705,0.0981,-8.8576,-14.9743,29.9097,1017.7689
145,0.4503,0.0734,-8.2435,-13.9069,31.5421,1019.2518
146,0.5152,0.0861,-8.1288,-14.0867,30.0162,1020.4458
147,0.4449,0.1152,-7.0635,-13.3795,30.4958,1021.3467
148,0.5185,0.1222,-9.5175,-15.3821,30.179,1021.9516
149,0.4978,0.0867,-9.0985,-14.7627,30.3042,1022.259
150,0.4781,0.098,-6.1685,-12.06,29.8819,1022.2688
151,0.4855,0.1029,-8.6779,-15.1185,30.77,1021.9822
152,0.4646,0.1239,-10.0237,-16.2555,30.3366,1021.4016
153,0.513,0.0965,-9.0322,-15.2602,30.7901,1020.531
154,0.4821,0.0962,-10.8395,-17.2607,29.7666,1019.3753
155,0.4571,0.1198,-8.4923,-14.3355,31.3476,1017.9406
156,0.4614,0.0957,-8.0995,-13.8905,28.8654,1016.2341
157,0.5264,0.1077,-9.54,-15.0503,29.0035,1014.2642
158,0.5901,0.0798,-9.2511,-15.6799,30.9599,1012.0402
159,0.5411,0.0937,-8.199,-14.4878,30.1542,1009.5721
160,0.538,0.074,-10.4007,-15.6234,30.0456,1006.8712
161,0.5624,0.0791,-10.1188,-16.2011,30.0809,1003.9493
162,0.6116,0.0996,-9.303,-15.2879,30.1574,1000.8191
163,0.5764,0.0865,-9.7786,-15.8662,29.9992,997.494
164,0.5594,0.0808,-9.4649,-14.8984,29.2571,993.9879
165,0.628,0.073,-10.2903,-15.7044,30.3582,990.3154
166,0.6085,0.0767,-9.1532,-14.5966,30.3082,986.4916
167,0.66,0.0803,-9.485,-15.4717,30.8274,982.5321
168,0.6126,0.0858,-8.9624,-15.3987,31.1018,978.453
169,0.5624,0.0398,-9.2727,-14.3101,30.3288,974.2706
170,0.562,0.0587,-9.2937,-14.8656,29.4953,970.0017
171,0.6873,0.068,-10.6369,-16.8652,31.4107,965.6631
172,0.694,0.0624,-9.1012,-14.3893,,961.2722
173,0.6207,0.0661,-9.7701,-16.0379,30.8203,956.8463
174,0.6144,0.0623,-9.6435,-14.9382,30.6171,952.4028
175,0.689,0.0534,-8.6713,-13.9322,30.6776,947.9595
176,0.5861,0.0488,-10.0802,-16.541,31.5696,943.5338
177,0.5933,0.0506,-8.4138,-14.1229,31.4416,939.1434
178,0.6524,0.0658,-8.3248,-13.9337,31.7943,934.8059
179,0.6074,0.042,-8.8597,-13.5523,31.1946,930.5386
180,0.5921,0.0331,-10.3436,-16.7147,30.1472,935.1341
181,0.5879,0.0369,-11.2337,-16.5174,29.8135,938.9701
182,0.609,0.0546,-8.5436,-14.5349,30.1863,942.9278
183,0.6516,0.0338,-9.2368,-15.8575,30.2708,946.9853
184,0.5978,0.0506,-9.8393,-15.8993,31.4896,951.1203
185,0.6177,0.0559,-8.2204,-14.2192,30.2718,955.31
186,0.5068,0.0426,-9.7643,-16.2938,29.199,959.5319
187,0.5829,0.0433,-9.3308,-15.1747,31.3595,963.7631
188,0.5464,0.0445,-8.4893,-14.0104,30.8403,967.981
189,0.526,0.0482,-9.7199,-15.6008,30.5394,972.1634
190,,0.0645,-8.8394,-15.1103,30.401,976.2882
191,0.5492,0.0601,-7.8069,-13.8811,30.1374,980.3342
192,0.5926,0.0633,-8.4401,-14.4423,31.9068,984.2805
193,0.496,0.0502,-7.5467,-13.438,30.8087,988.1071
194,0.5434,0.0554,-7.5789,-13.024,29.7631,991.7948
195,0.5158,0.096,-8.4268,-14.2908,31.0244,995.3254
196,,0.0714,-10.256,-16.9573,31.5668,998.6817
197,0.5618,0.0674,-9.2317,-15.5128,30.9452,1001.8474
198,0.537,0.097,-7.7039,-13.6209,30.3112,1004.8075
199,0.563,0.0862,-9.5297,-14.9676,30.2507,1007.5483
200,0.498,0.0927,-8.5331,-13.8842,30.2805,1010.057
201,0.4715,0.0868,-7.9908,-13.1035,31.7218,1012.3225
202,0.4862,0.0871,-7.0833,-13.0179,30.7363,1014.3346
203,0.5014,0.0912,-8.7236,-14.342,29.7355,1016.0847
204,0.496,0.0788,-8.7903,-15.5175,30.9299,1017.5654
205,0.4437,0.0962,-8.3364,-14.1214,30.7348,1018.7706
206,0.4896,0.1024,-8.0392,-14.5768,,1019.6956
207,0.4949,0.1224,-8.4751,-14.5064,29.9238,1020.337
208,,0.1022,-7.55,-12.035,29.8345,1020.6927
209,0.5629,0.074,-9.0717,-14.9199,31.0589,1020.7618
210,0.456,0.1013,-8.384,-14.8159,30.4876,1020.5447
211,0.4818,0.1355,-8.176,-13.9721,30.5578,1020.0431
212,0.4387,0.1129,-8.908,-15.1665,30.3495,1019.2597
213,0.4783,0.0924,-7.9746,-14.455,30.3328,1018.1985
214,0.5199,0.1085,-8.5881,-13.5365,29.7916,1016.8645
215,0.5615,0.0916,-8.1387,-13.6053,29.8896,1015.2637
216,,0.083,-8.6779,-14.5052,30.6578,1013.4034
217,0.5007,0.0936,-8.5958,-14.7917,30.7598,1011.2914
218,0.4484,0.0972,-9.4662,-15.6216,29.1375,1008.9368
219,0.5355,0.0718,-9.5272,-14.756,29.7142,1006.3495
220,0.5074,0.0784,-8.1037,-13.9504,30.3209,1003.5401
221,0.5368,0.0901,-8.6331,-16.1745,30.9354,1000.5199
222,0.5309,0.0826,-10.0154,-14.805,30.8756,997.3013
223,0.5702,0.0898,-9.1046,-15.013,29.3417,993.897
224,0.5114,0.0679,-11.1966,-17.025,30.6098,990.3204
225,0.5305,0.0883,-9.8009,-15.2576,29.919,986.5858
226,0.6815,0.0628,-8.6125,-14.3798,30.5635,982.7076
227,0.5514,0.094,-9.516,-15.1426,30.4769,978.701
228,0.565,0.051,-9.3511,-15.563,29.3268,974.5816
229,0.6877,0.0559,-11.8827,-18.4976,30.5106,970.3653
230,0.735,0.0714,-9.8022,-15.6621,30.8935,966.0685
231,0.5757,0.0838,-9.2311,-14.5153,30.401,961.7079
232,0.6107,0.0652,-9.1374,-15.4613,30.4013,957.3005
233,,0.066,-8.7422,-15.1062,,952.8634
234,0.6975,0.0573,-9.6776,-15.0671,31.2676,948.4142
235,0.5888,0.0429,-9.6342,-15.8628,31.1532,943.9704
236,0.6172,0.0476,-10.5549,-16.7602,30.6545,939.5496
237,0.6559,0.0375,-9.6359,-15.8225,31.2004,935.1696
238,0.6388,0.0354,-10.4607,-16.4932,31.6834,930.8481
239,0.6019,0.0545,-10.9052,-17.692,31.4556,926.6029
240,0.5951,0.021,-10.3638,-16.6334,30.1167,940.1487
241,0.5469,0.0394,-8.2116,-14.0964,29.0959,943.922
242,,0.0214,-9.5549,-15.4433,30.9929,947.7917
243,0.5907,0.0423,-9.0805,-14.5015,30.2355,951.7369
244,0.6088,0.0348,-9.5838,-14.6641,29.6133,955.7362
245,0.5744,0.0597,-10.5217,-15.7654,28.8471,959.7682
246,0.6118,0.0492,-8.257,-13.7997,30.9924,963.8116
247,0.629,0.0627,-10.6616,-16.736,30.7624,967.8451
248,0.5895,0.0416,-9.2877,-15.5993,30.6064,971.8476
249,0.5916,0.0543,-8.8105,-14.8015,31.0491,975.7985
250,0.5734,0.0449,,-14.2161,31.0959,979.6776
251,0.5647,0.0549,-9.2052,-14.7942,30.741,983.4651
252,0.5289,0.0599,-10.0301,-15.7185,30.5124,987.1422
253,0.5634,0.0577,-9.1417,-15.2023,30.4502,990.6906
254,0.5398,0.0551,-9.0471,-14.6536,30.9827,994.0929
255,0.6205,0.0559,-9.0202,-14.3898,31.5915,997.3327
256,0.5929,0.0481,-7.5862,-13.1461,30.7078,1000.3944
257,0.5388,0.0666,-9.3008,-15.3168,31.6642,1003.2637
258,0.4867,0.0898,-8.0641,-14.481,31.0035,1005.9271
259,0.4671,0.066,-8.1608,-14.5895,31.0015,1008.3724
260,0.554,0.0715,-7.5091,-13.8497,32.202,1010.5885
261,0.5124,0.112,-8.3815,-14.253,31.7287,1012.5654
262,,0.0853,-7.6471,-13.3872,,1014.2945
263,0.4251,0.0989,-8.4301,-15.1374,30.1931,1015.7682
264,0.5296,0.1047,-7.9641,-14.2161,31.9443,1016.9802
265,0.5091,0.1065,-9.54,-15.4183,30.531,1017.9253
266,0.4458,0.0817,-10.4805,-16.9303,30.3902,1018.5998
267,0.4715,0.0983,-8.106,-13.889,29.173,1019.0008
268,0.5019,0.0825,-8.1066,-14.2603,30.6029,1019.1269
269,0.4953,0.1318,-8.1194,-14.4811,29.6932,1018.9776
270,0.4842,0.0835,-8.9722,-14.9456,30.5229,1018.5536
271,0.4952,0.09,-7.4166,-13.2205,29.5154,1017.8569
272,0.4934,0.0898,-9.0353,-15.4595,31.2264,1016.8903
273,0.5145,0.0837,-8.3919,-14.5132,30.4162,1015.6577
274,0.5728,0.1169,-8.3157,-14.0819,31.394,1014.164
275,0.4174,0.1286,-7.4801,-13.8612,29.3576,1012.4152
276,0.5172,0.0924,-9.1726,-16.0015,,1010.4181
277,0.5408,0.0806,,-16.2731,28.7989,1008.1803
278,0.5529,0.0678,-10.243,-16.452,29.9714,1005.7106
279,0.5338,0.0896,-7.8629,-14.5221,29.4427,1003.0183
280,0.4862,0.0865,-8.8256,-14.9995,,1000.1135
281,0.5773,0.0801,-8.8553,-14.0228,29.4933,997.0073
282,0.641,0.0881,-6.7758,-13.4651,29.2625,993.7112
283,0.5182,0.0876,-9.0566,-15.1979,29.0761,990.2377
284,0.6214,0.084,,-15.3354,29.6002,986.5997
285,0.5806,0.0736,-9.5547,-15.3507,29.9826,982.8108
286,0.5978,0.0615,-10.2111,-16.3949,30.6725,978.8852
287,0.5641,0.08,-9.7759,-15.8543,30.2268,974.8376
288,0.5981,0.0694,-9.8037,-15.589,30.8389,970.6833
289,0.6681,0.0773,-9.9681,-15.1203,29.3554,966.4378
290,0.6431,0.0736,,-16.8899,30.0996,962.1174
291,0.692,0.0446,-8.2415,-14.6203,30.9162,957.7385
292,0.6718,0.0422,-9.2767,-15.9661,30.8384,953.318
293,0.6433,0.0482,-9.691,-15.6395,30.2705,948.8733
294,0.6955,0.0426,-8.8944,-15.5972,31.5134,944.4216
295,0.6422,0.0626,-9.1087,-15.3406,30.8097,939.9807
296,0.6557,0.0562,-9.2456,-15.7,30.8463,935.5685
297,0.6075,0.0638,-8.8947,-14.3576,31.7965,931.203
298,0.6177,0.0543,-9.3085,-15.5627,31.7055,926.9022
299,0.5817,0.0512,-8.8493,-14.6508,31.5899,922.6843
300,0.6478,0.0497,-8.8285,-15.6306,29.6541,944.9286
301,0.5617,0.0423,-9.2216,-15.1558,29.3847,948.6071
302,0.6397,0.0392,-9.4466,-16.0482,29.8337,952.3585
303,0.5992,0.058,-7.9631,-14.1759,30.7805,956.1631
304,0.6512,0.0438,-9.4864,-14.3808,30.3205,960.0008
305,0.6309,0.0411,-8.708,-14.2419,30.8047,963.8515
306,0.6694,0.0373,-8.608,-14.6722,30.5964,967.6954
307,0.6208,,-9.3469,-13.7474,29.9768,971.5127
308,0.5231,0.0679,-9.4284,-15.886,29.4113,975.2839
309,0.5771,0.0555,-8.9917,-14.4091,29.8993,978.9902
310,0.5264,0.0749,-9.0331,-15.7994,30.1043,982.6129
311,0.5457,0.0388,-9.7414,-15.8634,30.1057,986.1343
312,0.6198,0.0651,-9.0372,-15.7111,31.1864,989.5371
313,0.5777,,-8.2501,-14.1215,31.2175,992.8049
314,0.5171,0.0636,-7.404,-13.376,31.9934,995.9219
315,0.4975,0.1041,-7.9337,-14.0875,,998.8735
316,0.5326,0.0779,-10.4244,-15.8784,31.6662,1001.6457
317,0.4762,0.0769,-7.8068,-14.0903,31.672,1004.2258
318,0.4921,0.085,-8.7489,-14.5855,30.5796,1006.6018
319,0.5259,0.0634,-7.9301,-13.5198,30.997,1008.7629
320,0.5547,0.081,-8.3016,-15.0433,31.4433,1010.6993
321,0.5286,0.1043,-8.4497,-14.824,30.6419,1012.4023
322,0.409,0.0871,-8.39,-14.363,30.5666,1013.8642
323,0.5101,0.0867,-8.3458,-14.0307,30.2362,1015.0787
324,0.4988,0.1141,-7.2787,-12.568,29.1545,1016.0401
325,0.5112,0.1159,-8.4026,-14.5106,30.5651,1016.7442
326,,0.1071,-7.5571,-13.7153,30.0442,1017.1876
327,0.4123,0.0963,-7.7176,-14.1539,29.7683,1017.3683
328,0.4725,0.0995,-7.9847,-13.8197,30.6071,1017.2849
329,0.522,0.093,-10.0006,-16.1492,29.4212,1016.9374
330,0.438,0.0907,-7.7346,-13.8716,30.7129,1016.3267
331,0.5641,0.0898,-9.0537,-15.1007,30.4569,1015.4546
332,0.5242,0.0944,-8.1765,-13.9007,29.8655,1014.324
333,0.5484,0.0885,-9.5903,-15.8722,30.0092,1012.9387
334,0.4974,0.081,-9.8244,-16.2105,29.2783,1011.3034
335,0.559,0.101,-7.3593,-13.1434,30.3929,1009.4237
336,0.5758,0.0996,-9.7694,-17.2823,30.0117,1007.306
337,0.5494,0.1153,-8.1492,-14.451,30.0202,1004.9578
338,0.5567,0.0849,-9.0316,-15.6072,30.1366,1002.387
339,0.5656,0.0942,-9.5201,-14.9185,29.4319,999.6028
340,0.5277,0.0921,-9.2744,-15.4949,28.8982,996.6147
341,0.5639,0.0828,-10.3303,-16.6107,30.3876,993.4333
342,0.571,0.0921,-9.3472,-15.3715,30.2422,990.0697
343,0.5996,0.0898,-10.2446,-16.5422,29.5362,986.5358
344,0.631,0.0817,-9.7319,-15.9333,30.1445,982.8441
345,0.555,0.072,-8.7073,-14.6588,,979.0078
346,0.5982,,-9.2707,-15.4818,30.7069,975.0408
347,0.6677,0.0532,-10.6807,-16.8953,,970.9575
348,0.5833,0.0573,-8.8289,-15.334,,966.7727
349,0.5839,0.0569,-9.5252,-16.1021,29.5247,962.5022
350,0.6278,0.0484,-9.9569,-15.9266,30.2522,958.1618
351,0.6555,0.0648,-8.9239,-14.7706,31.4537,953.7681
352,0.6233,0.0717,-9.6476,-16.3617,30.2885,949.3379
353,0.6761,0.0445,-10.4338,-16.0538,30.5283,944.8887
354,0.6562,0.057,-8.0056,-13.6236,30.6868,940.438
355,0.6536,0.0396,,-14.9884,30.9179,936.0038
356,0.639,0.0469,-9.501,-15.3511,31.4182,931.6044
357,0.7058,0.0412,-9.7303,-15.4118,30.8514,927.2581
358,0.5992,0.0558,-8.4295,-13.337,32.4696,922.9835
359,0.521,0.0398,-9.7581,-15.9088,31.9351,918.7991
360,0.6794,0.0485,-10.6017,-17.1245,31.3604,949.4291
361,0.5969,0.035,-9.8278,-16.5948,29.2151,952.9835
362,0.6183,0.032,-8.1411,-13.2633,30.925,956.5895
363,0.6641,0.0269,-8.4538,-13.5694,30.8623,960.2287
364,0.5445,0.0473,-9.2407,-15.703,29.8401,963.8823
365,0.5545,0.0576,-7.8564,-14.2201,29.9117,967.5317
366,0.5357,0.0528,-8.2768,-14.4388,29.6586,971.1587
367,0.5625,0.0793,-9.0113,-14.3992,29.7277,974.7451
368,0.6058,0.0726,-8.8571,-15.5008,30.3341,978.273
369,0.6026,0.0549,-8.3915,-15.3748,30.4053,981.7254
370,0.5859,0.058,-9.2559,-14.1721,29.4863,985.0853
371,0.5112,0.0707,-8.5277,-14.3715,31.8743,988.3366
372,0.4681,0.0583,-8.2314,-14.0042,30.3877,991.4638
373,,0.0856,-9.7812,-15.8837,30.622,994.4521
374,0.5272,0.0792,-8.5433,-14.3104,30.2395,997.2875
375,0.5575,0.0812,-8.6018,-15.3589,30.4805,999.9568
376,0.5605,0.0894,-7.5118,-13.9323,30.4439,1002.4477
377,0.5317,0.1048,-9.7924,-15.7398,30.667,1004.7488
378,0.5508,0.089,-8.6122,-15.7477,30.6621,1006.8494
379,0.5243,0.0883,-8.6903,-14.8415,31.148,1008.74
380,0.5317,0.1102,-7.5422,-13.7243,30.7877,1010.412
381,0.4783,0.1059,-8.3579,-14.5093,31.0526,1011.8577
382,0.4961,0.0924,-6.9061,-13.1817,30.5956,1013.0704
383,0.5087,0.0981,,-14.3379,30.7049,1014.0442
384,0.532,0.1019,-8.731,-15.642,30.3798,1014.7746
385,0.4826,0.1051,-8.2502,-14.1778,31.0796,1015.2576
386,0.5192,0.0854,-8.7696,-14.9197,30.6197,1015.4904
387,0.4885,0.0838,-7.8482,-14.5358,30.2761,1015.4711
388,0.4961,,-9.655,-15.6238,30.2002,1015.1988
389,0.5365,0.0911,-9.3054,-15.4528,,1014.6733
390,0.4268,0.0947,-8.3419,-14.5724,30.2116,1013.8957
391,0.4586,0.1095,-7.788,-14.8665,30.1001,1012.8677
392,0.4558,0.099,-10.5939,-16.2525,29.741,1011.5919
393,0.427,0.1023,-7.7972,-14.4137,30.4808,1010.0719
394,0.499,0.0839,-9.0733,-15.0416,30.4685,1008.312
395,0.5623,0.0915,-10.532,-16.9361,30.9972,1006.3175
396,0.5276,0.1023,,-17.683,29.5267,1004.0945
397,0.5538,0.1004,-10.3711,-15.7949,30.2584,1001.6497
398,0.5966,0.0823,-9.2209,-14.9551,28.6917,998.991
399,0.6133,0.0906,,-14.7472,30.3231,996.1267
400,0.5646,0.1126,-8.8034,-14.6382,28.951,993.066
401,0.6287,0.0834,-9.7958,-15.5977,29.2452,989.819
402,0.5851,0.0726,-10.2841,-17.1746,30.0583,986.3964
403,0.5546,0.0761,-9.7644,-15.9232,29.5221,982.8096
404,0.5705,0.0765,-9.438,-15.5505,29.4895,979.0709
405,0.5408,0.0708,-9.3055,-14.6937,29.7167,975.1931
406,0.5697,0.0695,-10.1409,-16.394,30.5223,971.1897
407,0.5954,0.0499,-8.8019,-14.6695,29.6157,967.0751
408,0.6456,0.0531,-10.0278,-15.9149,30.2475,962.864
409,0.6852,0.0603,-10.2282,-15.6494,30.1708,958.5719
410,0.5632,0.0578,-9.9623,-16.0292,31.021,954.2149
411,0.6353,0.0508,-8.6589,-14.245,31.1812,949.8095
412,,0.0534,-9.6101,-16.4626,29.7264,945.3729
413,0.6379,0.0544,-10.0396,-16.8466,31.6204,940.9227
414,0.6118,0.0627,-8.7187,-15.8604,30.8023,936.4767
415,0.5408,0.0494,-7.7168,-13.3238,31.4945,932.0534
416,0.6471,0.0542,-9.231,-14.8942,30.9805,927.6715
417,0.5807,0.0419,-8.3763,-13.9279,31.9633,923.3499
418,0.5774,0.0546,-8.4966,-14.8353,33.4724,919.1077
419,0.5488,0.0518,-9.7701,-16.0519,32.2214,914.964
420,0.5955,0.0481,-9.2788,-15.3394,29.495,953.61
421,0.638,0.048,-10.2443,-15.5225,29.686,957.0142
422,0.6114,0.0486,-9.2996,-14.4527,29.0033,960.451
423,0.6292,0.0426,-9.5541,-15.1572,30.8176,963.9034
424,0.6267,0.0492,-9.2938,-15.1283,30.2021,967.3541
425,0.6605,0.0617,-9.4916,-14.8239,29.4527,970.7862
426,0.5886,0.044,-9.0441,-15.1721,29.5402,974.1827
427,0.5373,0.0473,-8.3149,-14.5103,30.2262,977.5273
428,0.6326,0.0601,-8.7666,-14.8311,30.8413,980.8039
429,0.5698,0.0662,-10.0976,-16.587,29.6536,983.9968
430,0.6205,0.0545,-9.1436,-15.2311,31.0703,987.0911
431,0.584,0.0668,-9.7088,-16.2675,30.4004,990.0721
432,0.5561,0.0699,-8.2512,-13.7387,29.9446,992.926
433,0.568,,-8.0038,-13.7319,30.2631,995.6395
434,0.6249,0.0748,-8.1684,-13.4536,,998.2003
435,0.623,0.0787,-8.9783,-15.7929,29.7712,1000.5965
436,0.5361,0.0817,-8.1333,-13.1824,30.1837,1002.8172
437,,0.1034,-8.697,-15.4832,31.205,1004.8521
438,,0.0745,-9.2293,-15.8284,30.7658,1006.6919
439,0.4828,,-7.7306,-14.041,30.1555,1008.3282
440,0.5256,0.0625,-7.6827,-13.0288,31.1956,1009.7531
441,0.5075,0.0902,-7.5981,-13.4853,31.203,1010.9598
442,0.5182,0.093,-8.8709,-14.9928,30.7661,1011.9424
443,0.4702,0.0932,-7.4742,-13.8705,30.1649,1012.6957
444,0.4387,0.1138,-8.852,-15.54,30.2164,1013.2153
445,0.4188,0.1118,-7.9793,-13.413,30.6161,1013.4979
446,0.4574,0.1031,-8.9607,-14.5613,29.6077,1013.5409
447,0.4849,,-8.7852,-14.109,31.1377,1013.3423
448,0.4935,0.115,-10.6007,-16.4023,31.305,1012.9015
449,0.5855,0.1022,-8.9659,-16.287,30.0859,1012.2181
450,0.5557,0.0922,-8.7143,-15.3366,30.3837,1011.2931
451,0.4771,,-9.1794,-14.947,30.8252,1010.1278
452,0.5343,0.0949,-7.5114,-13.6962,31.233,1008.7248
453,0.5095,0.1079,-9.9112,-16.1906,30.9434,1007.0871
454,0.5202,0.1246,-9.4962,-16.0478,28.9221,1005.2187
455,,0.0963,-9.8319,-15.3581,29.7343,1003.1244
456,0.5691,0.0844,-9.6195,-15.3914,30.1914,1000.8099
457,0.5375,0.0772,-8.401,-14.1504,29.57,998.2814
458,0.6005,0.0957,-8.098,-14.4148,30.921,995.5463
459,0.5192,0.0654,-9.8913,-15.8032,30.824,992.6124
460,0.572,0.0906,-9.9549,-16.6238,29.3629,989.4885
461,0.6824,0.0911,-10.3431,-16.408,29.773,986.1842
462,0.5938,0.0838,-8.408,-15.672,29.4511,982.71
463,,0.0732,-8.5862,-15.3703,29.8273,979.0768
464,0.6003,0.0798,-9.592,-15.7531,29.8661,975.2966
465,0.6249,0.0723,-10.6422,-15.4547,30.6445,971.3821
466,0.6039,0.0582,-10.5827,-17.4831,29.6232,967.3466
467,0.603,0.0871,-9.4069,-16.0287,28.6843,963.2044
468,0.5816,0.0582,-9.1038,-14.9954,29.4033,958.9703
469,0.6321,0.0693,-11.1902,-16.3055,29.8738,954.6599
470,0.582,0.0287,-9.7826,-15.6815,30.2347,950.2893
471,0.6429,0.071,-8.2137,-13.8627,30.8897,945.8755
472,0.659,0.0714,-9.6601,-15.8289,30.2899,941.4357
473,0.6284,,-8.2675,-14.5228,30.3817,936.9881
474,0.5995,0.0573,-8.9088,-14.8677,30.7302,932.551
475,0.6252,0.056,-10.2606,-16.5897,30.8057,928.1434
476,0.5897,,-9.5893,-15.2271,31.336,923.7844
477,0.6335,0.0542,-9.4175,-16.2207,31.5088,919.4937
478,0.5158,,-10.0341,-15.5891,32.4824,915.291
479,0.5677,0.0396,-10.0042,-15.9845,31.6786,911.1963
480,0.5478,,-8.0294,-14.1367,,957.4359
481,0.5661,0.0528,-9.9344,-16.7559,29.4193,960.6671
482,0.6778,0.0349,-8.2074,-14.6973,30.2988,963.9147
483,,0.037,-9.3378,-14.7385,29.7915,967.1627
484,0.5865,0.0407,-8.9293,-15.0336,30.5872,970.3955
485,0.55,0.0601,-8.382,-14.2428,29.339,973.5978
486,0.4857,0.0423,,-15.676,30.0741,976.7543
487,0.5762,0.0616,-8.2331,-14.2476,29.83,979.8502
488,0.688,0.0695,-10.2594,-16.9454,29.5092,982.8711
489,0.6014,0.0627,-8.2106,-14.1607,30.2699,985.803
490,0.5543,0.0792,-10.4834,-16.2981,31.4112,988.6325
491,0.5878,0.0667,-8.6428,-14.4825,29.9153,991.3466
492,0.4993,0.0711,-7.7375,-14.1893,30.4,993.933
493,0.5425,0.0651,-7.8899,-14.061,29.7317,996.3798
494,0.5513,0.0922,-9.4009,-15.1323,29.6786,998.676
495,0.537,0.0738,-9.28,-15.3857,30.1091,1000.811
496,0.5657,0.0901,-8.8851,-15.0288,30.3307,1002.7752
497,0.5419,0.0877,-8.1829,-13.2312,30.3683,1004.5594
498,0.5494,0.0785,-9.9628,-16.4383,30.4786,1006.1553
499,0.4904,0.0861,-8.3608,-13.8206,29.6197,1007.5551
500,0.5498,0.1121,-8.1213,-14.6987,30.2196,1008.7519
501,0.5757,0.0998,-8.6241,-14.2967,30.8752,1009.7395
502,0.4691,0.0869,-8.0112,-13.6571,29.731,1010.5124
503,0.4706,0.1039,-8.2923,-14.5475,,1011.0659
504,0.5586,0.0996,-8.95,-15.5587,30.6466,1011.3959
505,0.4974,0.1435,-10.1159,-17.1012,29.9561,1011.4991
506,0.5618,0.1059,-8.5149,-14.8225,30.581,1011.3731
507,0.4895,0.0981,-9.4424,-15.1793,29.411,1011.0159
508,0.5676,0.1195,-9.2038,-15.7427,30.8023,1010.4266
509,,0.08,-8.4213,-14.3728,30.4335,1009.6049
510,0.5264,0.1025,-7.7356,-14.4738,30.1926,1008.5511
511,0.583,0.1243,-8.9654,-15.0823,30.7808,1007.2665
512,0.5108,0.0977,,-15.1307,29.8578,1005.7531
513,0.493,0.0767,-10.2206,-16.2596,29.6382,1004.0136
514,0.5185,0.091,-8.9317,-15.1822,30.7911,1002.0516
515,0.5607,0.1113,-9.2368,-15.832,,999.8712
516,0.4864,0.0962,-8.2634,-14.5928,29.4893,997.4777
517,0.5811,0.0793,-9.7335,-16.2006,29.8183,994.8768
518,0.5407,0.0787,-9.5447,-16.2017,30.5045,992.0755
519,0.6148,0.0776,-8.55,-14.0086,29.832,989.0811
520,0.4796,0.086,-9.5112,-15.6913,30.2484,985.9021
521,0.5501,0.095,-10.3597,-17.4608,30.3848,982.5476
522,0.52,0.0888,-7.4606,-13.7722,29.6167,979.0278
523,0.5599,0.0788,-10.388,-15.9307,30.2564,975.3535
524,0.6079,0.0546,-9.594,-15.9746,30.0653,971.5364
525,0.5951,0.0519,-9.2756,-14.5267,29.4166,967.5891
526,0.5959,0.0716,-9.3433,-15.7717,29.6444,963.5251
527,0.6026,0.0465,-9.7074,-15.4557,29.9517,959.3586
528,0.6192,0.0575,-9.6956,-15.1773,31.0185,955.1044
529,0.5719,0.0616,-9.722,-15.4969,31.1693,950.7785
530,,0.0422,-10.4074,-17.0947,31.1856,946.3974
531,0.6384,0.0416,-7.7699,-14.2412,31.1544,941.9782
532,0.6256,0.051,-9.6367,-15.0517,31.3033,937.5389
533,0.6297,0.0567,-8.9495,-15.3518,31.3968,933.0979
534,0.6155,0.0621,-9.6573,-15.1694,31.6578,928.6743
535,0.6803,0.0556,-9.6326,-15.8478,31.8885,924.2877
536,0.5896,0.0484,,-15.5992,,919.958
537,0.5739,0.038,-10.5002,-17.1933,31.5242,915.7054
538,0.5482,0.0339,-9.3424,-15.6465,31.5829,911.5504
539,0.5283,0.0406,-9.4925,-15.9301,33.0672,907.5138
540,0.5828,0.0456,-8.2328,-14.12,30.6051,960.8763
541,0.5947,0.0469,-10.0453,-15.9987,28.3822,963.9158
542,0.6241,0.0201,-9.4682,-15.2368,30.6975,966.9575
543,0.6361,0.0385,-9.6453,-15.8905,29.8884,969.9874
544,0.6198,0.0652,-7.695,-14.1601,30.5232,972.9912
545,0.5814,0.0546,-9.4702,-15.3788,30.2989,975.9553
546,0.6418,0.0397,-8.2545,-14.7693,30.9378,978.866
547,0.6286,0.0882,-7.8626,-13.3233,30.2758,981.7102
548,0.5855,,-8.6953,-14.7526,29.4051,984.475
549,0.5584,0.071,-9.6256,-15.7886,30.2287,987.148
550,0.5989,0.0745,-9.5676,-15.3365,30.6654,989.7172
551,0.5769,0.0686,-7.7476,-13.7857,30.2843,992.1712
552,0.5039,0.0675,-9.4102,-16.2393,30.8597,994.499
553,0.5518,0.1048,-8.0621,-14.5928,30.4695,996.6901
554,0.5579,0.0944,,-13.7371,30.1877,998.7347
555,0.5047,0.0952,-8.0453,-14.0034,29.9213,1000.6233
556,0.542,0.095,-7.9672,-14.808,30.3574,1002.3472
557,0.4705,0.0786,,-14.9206,30.7263,1003.8982
558,0.577,0.1083,-9.143,-15.4226,29.4305,1005.2686
559,0.569,0.085,-7.8109,-14.2482,30.1325,1006.4516
560,0.5052,0.1004,-8.9136,-15.4861,,1007.4407
561,0.5268,0.079,-10.6442,-16.1443,30.1954,1008.23
562,0.4136,0.0755,-7.9653,-14.948,31.2559,1008.8144
563,0.4623,0.1049,-9.3591,-15.7778,29.7913,1009.1894
564,0.4961,0.0922,-8.2071,-14.1471,30.8848,1009.3511
565,0.4652,0.0785,-7.5218,-12.7326,32.1275,1009.296
566,0.5376,0.1091,-8.6815,-14.4046,31.2418,1009.0217
567,0.5907,0.1279,-7.9602,-14.3832,30.3987,1008.5261
568,0.4662,0.1188,,-13.9332,30.7809,1007.8079
569,0.483,0.0983,-7.6165,-14.294,29.3909,1006.8664
570,0.5297,0.1005,-9.8023,-15.6696,29.2164,1005.7017
571,0.5892,0.1099,-9.0253,-14.7814,30.1273,1004.3146
572,0.4808,0.1112,-8.5454,-14.9859,30.3022,1002.7066
573,0.5451,0.0919,-9.2998,-14.951,30.6771,1000.8799
574,0.6137,0.0945,-8.287,-14.544,29.6423,998.8376
575,0.4809,0.0956,-9.6127,-15.2651,30.0695,996.5834
576,0.5019,0.0963,-7.6662,-14.586,30.0268,994.1219
577,0.5426,0.0857,-7.6743,-13.5068,29.8393,991.4586
578,,0.0833,-9.1919,-15.398,29.8715,988.5999
579,0.6046,0.0986,-9.0159,-14.441,29.4098,985.5527
580,0.5877,0.0938,-8.5393,-14.5613,30.1098,982.3252
581,0.5128,0.0822,-10.4711,-15.8465,30.0906,978.9263
582,0.6098,0.0944,-10.5935,-16.3397,29.754,975.3659
583,0.5709,0.0663,-8.5549,-14.6186,30.4751,971.6548
584,0.6493,0.0877,-9.3504,-14.9566,30.7634,967.8045
585,0.5768,0.072,-9.754,-15.3569,30.6378,963.8277
586,0.5794,0.1022,-9.5605,-15.3246,,959.738
587,0.6286,0.0462,-11.4687,-18.6148,30.5008,955.5498
588,0.6387,0.0499,-9.6966,-16.1879,30.0186,951.2783
589,0.6264,0.061,-10.1252,-15.4331,30.7603,946.9396
590,0.5405,0.0588,-8.7615,-15.3895,30.3065,942.5509
591,0.6278,0.0756,-8.6682,-14.2269,31.7768,938.1298
592,0.5623,,-8.9666,-14.6134,31.65,933.6948
593,0.6095,,-9.0715,-15.4344,32.0502,929.265
594,0.5384,0.0622,-10.5424,-17.54,32.1754,924.8603
595,0.6075,0.0559,-8.826,-15.1104,,920.5008
596,0.5507,0.0353,-8.747,-13.708,31.678,916.2074
597,0.524,0.0634,-8.2051,-14.6367,33.1784,912.001
598,0.5953,0.0612,-7.4569,-13.8541,32.2359,907.903
599,0.5669,0.0539,-10.456,-16.9548,31.7236,903.935
600,0.6123,0.045,-9.4171,-14.8097,30.1635,963.9067
601,0.6919,0.0476,-9.6188,-15.7402,29.7247,966.7391
602,0.6122,0.0465,-8.8069,-15.1199,,969.5625
603,0.6263,0.0579,-8.8565,-14.1497,,972.3643
604,0.6302,0.0535,-8.9798,-14.6901,29.8795,975.132
605,0.5885,0.046,-7.8997,-14.3593,30.8923,977.8534
606,0.6255,0.0467,-9.5368,-16.1485,29.1371,980.5165
607,0.5782,0.0535,-9.4277,-14.8486,,983.1096
608,0.5756,0.0685,-9.3593,-15.3509,29.6854,985.6215
609,0.639,0.0687,-8.7797,-15.5542,28.9728,988.0412
610,0.5351,0.0749,-9.4328,-16.3243,30.8802,990.358
611,0.4726,0.0816,-8.4546,-15.0126,30.0817,992.562
612,0.626,0.0712,-8.5215,-15.1412,31.012,994.6432
613,0.6562,0.0994,-8.9995,-16.0226,,996.5925
614,0.531,0.0815,-7.6604,-14.2102,30.9147,998.4009
615,0.4632,0.0823,-8.4041,-14.8637,30.3055,1000.06
616,0.5221,0.0959,-7.5114,-13.7427,30.1397,1001.5618
617,0.5176,0.0705,-8.5302,-13.6838,30.6631,1002.8989
618,0.5165,0.0852,-8.4137,-14.5472,31.1631,1004.0642
619,0.4754,0.1084,-8.872,-14.9557,30.5753,1005.0512
620,0.5396,0.0774,-8.4615,-14.2068,30.1704,1005.8537
621,0.5347,0.1131,-7.9264,-14.0451,29.8506,1006.4664
622,0.452,0.119,-8.8714,-14.6713,30.6642,1006.884
623,0.5387,0.0972,,-14.0385,30.1747,1007.1021
624,0.5925,0.1057,-9.2994,-15.2382,30.4242,1007.1166
625,0.5177,0.1159,-8.1015,-12.7183,30.2797,1006.9241
626,0.4986,0.0968,,-14.7796,30.1087,1006.5218
627,0.5084,0.1125,-8.1547,-14.6955,30.5017,1005.9072
628,0.5414,,-8.8535,-14.6683,30.607,1005.0787
629,0.451,0.0948,-7.7524,-14.1483,31.4023,1004.0351
630,0.5307,0.0898,-9.9592,-15.7361,30.628,1002.7762
631,0.5131,0.102,-10.2828,-16.9704,31.0821,1001.3021
632,0.6076,0.1102,-9.6591,-16.213,29.591,999.6138
633,0.5321,0.0922,-10.3357,-16.1638,29.0828,997.7131
634,0.6114,0.077,-10.393,-15.8941,,995.6024
635,0.5065,0.077,-8.8446,-14.5932,30.5001,993.2851
636,0.5801,,-9.3958,-14.9687,30.3889,990.7653
637,0.5754,0.1072,-9.8219,-15.635,30.6874,988.048
638,0.5339,,-9.7881,-15.7018,28.4413,985.1391
639,0.5815,0.075,-9.9908,-16.2426,30.7288,982.0455
640,0.6284,0.0861,-8.2211,-13.8146,30.2039,978.775
641,0.5722,0.0712,-10.1517,-15.6393,29.1143,975.3363
642,0.5222,0.0667,-10.6364,-16.6679,30.5259,971.7392
643,0.5933,0.057,-8.9505,-15.0089,30.2577,967.9945
644,0.5615,0.0827,-9.7619,-14.9662,30.4625,964.1139
645,0.5868,0.0328,-7.9536,-13.9638,30.9244,960.1102
646,0.5993,0.0703,-9.9944,-15.9565,30.6877,955.9972
647,0.5356,0.0528,-8.8792,-14.6371,29.6634,951.7896
648,0.5396,0.0513,-8.6668,-14.7157,30.5915,947.5032
649,0.623,0.0745,-9.9207,-16.3309,29.849,943.1547
650,0.5813,0.0438,-10.0639,-15.8749,31.3626,938.7615
651,0.4971,0.0426,-8.8378,-14.8572,31.9759,934.3422
652,0.6275,0.0478,-8.9283,-14.0072,30.5655,929.9158
653,0.6025,0.0532,-10.4706,-16.0764,31.089,925.5024
654,0.5575,0.0421,-10.1961,-16.4939,31.1508,921.1225
655,0.5268,0.0279,-11.2717,-16.9072,31.6016,916.7972
656,0.6054,0.036,-8.7142,-14.5603,32.3191,912.5481
657,0.5775,0.0617,-9.3474,-14.6927,32.0058,908.3971
658,0.6495,0.0474,-9.2153,-15.4776,32.8637,904.3664
659,0.5608,0.0523,-10.3875,-16.2932,33.3109,900.4784
660,0.6559,0.0413,-9.9226,-15.9722,30.1851,966.5077
661,,0.039,-9.3464,-15.3172,28.9407,969.1218
662,0.6647,0.0698,-9.4239,-15.8665,30.5334,971.7183
663,0.6517,0.0503,-8.7168,-14.4288,30.6732,974.2861
664,0.6707,0.0502,-8.273,-14.064,30.8169,976.8144
665,0.5931,0.0718,-6.8574,-12.2148,29.8811,979.2924
666,0.5894,0.0532,-8.6276,-14.6326,29.613,981.7098
667,0.5803,0.058,-7.6637,-13.8696,29.5583,984.0562
668,0.6234,0.0685,-9.1708,-14.7761,29.5681,986.3219
669,0.6439,0.0717,-9.8045,-16.2016,30.311,988.4972
670,0.5578,0.078,-8.7115,-14.169,30.8812,990.5728
671,0.5514,0.1032,-9.6806,-15.1391,31.2179,992.5397
672,0.5734,0.0852,-8.3712,-13.7426,30.1965,994.3892
673,0.5438,0.0556,-8.9959,-14.8076,30.5102,996.1129
674,0.5848,0.0908,-9.9316,-16.1748,30.5079,997.7029
675,0.4502,0.09,-6.9839,-12.9293,30.2175,999.1515
676,,0.0925,-8.8152,-14.6251,31.0595,1000.4512
677,0.4978,0.0972,-9.7152,-15.9953,30.8462,1001.5951
678,0.4317,0.0958,-7.7139,-13.0473,30.7153,1002.5766
679,0.4821,0.0973,-9.0494,-14.7594,30.8385,1003.3893
680,0.4808,0.1067,-7.6349,-14.0811,30.9782,1004.0273
681,0.507,0.094,-9.1402,-14.1987,30.9501,1004.4852
682,0.558,0.0901,-9.0378,-14.9891,30.055,1004.7578
683,0.5028,0.1383,-8.3854,-14.9324,31.0611,1004.8404
684,0.4714,,-8.2467,-14.6618,30.6367,1004.7287
685,0.5111,0.1035,-8.1696,-13.4258,30.1787,1004.4191
686,0.5568,0.0841,-8.9217,-14.0092,30.533,1003.9081
687,0.4781,0.1029,-8.494,-13.9893,30.5503,1003.1931
688,0.4836,0.0894,-8.3881,-13.7285,30.9429,1002.2718
689,0.5459,0.0942,-8.8918,-14.2835,29.6169,1001.1427
690,0.5187,0.1106,-9.2331,-14.9546,30.9921,999.8047
691,0.558,0.1021,,-16.1757,,998.2577
692,0.5366,0.1014,-8.7672,-14.4972,29.8083,996.502
693,0.5705,,-9.2722,-14.9042,29.7548,994.5388
694,0.5065,0.1123,-9.6924,-16.0632,29.4476,992.3702
695,0.5531,0.0736,-8.3903,-14.0243,28.983,989.9989
696,0.5509,0.1037,-10.6008,-15.8715,30.4219,987.4287
697,0.5164,0.095,-8.1838,-14.287,31.2016,984.6643
698,0.5081,0.0869,-9.5514,-15.708,29.0508,981.7113
699,0.6034,0.067,-9.3077,-15.0694,29.4708,978.5762
700,0.5669,0.0762,-9.8993,-16.2242,30.5238,975.2668
701,,0.066,-10.9317,-17.5901,30.0898,971.7918
702,0.5857,0.0692,-9.7176,-15.1438,30.6752,968.161
703,0.6382,0.0631,-9.3391,-15.5646,30.1842,964.3852
704,0.5047,0.0391,-9.06,-15.0508,29.9809,960.4764
705,0.5381,0.0745,-9.7468,-16.0519,30.2911,956.4479
706,0.5623,0.0576,-11.3233,-16.6849,29.1079,952.3136
707,0.6581,0.0506,-10.7774,-16.3508,29.9745,948.0889
708,0.6105,0.0476,,-13.9918,31.3651,943.7901
709,0.6285,0.0568,-10.3508,-16.9408,31.6585,939.4345
710,,0.0401,-8.2941,-14.4676,31.9451,935.0404
711,0.5472,0.0224,-10.1378,-15.8527,31.5338,930.6269
712,0.6055,0.0532,-9.4878,-15.3935,30.0922,926.2142
713,0.5845,0.0536,-8.7901,-14.7356,31.2489,921.823
714,0.5977,0.0443,-9.8928,-15.787,32.6149,917.4748
715,0.5609,0.0325,-7.908,-13.5286,32.9887,913.1915
716,0.5712,0.0472,-9.0657,-15.0866,33.0304,908.9958
717,0.5573,0.0287,-8.7024,-14.4774,32.2705,904.9104
718,0.572,,-9.231,-15.7244,31.8274,900.9585
719,0.5624,0.0383,-8.4377,-13.1607,32.784,897.1631
720,0.5784,0.0566,-7.7208,-13.8628,,968.6662
721,0.5489,0.0448,-9.0106,-14.9088,30.5434,971.0545
722,0.6736,0.0466,-7.4464,-13.1632,29.8383,973.4194
723,0.6751,0.0784,,-15.4531,29.8098,975.7512
724,,0.0623,-8.0798,-14.0758,29.9415,978.0406
725,0.5396,0.0653,-8.2376,-14.2397,,980.2784
726,0.6105,0.0601,-9.4273,-15.8844,,982.4556
727,0.636,0.0606,-8.3515,-14.1322,29.7394,984.5632
728,0.6628,0.0448,-8.4736,-15.2982,29.6228,986.5927
729,0.6036,0.0859,-9.1263,-14.2499,31.1569,988.5357
730,,0.0828,-8.1293,-13.7328,29.4202,990.384
731,,0.0784,-8.2785,-13.9589,31.4501,992.1295
732,0.5603,0.0819,-8.4415,-15.3098,29.3756,993.7644
733,0.5407,0.0952,-8.4342,-14.8305,30.2171,995.2812
734,0.5053,0.0703,-8.4555,-13.7608,31.1879,996.6725
735,0.6216,0.0844,-8.6896,-12.614,30.6328,997.9311
736,0.6054,0.0801,-8.3033,-13.7059,29.8614,999.05
737,0.5744,0.117,-8.9574,-14.4389,30.9168,1000.0226
738,0.4878,0.108,-6.3509,-12.0884,30.7019,1000.8424
739,0.5552,0.0726,-9.6444,-16.0681,30.5245,1001.5031
740,0.5438,0.0821,,-14.5337,30.2642,1001.9989
741,0.5338,0.0996,-9.02,-15.5706,30.5949,1002.324
742,0.5648,0.0962,-7.0397,-13.6449,30.237,1002.4731
743,0.5397,0.0863,-9.7887,-16.4255,32.0116,1002.4411
744,0.5442,0.1256,-8.4557,-13.9678,30.3669,1002.2236
745,0.5411,0.1057,-8.6639,-14.6926,30.2428,1001.8161
746,0.531,0.1072,-8.6635,-14.613,30.0955,1001.215
747,0.4484,0.0923,-8.0098,-14.0175,31.4386,1000.4168
748,0.5262,0.1082,-8.0947,-14.6575,29.3406,999.419
749,0.5042,0.0936,-9.4957,-15.831,30.4922,998.2193
750,0.4794,0.0932,-9.0456,-15.3558,30.0876,996.8161
751,0.6024,0.1021,-10.7554,-17.4581,29.3351,995.2086
752,0.6092,0.0732,-9.245,-15.4971,29.6604,993.3967
753,0.5995,0.1097,-10.0157,-16.5564,30.3105,991.381
754,0.5607,0.0904,-9.5813,-15.2925,29.5772,989.1632
755,0.61,0.101,-10.827,-16.4965,30.2351,986.7455
756,0.5618,0.0701,-9.1956,-15.8424,31.1096,984.1314
757,0.5748,0.0693,-10.9114,-17.0597,30.1773,981.3253
758,0.528,0.0636,-9.4637,-14.5357,29.2165,978.3326
759,0.5925,0.0778,-10.5849,-17.0753,29.606,975.1598
760,0.5834,0.0728,-10.2978,-16.0845,29.9804,971.8146
761,0.5329,0.0636,-8.7016,-14.6488,29.9907,968.3058
762,0.5863,0.0543,-9.1552,-14.6087,30.3567,964.6432
763,0.588,0.0486,-8.6992,-14.5514,30.5297,960.8381
764,0.6651,0.0607,-8.3569,-14.5725,31.4707,956.9029
765,0.6302,0.0533,-10.2024,-16.169,30.5334,952.8511
766,0.5954,0.0484,-8.358,-14.3173,29.9605,948.6974
767,0.6044,0.0731,-10.6967,-16.7425,31.4728,944.4577
768,0.5949,0.0517,-8.889,-15.5485,31.6789,940.1491
769,0.5827,0.0662,-9.8372,-15.2157,31.2123,935.7896
770,0.5442,0.0431,-10.1391,-15.6059,,931.3984
771,0.5772,0.0512,-8.852,-15.3741,31.7797,926.9956
772,0.5481,0.0467,-8.5333,-14.6837,31.4589,922.6021
773,0.5217,0.0263,-8.5006,-14.6131,30.5382,918.2398
774,0.585,0.0633,-9.0031,-15.5813,32.3013,913.9309
775,0.5721,0.0444,-9.0109,-15.9443,32.6939,909.6987
776,0.4759,0.0551,-8.6368,-14.9721,33.2209,905.5664
777,0.5326,0.0375,-8.7582,-14.9364,32.116,901.5579
778,0.5668,0.0451,-8.513,-15.2336,32.8873,897.6971
779,0.558,0.0376,-8.7304,-14.6419,33.0945,894.008
780,,0.0635,-8.2516,-13.6702,29.564,970.3746
781,0.6416,0.0552,-10.1517,-15.7307,29.6851,972.5338
782,,0.0588,-8.8827,-14.946,29.743,974.6662
783,0.5844,0.0738,-9.8167,-16.7369,29.9522,976.7639
784,0.6346,0.0745,-8.4253,-14.0674,30.3726,978.8187
785,0.6285,0.0731,-7.2759,-13.2027,30.7607,980.8229
786,0.6571,0.0501,-8.9178,-14.7057,29.6712,982.7688
787,0.6416,0.062,-8.3928,-13.4247,30.1133,984.6488
788,0.5843,0.0616,-7.8527,-14.2652,30.0488,986.4553
789,0.5317,0.0855,-10.0831,-17.5206,30.042,988.1809
790,0.5608,0.082,,-15.3524,29.4833,989.8184
791,0.5745,0.0662,-8.1034,-13.8604,30.5308,991.3606
792,0.5503,0.0835,-10.7079,-16.6944,30.8586,992.8003
793,0.5282,0.0705,-9.1752,-15.783,30.5236,994.1305
794,0.5549,0.0903,-7.5245,-14.2344,30.6477,995.3442
795,0.5186,,-7.6221,-13.7994,30.9311,996.4347
796,0.5082,0.1016,-8.1518,-14.7749,31.5443,997.3952
797,0.5411,0.1016,-7.7795,-13.5191,30.4542,998.2191
798,0.5085,0.1215,-8.3537,-14.5594,30.0026,998.8998
799,0.531,0.1101,-8.1282,-14.4417,30.6423,999.4311
800,0.5296,0.0958,-8.8772,-15.2563,31.8099,999.8067
801,0.4714,0.1114,-8.589,-14.4574,29.9592,1000.0206
802,0.4967,0.0852,-9.2486,-15.2273,31.0153,1000.0672
803,0.5732,0.0905,-7.7963,-13.6953,31.2841,999.941
804,0.4698,0.1059,-7.6567,-13.5667,29.1295,999.6368
805,0.4329,0.0755,-7.8386,-13.8747,30.751,999.1498
806,0.445,0.1002,-9.3384,-15.855,30.8207,998.4756
807,0.5232,0.0874,-9.8443,-16.2095,30.2508,997.6104
808,0.5265,0.0995,-8.1282,-14.3255,29.9761,996.5507
809,0.5242,0.0838,-8.7814,-13.7488,29.9636,995.2937
810,,0.1001,-9.018,-15.6924,30.0775,993.8374
811,0.4306,0.0932,-9.8488,-16.0583,30.0539,992.1803
812,0.5582,0.1076,-9.0584,-15.0093,29.9063,990.3216
813,0.6098,0.0885,-10.3195,-16.4712,29.966,988.2618
814,0.5073,0.0767,-8.9912,-14.4542,30.8666,986.0017
815,0.5424,0.0804,-8.4366,-14.5909,29.4113,983.5437
816,0.5325,0.0645,-8.2699,-14.3872,29.0879,980.8906
817,0.5317,0.0828,-9.0363,-14.629,,978.0469
818,0.5591,0.0822,-10.7301,-15.8247,30.0489,975.0177
819,0.6335,0.1019,-9.4808,-14.777,29.9621,971.8097
820,0.6537,0.0621,-7.9337,-14.0021,30.1716,968.4307
821,0.5701,0.0636,-10.3399,-16.3646,,964.8895
822,0.6624,0.0572,-9.6845,-15.6611,30.0494,961.1965
823,0.5896,,-8.4914,-14.4179,30.7499,957.3634
824,0.6596,0.0637,-9.1066,-15.5303,29.9647,953.4029
825,0.5862,,-7.5877,-13.1194,30.4698,949.3293
826,0.5948,0.0678,-10.1234,-16.0201,29.4435,945.1579
827,0.6029,0.0454,-10.2885,-16.311,31.6093,940.9055
828,0.7132,0.0629,-8.4719,-15.1075,30.9455,936.5899
829,0.6169,0.0561,-10.3578,-16.3267,31.6091,932.2301
830,0.5504,0.0482,-9.5047,-16.4513,31.6585,927.8463
831,0.6123,0.0436,-9.3428,-15.6336,31.8767,923.4595
832,0.553,0.0757,-8.4022,-14.6838,31.7239,919.0917
833,0.5408,0.0363,-8.6788,-14.5353,32.1492,914.7657
834,0.5888,,-8.7431,-13.8032,31.5319,910.505
835,0.5449,0.037,-9.3695,-15.0835,31.6014,906.3335
836,0.5451,0.0677,-8.0154,-13.2912,32.4404,902.2758
837,0.5241,0.0575,-5.7085,-11.3859,32.2898,898.3565
838,0.5258,0.0396,-8.3207,-13.7582,33.7476,894.6003
839,0.5175,0.0549,-8.7422,-13.8137,33.3083,891.0321
840,0.5688,0.0541,-9.9088,-16.2747,29.1077,971.6314
841,0.6673,0.0477,-9.3075,-15.7061,,973.5619
842,0.595,0.066,-8.8998,-14.5654,29.8394,975.465
843,0.5696,0.0647,-9.0927,-15.0945,29.8289,977.3339
844,0.6175,0.0658,-8.6197,-14.5096,30.1407,979.162
845,0.6155,0.066,-7.1326,-13.257,30.1233,980.9428
846,0.5763,0.0749,-7.5123,-13.8105,29.3476,982.6696
847,0.6292,0.0757,-8.5994,-13.7891,28.9857,984.3359
848,0.534,,-9.409,-15.959,30.1398,985.9353
849,0.5633,0.0716,-7.3505,-13.0073,30.7806,987.4611
850,0.5482,0.1026,-8.4458,-14.1837,30.2991,988.9067
851,0.5621,,-9.7822,-16.5717,31.322,990.2656
852,0.5678,0.093,-7.8337,-14.2491,30.6063,991.5311
853,0.5094,0.0865,-7.5939,-13.9253,31.4937,992.6965
854,0.5723,0.1138,-10.3739,-16.0916,31.4058,993.7552
855,0.5401,0.0839,-9.1193,-15.3028,31.3711,994.7004
856,0.4567,0.0878,-8.5816,-14.6244,30.0343,995.5254
857,0.4496,0.0866,-7.9461,-14.6749,30.7734,996.2235
858,0.5237,0.1034,,-13.8301,31.4946,996.7879
859,0.5124,0.0841,,-15.2629,30.9137,997.212
860,0.5148,0.0956,-8.1083,-13.8588,31.0644,997.4892
861,0.5164,0.0759,-9.1262,-15.3966,29.8735,997.613
862,0.5258,0.1048,-8.3829,-14.7092,31.8258,997.5773
863,0.5548,0.0958,-9.7733,-14.817,30.1627,997.376
864,0.4732,0.0835,-10.0353,-16.9937,29.3997,997.0032
865,0.4722,0.1136,-8.4195,-14.2802,30.3414,996.4536
866,0.4775,,-8.892,-15.4977,29.0374,995.722
867,0.5355,0.1079,-8.4255,-14.628,29.8079,994.804
868,0.577,0.0885,-9.6573,-15.9764,31.9478,993.6955
869,0.5137,0.1143,-9.9326,-16.4256,30.1401,992.393
870,0.435,0.1022,-8.27,-14.2523,29.47,990.8938
871,0.4713,0.0789,-10.6349,-17.9189,30.3047,989.1961
872,0.5108,0.0777,-8.4686,-14.6264,,987.2985
873,0.5266,0.0935,-8.4613,-14.5064,30.7519,985.201
874,0.5374,0.0805,-8.8715,-15.5512,29.6826,982.9042
875,0.56,0.0789,-10.1454,-15.3888,30.3707,980.4101
876,0.5507,0.0935,-10.2771,-16.5743,29.5219,977.7216
877,0.6095,0.0664,-9.8134,-15.9322,31.7822,974.8428
878,0.5446,0.0737,-10.6956,-16.9917,30.549,971.7792
879,0.5408,0.0813,-10.4355,-16.4763,30.1957,968.5375
880,0.5976,0.0768,-9.1494,-14.4954,30.156,965.1256
881,0.5197,0.0625,-9.1372,-13.9007,30.0613,961.5529
882,0.5987,0.0584,-10.4805,-16.1077,30.0118,957.8303
883,0.5884,0.0385,-9.0769,-14.5329,30.0834,953.9698
884,0.5789,0.0444,-9.2245,-14.3662,31.6646,949.985
885,0.6479,0.0588,-8.3437,-14.2192,30.44,945.8909
886,0.5583,0.0514,-9.054,-14.2689,29.6203,941.7037
887,0.6634,0.0522,-8.6148,-14.2186,30.3366,937.441
888,0.5689,0.0622,-9.0277,-14.9557,31.7421,933.1217
889,0.5228,0.0342,-8.5691,-14.3939,31.1937,928.7658
890,0.5717,0.0446,-10.3231,-17.2338,31.4333,924.3944
891,0.5199,0.0489,-9.3287,-15.1826,32.3925,920.0298
892,0.526,0.0377,-9.1988,-15.9706,31.4078,915.695
893,0.5642,0.063,-9.2981,-16.1107,32.4425,911.4138
894,0.5618,0.0568,-8.6837,-14.5873,31.8551,907.2109
895,,0.0496,-8.468,-15.0251,,903.1111
896,0.5593,0.0682,-8.6004,-14.6039,,899.1401
897,0.5552,0.0295,-8.9972,-14.928,32.6962,895.3232
898,0.5547,0.0484,-9.3894,-15.2979,33.5249,891.6862
899,0.5062,0.0542,-7.8728,-14.3248,33.6687,888.2545
900,0.7011,0.0424,-8.5384,-14.089,29.4838,972.4409
901,0.5651,0.06,-9.5636,-15.6082,29.4178,974.147
902,0.6208,0.0462,-8.8389,-14.6184,30.7775,975.8273
903,0.5914,0.0709,-10.0195,-16.6177,30.287,977.4765
904,0.6231,0.0786,-8.5437,-14.6329,29.811,979.089
905,0.5874,0.0724,-8.6846,-14.136,29.7618,980.6596
906,0.5953,0.0501,-8.9467,-14.4616,30.8713,982.1825
907,0.669,0.0639,-7.1883,-13.587,30.4219,983.6521
908,0.5786,0.0854,-9.3578,-15.6306,30.3435,985.0627
909,0.5938,0.0819,-7.8529,-14.3473,30.5916,986.4083
910,0.56,0.0522,-6.6621,-12.9903,30.7976,987.6829
911,0.5647,0.1021,-7.5514,-14.251,30.624,988.8803
912,0.5548,0.0914,-8.4485,-14.5176,31.4338,989.994
913,0.5657,0.0823,-9.3486,-15.0321,31.5108,991.0177
914,0.5883,0.1062,-9.5569,-15.9494,31.108,991.9445
915,0.602,0.088,-8.8298,-14.8751,31.6375,992.7678
916,0.5436,0.0895,-9.0904,-15.2006,30.8318,993.4805
917,0.5506,0.1034,-9.163,-14.6355,31.2455,994.0757
918,0.4776,0.1216,-8.9009,-15.2067,31.4296,994.5462
919,0.5174,0.1205,-8.7791,-15.0668,31.4256,994.8849
920,0.5566,0.1058,-8.3711,-14.7941,31.3433,995.0847
921,0.5524,0.1073,-9.815,-16.3837,31.1451,995.1386
922,0.5259,0.1111,-9.4387,-15.1741,31.9073,995.0396
923,0.5531,0.0862,-9.0908,-15.1583,30.3709,994.781
924,0.5383,0.1083,-9.1906,-15.1631,30.5595,994.3563
925,0.5684,0.0908,-7.6363,-12.9989,30.479,993.7593
926,0.5342,0.1022,-8.9901,-14.3241,30.3405,992.9844
927,0.5112,0.0942,-10.5356,-17.3587,29.3215,992.0262
928,0.5422,0.1013,-8.9766,-14.6527,31.2941,990.8801
929,0.4152,0.0947,-8.9377,-14.8249,29.8102,989.5419
930,0.5518,0.0543,-9.5334,-15.7641,30.488,988.0085
931,0.3948,0.0911,-10.4582,-16.2944,29.4981,986.2772
932,0.4763,0.0942,-8.1298,-14.993,30.6948,984.3467
933,0.5678,0.0893,-10.435,-15.7036,29.8295,982.2164
934,0.5733,0.08,-9.0867,-14.8292,29.6058,979.8867
935,0.5122,0.0982,-9.4845,-15.9171,30.4,977.3594
936,0.5344,0.0795,-9.1858,-15.4785,29.8691,974.6375
937,0.6216,0.0782,-8.3153,-15.1668,29.9623,971.7252
938,0.5509,0.0827,-9.238,-15.395,30.4389,968.628
939,0.6631,0.0718,-10.133,-16.3744,,965.3529
940,0.5758,0.054,-8.7923,-15.4549,29.94,961.9084
941,0.5941,0.0329,-10.1654,-15.777,29.9034,958.3045
942,0.6437,0.054,-9.5056,-14.8672,30.5924,954.5524
943,0.5847,0.0665,-10.6398,-16.6535,30.9952,950.6651
944,0.539,0.051,-10.3942,-16.547,,946.6569
945,0.5735,0.0628,-9.4825,-15.265,30.2539,942.5437
946,0.5744,0.0532,-9.1795,-15.1894,30.8369,938.3428
947,0.5182,0.0653,-10.7814,-17.3225,31.8756,934.0727
948,0.5587,0.045,-8.9629,-15.2892,32.5071,929.7534
949,0.5344,0.0531,-9.9541,-16.1023,30.8902,925.4061
950,0.5952,0.0527,-8.2099,-14.0858,31.2143,921.053
951,0.5529,0.0641,-9.4486,-15.4439,32.0651,916.7175
952,0.5326,0.0253,-9.9985,-15.8933,31.6748,912.4239
953,0.5311,0.0403,-8.9715,-15.7339,31.7555,908.197
954,0.535,0.0562,-9.6987,-15.3661,32.5504,904.0625
955,0.5406,0.0651,-7.886,-13.8843,33.5276,900.0464
956,0.4652,0.0502,-8.839,-13.5626,32.0063,896.1751
957,0.452,0.0448,-8.9027,-15.0966,33.8831,892.475
958,0.5259,0.0586,-8.2546,-14.0928,32.8276,888.9725
959,0.4527,0.0614,-9.484,-14.0694,33.5629,885.6936
960,0.5894,0.0515,-9.8005,-15.7035,,972.8129
961,0.6571,,-8.3769,-14.4108,29.9684,974.3024
962,0.6505,0.0762,-9.5232,-16.0167,29.7174,975.7702
963,0.563,0.0879,-9.4695,-14.7054,30.4467,977.2119
964,0.6253,0.0774,-7.8728,-14.4524,30.0279,978.6233
965,0.6372,0.0722,-8.0822,-13.8686,30.5555,979.9997
966,0.6143,0.0742,-9.4729,-15.7097,30.2247,981.3365
967,0.6162,0.0847,-8.9409,-15.0356,30.9618,982.6287
968,0.5264,0.0796,-9.1525,-15.8645,29.6983,983.871
969,0.5877,0.0861,-7.0008,-12.3293,,985.058
970,0.5545,0.0739,-7.6978,-13.8367,29.8422,986.1839
971,,0.1047,-8.7684,-15.376,30.7157,987.2428
972,0.5869,0.0779,,-13.3618,29.8838,988.2283
973,0.6047,0.0885,-9.5592,-15.8113,30.4281,989.1338
974,0.6114,0.0968,-9.0452,-14.8779,30.2102,989.9525
975,0.587,0.1212,-8.4631,-14.0424,31.7839,990.6773
976,0.5254,0.0936,-8.2316,-13.9946,30.3132,991.3009
977,,0.0918,-8.7238,-15.8221,30.1376,991.8158
978,0.5534,0.0941,-8.5051,-14.1574,31.0516,992.2142
979,0.5252,0.1211,-8.703,-14.7533,31.8994,992.4885
980,0.524,0.0677,-8.9625,-15.127,30.7948,992.6309
981,0.5508,0.0894,-9.1374,-15.1919,30.8116,992.6336
982,0.5153,0.1339,-9.3123,-16.1173,31.5741,992.489
983,0.4891,0.1076,-8.8578,-14.7617,31.2867,992.1895
984,0.5029,0.0863,-8.7869,-15.4691,30.9716,991.7279
985,0.5466,0.0979,-9.0284,-15.1713,30.3213,991.0972
986,0.5237,0.0978,-10.1999,-16.1218,30.8975,990.291
987,0.5401,0.1055,-10.1237,-15.5867,29.761,989.3034
988,0.5566,0.1155,-9.0697,-15.4795,30.1582,988.1289
989,0.5185,0.0961,-8.2717,-13.5459,31.3491,986.763
990,0.5676,0.0827,-9.3824,-14.909,31.2333,985.2019
991,0.5567,0.0962,-9.8835,-16.0982,30.6817,983.4427
992,0.4963,0.0758,-9.4184,-15.9728,29.2353,981.4834
993,0.6076,0.0691,-10.5444,-17.2663,29.6494,979.3234
994,0.5341,0.0577,-8.6178,-14.4819,29.9567,976.9631
995,0.4919,0.0573,-9.5381,-15.9067,30.2612,974.4041
996,0.52,0.0625,-10.2376,-15.638,29.6243,971.6495
997,0.5243,0.0564,,-16.182,30.2485,968.7038
998,0.5702,0.0715,-10.1292,-16.5795,31.4904,965.5729
999,0.5596,0.0507,-8.6489,-14.5321,30.7167,962.2642
1000,0.5589,0.0247,-9.8429,-16.1859,30.6666,958.7868
1001,0.5983,0.0474,-9.532,-15.5277,29.9968,955.1512
1002,0.5876,0.052,-9.1651,-14.6721,29.7092,951.3696
1003,0.5863,0.0482,-10.1776,-16.119,30.054,947.4559
1004,0.5889,0.0717,-9.3845,-15.324,29.8943,943.4252
1005,0.5951,0.0443,-9.2685,-15.1659,31.0704,939.2946
1006,0.4832,0.0606,-10.6747,-17.5213,31.391,935.0823
1007,0.5492,0.0485,-9.1683,-14.9723,30.7278,930.8082
1008,0.4718,0.0471,-9.3423,-15.2623,31.5523,926.4933
1009,0.5548,0.0367,-9.1342,-14.6877,32.5107,922.1601
1010,0.5466,0.0454,-9.1402,-14.8373,32.9777,917.832
1011,,,-8.8908,-14.9918,32.4459,913.5336
1012,0.5785,0.0478,-7.9577,-13.4415,,909.2902
1013,0.5299,0.0431,-9.9015,-16.0478,32.8024,905.128
1014,0.4919,0.0351,-9.1638,-15.0402,33.3629,901.0736
1015,0.5207,0.059,-8.2918,-14.4474,31.5405,897.1541
1016,0.4689,0.0532,-8.3791,-14.1482,,893.3967
1017,,0.0439,-8.3396,-14.5279,32.7992,889.8285
1018,0.5053,0.0525,-6.4532,-11.6294,32.9897,886.4766
1019,0.4308,0.0514,-8.1199,-13.1112,33.2761,883.3676
1020,0.677,0.0479,-7.8192,-13.3822,29.9277,972.7628
1021,0.6646,0.0623,-8.9084,-14.1377,29.1986,974.047
1022,0.5916,0.0572,-9.4019,-16.1715,29.8218,975.3156
1023,0.6606,,-8.8105,-15.5212,30.4317,976.5653
1024,0.6412,0.0516,-7.9481,-14.1089,30.3667,977.7926
1025,0.6088,0.0699,-8.1586,-14.138,30.577,978.9937
1026,0.5657,0.0841,-8.1358,-14.235,30.2603,980.1645
1027,0.5533,0.072,-8.6126,-15.4337,30.9691,981.3005
1028,0.5578,0.1135,-8.7313,-14.1555,31.2763,982.3968
1029,0.5929,0.0966,-8.5758,-13.4987,31.3206,983.4482
1030,0.5252,0.1042,-7.8604,-13.2199,31.0498,984.4492
1031,0.5736,,-7.7838,-13.241,31.4168,985.3935
1032,0.4996,0.1154,-9.2858,-15.1727,31.4259,986.2748
1033,0.5349,0.0857,-7.9031,-14.3246,32.5484,987.0862
1034,0.5418,0.0661,-9.0729,-15.0367,31.702,987.8205
1035,0.6302,0.0929,-8.2234,-13.1706,30.9363,988.4701
1036,0.473,0.1061,-8.8044,-14.9804,30.4509,989.0272
1037,0.5834,0.1021,-7.4559,-13.6834,30.8401,989.4836
1038,0.5277,0.1042,-9.1054,-14.5518,30.7876,989.8309
1039,0.536,0.1171,-8.6944,-14.1076,31.2753,990.0607
1040,0.523,0.1058,-8.4214,-14.8454,30.5226,990.1643
1041,0.5354,0.1105,-9.6774,-15.8082,31.626,990.1333
1042,0.5116,0.0891,-9.1094,-15.3603,30.0395,989.959
1043,0.5766,0.0864,-9.3376,-15.3027,29.8519,989.6332
1044,0.5016,0.1178,-9.6079,-15.0561,30.7055,989.1477
1045,0.5671,0.0982,-9.6198,-16.0218,30.2343,988.495
1046,0.4984,0.0879,-8.4471,-13.9023,29.9376,987.6678
1047,0.5247,0.0861,-9.8811,-15.8303,30.2636,986.6595
1048,0.4875,0.0838,-9.0105,-13.8474,30.1444,985.4641
1049,0.5522,0.0808,-9.2686,-15.1092,30.5661,984.0765
1050,0.5955,0.0715,-10.6889,-16.7373,30.151,982.4924
1051,0.5385,0.0664,-9.2008,-14.9134,30.1689,980.7087
1052,0.5377,0.0795,-10.785,-16.9536,30.4656,978.7233
1053,0.5049,0.072,-9.1825,-16.0802,31.0613,976.5352
1054,0.544,0.0896,-10.1139,-16.2342,31.3286,974.1449
1055,0.493,0.0771,-9.7167,-15.8449,30.5383,971.5543
1056,0.5234,0.074,-10.7659,-17.5621,30.5994,968.7667
1057,0.5718,0.0591,,-15.668,30.3803,965.7868
1058,0.6178,0.0639,-8.9784,-16.012,30.8172,962.6212
1059,0.6792,0.0671,-10.3481,-16.5219,30.8135,959.2779
1060,0.5445,0.0689,,-16.041,31.4388,955.7666
1061,0.6258,0.0568,-9.2803,-15.2318,29.5871,952.0988
1062,0.5778,0.0686,-9.2201,-15.4256,30.6697,948.2876
1063,0.5609,0.0538,-11.5042,-17.547,31.1169,944.3478
1064,0.5823,0.0614,-7.8915,-14.2835,31.0132,940.2958
1065,0.5646,0.0443,-9.0224,-15.017,30.5932,936.1498
1066,0.5628,0.0271,-8.8245,-14.7955,30.5163,931.9291
1067,0.5375,0.0509,,-15.8799,31.9296,927.6549
1068,0.4923,0.0555,,-16.5952,31.1513,923.3496
1069,0.4801,0.0531,-8.6326,-14.5019,30.7208,919.0368
1070,0.5607,0.0509,-9.5511,-15.6342,32.4635,914.7413
1071,0.5153,0.0415,-8.5901,-13.3796,32.4068,910.4887
1072,0.4936,0.0362,-9.1274,-15.1977,32.2486,906.3058
1073,0.508,0.0529,-8.6907,-14.8303,31.9592,902.2197
1074,0.529,0.0521,-9.4328,-15.644,32.6312,898.2581
1075,0.4934,0.0412,-8.0566,-14.5421,33.62,894.4489
1076,0.4483,0.0624,-9.6388,-15.2959,32.1113,890.8202
1077,0.5114,0.0399,-6.8372,-13.1803,32.3277,887.3999
1078,0.513,0.0452,-6.7953,-13.0793,33.0701,884.2155
1079,,0.0736,-7.2387,-13.5078,33.6044,881.2939
1080,0.6817,0.0713,-7.6622,-14.1547,29.5441,972.3111
1081,0.6847,0.0597,-8.6938,-15.5694,30.3622,973.4046
1082,0.6721,0.0707,-7.6431,-13.8746,30.7612,974.4904
1083,0.643,0.0723,-8.6106,-14.1739,30.402,975.5661
1084,0.6338,0.0406,-9.7414,-15.6429,30.6922,976.6289
1085,0.6219,0.0658,-7.269,-12.4887,30.6336,977.6756
1086,0.5486,0.0791,-7.5498,-13.1743,30.5826,978.7025
1087,0.612,0.0783,-8.4677,-14.2058,29.8988,979.7053
1088,0.5214,0.0883,,-14.4799,30.1469,980.6794
1089,0.5358,0.1015,-8.9169,-14.9655,30.032,981.6194
1090,0.6121,0.0865,-9.9202,-15.8887,30.8218,982.5197
1091,0.5865,0.0799,-7.7308,-13.7365,31.108,983.374
1092,0.6057,0.0985,-9.8009,-15.029,30.146,984.1754
1093,0.5293,0.0924,-8.3276,-14.3263,31.0952,984.9167
1094,0.4887,0.0959,-9.2777,-15.6019,30.5517,985.59
1095,0.5205,0.0955,-9.7962,-15.5023,30.4502,986.1872
1096,0.5302,0.1269,-8.5218,-14.93,30.7212,986.6996
1097,0.526,0.0737,-9.0421,-14.7754,30.4194,987.1183
1098,0.5657,0.0963,-8.1712,-13.9643,31.442,987.4342
1099,0.5041,0.101,-9.9257,-16.0204,30.9555,987.6379
1100,0.5316,0.0914,-9.5897,-15.3068,31.5166,987.7198
1101,0.4776,0.111,-10.9676,-17.7115,30.7264,987.6706
1102,0.5354,0.1092,-10.8791,-16.7977,30.7091,987.4809
1103,0.5185,0.0978,-7.7668,-13.9982,32.0326,987.1414
1104,,0.0938,-7.6108,-12.1796,29.8881,986.6434
1105,0.5125,0.0941,-9.2735,-15.1956,31.5846,985.9783
1106,0.517,0.0924,-10.0735,-16.3717,31.7585,985.1382
1107,0.5165,,-9.716,-16.4051,31.1784,984.1159
1108,0.6014,0.0872,-8.8362,-14.1835,30.4763,982.9049
1109,0.53,0.0902,-9.9989,-16.174,31.4902,981.4996
1110,0.5278,0.0937,-9.4434,-15.8391,30.4056,979.8955
1111,0.4573,0.0673,-9.6829,-15.5148,30.1461,978.0892
1112,0.509,0.0668,-10.1596,-15.8348,30.3151,976.0784
1113,0.5378,0.0557,-10.1496,-15.8326,30.1929,973.8623
1114,0.5242,0.0843,-9.51,-15.5001,29.9637,971.4415
1115,0.6099,0.0741,-10.5338,-16.4542,31.2048,968.8182
1116,0.5507,0.0744,-9.3901,-15.2741,30.0931,965.996
1117,0.611,0.0485,-10.1195,-15.9513,30.5696,962.9804
1118,0.5636,0.0845,-9.6227,-15.4102,29.7639,959.7784
1119,0.5637,0.0532,-8.5916,-14.0443,30.7042,956.3989
1120,0.5591,0.0602,-9.7996,-15.7714,30.0607,952.8526
1121,0.5625,0.0662,-8.888,-15.2964,30.1276,949.1518
1122,0.63,0.0421,-11.0093,-17.0814,30.8651,945.3109
1123,0.4665,0.0455,-9.8974,-15.5205,31.6724,941.3457
1124,0.4765,0.0526,-9.4386,-16.3319,31.4223,937.2738
1125,0.5312,,-7.8569,-14.7472,31.5953,933.1148
1126,0.549,0.0514,-10.8941,-16.4349,31.3548,928.8893
1127,0.5707,0.0662,-9.3304,-14.5703,31.3845,924.6198
1128,0.5557,0.0607,-8.013,-14.6456,32.2229,920.3299
1129,0.5143,0.0502,-9.7299,-15.6797,31.5809,916.0448
1130,0.5624,0.0338,-9.1954,-15.3951,32.5968,911.7903
1131,0.5541,0.0585,-8.6835,-14.8139,33.0206,907.5936
1132,0.5107,0.0282,-8.7268,-14.574,,903.4822
1133,0.5316,0.0661,-7.55,-14.1964,32.2386,899.4845
1134,0.4931,0.0502,,-14.9293,32.5181,895.6292
1135,0.4482,0.0171,-7.6087,-13.7594,32.1547,891.9451
1136,0.4866,0.0462,-8.9011,-14.9738,32.9399,888.4609
1137,0.4507,0.0598,-9.1541,-15.7171,34.1848,885.205
1138,0.4337,0.0509,-8.6982,-14.3034,32.9529,882.2053
1139,0.4796,0.0643,-9.4089,-15.6177,34.5438,879.4891
1140,0.5418,0.0533,-8.2587,-14.4696,29.7071,971.4832
1141,0.575,0.0509,-8.903,-14.7617,31.3743,972.4032
1142,0.5758,0.0689,-9.0876,-15.152,29.8313,973.3253
1143,0.6001,0.0733,-8.1147,-13.6959,30.2831,974.2476
1144,0.5956,0.0718,-9.4,-15.8668,29.9459,975.1678
1145,0.5367,0.0938,-7.8485,-14.5472,30.1942,976.083
1146,0.5489,0.0717,-8.8359,-14.9908,31.5161,976.9896
1147,0.5453,0.0885,-7.5229,-13.4928,31.0949,977.8835
1148,0.6698,0.0882,-8.77,-15.3904,31.5145,978.76
1149,0.6357,0.0711,-7.9644,-14.6583,30.1844,979.6135
1150,0.5397,0.0762,-8.3488,-14.2576,31.4322,980.4381
1151,0.5347,0.0942,-7.9278,-14.3067,30.511,981.2269
1152,,0.1196,,-15.1993,30.3348,981.9726
1153,0.4608,0.1043,-9.937,-15.4543,31.3126,982.6673
1154,0.5274,0.0779,-7.8509,-14.1668,31.3277,983.3024
1155,0.4877,0.0622,-8.7856,-14.2107,31.2332,983.8689
1156,0.5206,0.109,-8.1465,-14.1322,31.6323,984.3574
1157,0.457,0.0995,-8.2928,-14.1454,31.7169,984.758
1158,0.4883,0.1144,-9.5339,-15.6397,32.057,985.0605
1159,0.5232,0.09,-9.72,-17.0476,30.4354,985.2548
1160,0.5311,0.1043,-8.5383,-15.1067,32.0184,985.3304
1161,0.533,0.1095,-9.3803,-15.4431,32.2084,985.2768
1162,0.464,0.0929,-8.4633,-14.2809,30.8164,985.0838
1163,0.5521,0.0919,-9.4285,-16.3233,29.9886,984.7413
1164,0.4876,0.0958,-8.5385,-14.5653,30.111,984.2396
1165,0.547,0.1002,-9.0867,-15.6478,30.6145,983.5697
1166,,0.0916,-9.2591,-15.1418,32.051,982.7228
1167,0.472,0.1013,-9.848,-15.8577,30.8055,981.6912
1168,0.5175,0.0818,-9.4166,-15.0449,30.3807,980.468
1169,0.548,0.0689,-8.6957,-14.1623,30.2999,979.0472
1170,0.5613,0.106,-9.7339,-15.5044,29.8833,977.4241
1171,0.5345,0.0724,-9.2986,-14.8684,31.1744,975.5953
1172,0.6047,0.0701,-9.7116,-15.8868,30.5751,973.5584
1173,0.5868,0.0734,-9.6659,-14.2544,31.88,971.313
1174,0.5391,0.0722,-8.3953,-15.0047,30.9967,968.8599
1175,0.5818,0.064,-8.8123,-15.0762,31.1284,966.2016
1176,0.6312,0.0658,-9.7012,-15.2505,30.5074,963.3426
1177,0.6339,0.0629,-9.5756,-15.1992,30.0324,960.2888
1178,0.5074,0.0629,-10.2826,-16.0389,30.2099,957.0483
1179,0.5198,0.0302,-9.8253,-15.4877,29.9725,953.6308
1180,0.6159,0.0788,-9.3975,-16.4393,31.4134,950.0481
1181,0.5131,0.0524,-8.9153,-14.1207,30.7224,946.3137
1182,0.5007,0.0592,,-15.0425,31.624,942.443
1183,,0.0341,-10.3654,-15.7425,31.2459,938.4533
1184,0.5642,0.0435,-8.6292,-15.646,31.1126,934.3637
1185,0.5389,0.0399,-9.4102,-15.282,30.722,930.1947
1186,0.5117,0.0646,-10.0537,-16.3354,31.7511,925.9686
1187,0.5046,0.0393,-8.1173,-13.8312,31.595,921.7093
1188,0.4961,0.055,-7.9364,-13.7779,32.4324,917.4419
1189,0.4816,0.0379,-8.8162,-14.6332,31.6343,913.1925
1190,0.5994,0.0404,-8.3807,-14.9102,32.6119,908.9887
1191,0.5107,0.0432,-8.2559,-14.2844,33.4102,904.8585
1192,0.5242,0.0622,-7.678,-13.768,32.7761,900.8308
1193,0.4584,0.025,-8.1404,-13.8928,33.2723,896.9349
1194,0.4593,0.033,-9.718,-15.2234,33.3329,893.2003
1195,0.4264,0.0268,-6.9866,-12.9113,34.3157,889.6566
1196,0.3367,0.0387,-7.687,-14.3251,33.5834,886.3332
1197,0.3751,0.0438,-8.8997,-14.8459,33.9589,883.2588
1198,0.345,0.0361,-9.2765,-13.9709,33.6888,880.4616
1199,0.3146,,-8.0186,-13.1956,33.409,877.9689
1200,0.5884,0.0418,-8.8355,-16.3227,29.3857,970.3088
1201,0.6808,0.0569,-8.3032,-14.2716,31.0127,971.0755
1202,0.6173,0.0867,-7.9344,-13.4683,29.7843,971.8553
1203,0.6618,0.0802,-8.9521,-15.0433,30.9671,972.6468
1204,0.6177,0.0806,-9.37,-15.6001,30.8921,973.4479
1205,0.6237,0.0693,-8.1552,-14.2887,31.3076,974.2559
1206,0.5476,0.0657,-8.8861,-14.61,30.5532,975.0672
1207,0.5962,0.073,-8.3467,-14.9209,30.4827,975.8774
1208,0.5962,,-9.5511,-14.9567,31.2686,976.6816
1209,0.5363,0.1019,-8.6995,-14.7275,30.9396,977.4738
1210,0.5745,0.1043,-7.9552,-14.4228,30.4384,978.2474
1211,0.5681,0.1028,-8.0797,-13.5175,,978.9951
1212,0.5173,0.088,-9.2397,-16.0122,30.7917,979.7088
1213,0.4889,0.0984,-9.5948,-15.8724,30.698,980.3796
1214,0.4817,0.0953,-8.7048,-14.9907,31.1654,980.9982
1215,0.5284,0.0974,-8.3312,-13.2592,32.0683,981.5546
1216,0.5347,0.1247,-8.5229,-14.8654,30.0123,982.0384
1217,0.4873,0.0793,-9.3274,-16.4049,32.0007,982.4388
1218,0.5181,0.0975,-8.7528,-15.0437,30.7298,982.7445
1219,0.5386,0.1144,-7.8644,-13.6366,31.4056,982.9442
1220,0.54,0.0816,-8.9781,-14.5861,30.805,983.0266
1221,0.5774,0.0905,-10.5246,-15.3863,32.3639,982.9803
1222,0.5671,0.0906,-9.1302,-14.4267,31.1975,982.794
1223,0.4771,0.0928,,-13.6362,30.6488,982.457
1224,,0.0746,-10.4648,-16.9105,30.8422,981.9586
1225,0.4998,0.099,-9.4767,-14.6647,31.0255,981.2891
1226,0.5653,0.0977,-9.7424,-15.9267,31.0281,980.4394
1227,0.529,0.0935,-9.5399,-15.869,31.1369,979.4011
1228,0.5127,0.0746,-9.5101,-15.7187,30.8286,978.1671
1229,,0.0835,-8.7955,-15.4216,29.9639,976.7311
1230,0.5285,0.0691,-9.674,-15.9066,30.553,975.0885
1231,0.476,0.0732,-8.7465,-14.863,31.0955,973.2356
1232,0.58,0.1003,-9.8804,-15.515,30.3124,971.1706
1233,0.6046,0.0728,-10.0757,-16.2697,31.1104,968.8932
1234,0.5144,0.0547,-10.3313,-16.9651,30.7286,966.4048
1235,0.5603,0.0684,,-18.0431,30.593,963.7085
1236,0.5207,0.0474,-9.5496,-15.4448,31.466,960.8096
1237,0.5255,0.0467,-8.101,-14.0647,29.7451,957.7148
1238,0.582,,-9.3432,-15.6203,30.434,954.4333
1239,0.5491,0.0512,-9.1179,-15.3516,31.643,950.9758
1240,0.6192,0.0656,-9.9476,-15.7534,32.079,947.3553
1241,0.5285,0.0594,-9.7556,-15.0603,32.4432,943.5867
1242,0.5851,0.0571,-8.7091,-15.0992,31.2053,939.6868
1243,0.5456,0.0362,-7.8209,-13.7765,31.5657,935.6741
1244,0.5692,0.0416,-8.1639,-13.6848,31.9093,931.5691
1245,0.5144,0.0504,-8.6326,-15.0207,32.3229,927.394
1246,0.5243,0.0389,-9.1684,-15.1762,31.8952,923.1726
1247,0.5148,0.0426,-8.9466,-14.9656,32.4218,918.93
1248,0.4783,,-9.6343,-16.29,32.3091,914.6926
1249,0.5298,0.0416,-10.1074,-16.0232,32.5206,910.4883
1250,0.5202,0.0489,-9.7691,-15.7533,,906.3455
1251,0.508,0.0658,-8.749,-14.4714,32.3733,902.2936
1252,0.5352,0.0455,-8.9471,-15.5406,32.4436,898.3626
1253,0.5206,0.0628,-9.8184,-15.8134,32.2314,894.5826
1254,0.4361,0.0567,-8.6076,-13.9168,32.1406,890.9839
1255,0.454,0.0339,-8.774,-13.7352,33.0618,887.5968
1256,0.4018,0.0401,-9.4064,-14.7664,33.3379,884.451
1257,0.4151,,-8.7216,-15.3101,33.7336,881.5756
1258,0.3774,0.0471,-8.6485,-14.423,34.1707,878.9988
1259,0.4534,0.0585,-8.8612,-15.1027,34.1076,876.7476
1260,0.6464,0.0759,-7.8436,-13.7016,30.1168,968.8217
1261,0.6144,0.0867,-10.0675,-16.4536,29.8661,969.4573
1262,0.6619,0.0784,-10.1019,-16.9587,31.0793,970.1182
1263,0.5183,0.0724,-8.4872,-14.6594,30.6227,970.8033
1264,0.5156,0.0557,-8.398,-14.0367,,971.5103
1265,0.6191,0.0843,-8.1453,-14.0013,30.8072,972.2366
1266,0.581,0.0864,-8.9025,-14.7011,30.5824,972.9782
1267,0.5803,0.0908,-9.2171,-15.1089,30.7959,973.7304
1268,0.5092,0.1161,-8.5086,-14.3063,30.8579,974.4878
1269,0.5538,0.1078,-8.8843,-14.6196,31.0924,975.2438
1270,0.6279,0.1042,-7.3265,-13.4638,31.7159,975.991
1271,0.5743,0.0848,-8.8704,-14.829,31.6124,976.7213
1272,0.5423,0.0915,-8.7042,-13.8326,32.3301,977.4257
1273,0.5128,0.0976,-6.7382,-12.6672,32.1515,978.0943
1274,0.5101,0.0902,-8.9367,-14.9154,32.6095,978.7168
1275,0.4369,0.1059,-8.403,-14.3516,,979.2822
1276,0.5293,,-8.4018,-14.5108,31.7526,979.7789
1277,0.5505,0.087,-8.4076,-14.6253,31.1156,980.195
1278,0.452,0.114,-8.837,-14.7326,31.8766,980.5182
1279,0.4876,0.1002,-8.9903,-15.2432,30.953,980.7362
1280,0.4674,0.0773,-9.142,-15.2147,30.4238,980.8366
1281,0.4754,0.0963,-9.7589,-16.1542,32.1762,980.8069
1282,0.517,,-9.1116,-15.0576,30.4614,980.6352
1283,0.4328,0.1054,-7.8201,-13.528,31.4222,980.3097
1284,0.5425,0.0878,-8.5416,-14.6476,30.5776,979.8193
1285,0.5502,0.0998,-9.3294,-16.3336,31.7288,979.1535
1286,0.5124,0.0898,-8.9448,-14.6496,31.7592,978.3028
1287,0.4258,0.0694,-10.3753,-16.3152,31.2704,977.2584
1288,0.488,0.0657,-9.9319,-16.4285,31.6565,976.0131
1289,0.58,0.0935,-9.0011,-14.6144,30.8743,974.5605
1290,0.4223,0.0917,-8.5974,-15.2966,32.1785,972.8959
1291,0.5222,0.0785,-10.4231,-15.9004,31.2617,971.0161
1292,0.4914,0.0899,-10.2037,-16.2323,30.2586,968.9196
1293,0.573,0.0819,-8.0731,-15.2075,30.8357,966.6065
1294,0.5156,0.0747,-9.7334,-15.6442,30.7083,964.0789
1295,0.5601,0.053,-8.3349,-14.538,30.667,961.3409
1296,0.5674,0.0822,-9.6023,-15.8807,29.8527,958.3984
1297,0.6185,0.0654,-9.5363,-15.9052,31.1214,955.2595
1298,0.5366,0.0521,-9.9348,-15.9984,30.1133,951.9342
1299,0.5587,0.0466,-8.8857,-15.1283,,948.4348
1300,0.4825,0.0558,-8.4955,-15.4238,30.8887,944.7754
1301,0.5869,0.031,-10.3451,-15.7091,30.7364,940.9724
1302,0.5055,0.0579,-9.7286,-15.8507,30.7806,937.0441
1303,0.5093,0.0369,-8.639,-15.005,29.5555,933.0105
1304,0.5258,0.0517,-9.3951,-15.9594,31.0384,928.8936
1305,0.4583,0.0403,-9.6035,-15.2181,31.5871,924.7171
1306,0.5233,0.0429,-8.3163,-14.9655,31.4632,920.5062
1307,0.5454,0.0367,-8.1553,-14.0883,32.2374,916.2877
1308,0.5101,0.0439,-9.312,-15.6038,33.0096,912.0893
1309,0.4259,0.0688,-8.6978,-14.9605,32.6592,907.9401
1310,0.4748,0.0633,-9.7522,-16.3039,33.1456,903.8698
1311,0.4991,0.0518,,-15.733,33.3792,899.909
1312,0.3834,0.0483,-8.5327,-14.5283,32.2882,896.0885
1313,0.4041,0.06,-8.5381,-14.4204,33.3491,892.4393
1314,0.4703,0.0649,-9.2744,-15.6672,33.8674,888.9924
1315,0.4339,0.0432,-9.0189,-15.0644,33.1902,885.7785
1316,0.4272,0.0541,-9.2518,-14.8076,33.154,882.8275
1317,0.4726,0.0352,-7.9985,-14.8298,34.1165,880.1687
1318,0.4043,0.0728,-9.9094,-15.9126,33.0709,877.8301
1319,0.3993,0.0865,-9.1278,-15.6032,33.4587,875.8384
1320,0.7353,0.072,-10.0521,-16.5785,30.0469,967.0592
1321,0.6093,0.0486,-8.1929,-14.0624,30.8626,967.5879
1322,0.5769,0.0844,-9.945,-16.2177,30.8618,968.155
1323,0.6168,0.0692,-8.4608,-15.0692,31.4798,968.7592
1324,0.6082,0.0748,-7.1666,-12.5045,30.4279,969.3982
1325,0.5607,0.093,-7.1405,-12.6804,30.5064,970.0688
1326,0.5319,0.091,-9.9338,-16.8999,31.5059,970.7668
1327,0.6574,0.0844,-8.2689,-15.0061,30.8009,971.4869
1328,0.5702,0.0845,-9.3258,-15.029,30.9947,972.2228
1329,0.5206,0.0957,-9.5242,-15.6667,30.3073,972.9672
1330,0.5797,0.0909,-8.7033,-13.953,31.6483,973.7118
1331,0.5326,0.0838,-7.6797,-13.3716,32.4387,974.4474
1332,0.5213,0.0942,-8.239,-14.0893,30.9246,975.164
1333,0.5491,0.1031,-9.3529,-15.8638,32.1717,975.8507
1334,0.4708,0.0974,-8.2838,-14.038,31.5283,976.4959
1335,0.5331,0.0828,-10.7138,-17.3517,30.4993,977.0874
1336,0.5928,0.1116,-9.5954,-14.9428,31.0065,977.6126
1337,0.5329,0.0666,-9.7286,-15.5175,30.9451,978.0584
1338,0.4978,0.0934,-9.0845,-15.4969,31.2967,978.4114
1339,0.4918,0.0905,-9.3872,-14.9849,31.699,978.6581
1340,0.4956,0.0986,-9.4152,-14.2944,32.5115,978.7852
1341,0.5022,0.1021,-9.517,-15.6258,30.4937,978.7793
1342,0.4982,0.1073,-9.4318,-15.1566,31.0084,978.6276
1343,0.5514,0.0834,,-15.3022,30.7066,978.3176
1344,0.4472,0.0969,-9.463,-15.4203,30.4278,977.8375
1345,0.5531,0.09,-9.8684,-16.6221,31.1909,977.1765
1346,0.5057,0.0648,-9.3718,-15.372,31.0818,976.3245
1347,0.5385,0.1056,-9.0775,-15.0557,29.9435,975.2728
1348,0.4809,0.063,-10.2207,-15.3212,30.9983,974.0139
1349,0.5816,0.0826,-9.8527,-16.7502,30.226,972.5415
1350,0.5808,0.0796,-8.8964,-15.0368,30.9255,970.8513
1351,0.5716,0.0755,-10.7198,-16.0758,31.6577,968.9404
1352,0.4746,0.0635,-8.3963,-14.5172,31.161,966.8077
1353,0.5701,0.0767,-10.9046,-16.9902,30.9873,964.4543
1354,0.5544,0.0455,-10.0934,-16.51,30.5724,961.883
1355,0.4747,0.0609,-10.5519,-17.0182,30.9506,959.0988
1356,0.5382,0.0525,-8.007,-14.9199,31.2819,956.1089
1357,0.5534,,-10.1171,-16.4317,31.2687,952.9223
1358,0.56,0.0601,-10.0639,-16.5586,30.9902,949.5507
1359,0.5431,0.0659,-9.9011,-15.8421,31.2529,946.0075
1360,0.5451,0.0471,-9.4623,-15.8562,30.4185,942.3085
1361,0.5891,0.0591,-9.7297,-15.9695,30.8668,938.4715
1362,0.5751,0.0491,-9.496,-15.7221,31.8436,934.5163
1363,0.4064,0.0367,-12.1315,-18.1556,32.0479,930.4646
1364,0.5027,0.0436,-9.1773,-15.4416,31.7339,926.34
1365,0.5023,0.0425,-9.1214,-15.6523,32.7107,922.1677
1366,0.4314,0.0375,-8.2161,-14.1732,32.2833,917.9744
1367,0.4972,0.051,-7.9108,-13.377,32.0021,913.7883
1368,0.5346,0.049,-9.0203,-14.956,31.5809,909.6387
1369,0.4316,0.0276,-8.1313,-14.4362,33.3525,905.5557
1370,0.4784,,-9.583,-15.6446,33.1323,901.5704
1371,0.4176,0.0536,-8.0097,-15.035,33.9328,897.7142
1372,0.4162,,-9.0089,-15.0786,34.3389,894.0188
1373,0.4905,0.0549,-9.4325,-15.6327,32.451,890.516
1374,0.3978,0.0623,-8.5746,-15.0413,32.6348,887.2373
1375,0.4258,0.0396,-7.2556,-13.6316,31.8658,884.2135
1376,0.32,0.04,-8.1903,-14.3954,34.3075,881.4747
1377,0.4569,0.0792,-7.107,-12.6108,34.3156,879.0502
1378,0.3942,0.0657,-8.8831,-14.3371,34.1367,876.9674
1379,0.3505,0.0589,-7.437,-13.9011,33.4878,875.2526
1380,0.6443,0.0623,-9.0653,-15.3243,30.5834,965.0617
1381,0.5557,0.0703,-8.3361,-14.5824,30.8931,965.5092
1382,0.6501,0.0651,-8.3245,-13.9197,31.3892,966.0086
1383,0.5807,0.0928,-7.9588,-13.8861,31.2115,966.5585
1384,0.5765,0.0755,-8.2866,-14.2402,31.5641,967.156
1385,0.5562,0.1004,-9.0867,-14.8186,31.1986,967.7975
1386,0.5442,0.0848,-7.8081,-14.1063,32.0777,968.478
1387,0.5872,0.0792,-7.1526,-12.4706,31.8316,969.1914
1388,0.562,0.0885,-9.0388,-15.0397,30.8119,969.9305
1389,0.5708,0.0638,-10.0816,-16.5096,32.4165,970.687
1390,0.5379,0.0952,-8.263,-14.3778,32.3647,971.4516
1391,0.553,,-8.983,-14.3671,31.9425,972.214
1392,0.5105,,-8.8846,-15.0972,31.8534,972.9628
1393,0.6119,0.0765,-8.4016,-13.9268,32.6901,973.686
1394,0.4562,0.1134,-9.2828,-15.5954,30.7137,974.3707
1395,0.5662,0.1093,-9.2072,-15.5901,32.4266,975.0036
1396,0.5681,0.1142,-9.1492,-14.8194,31.3746,975.5708
1397,0.4775,0.098,-7.9717,-14.4087,32.2872,976.0579
1398,0.5996,0.1099,-9.2022,-14.7909,31.6643,976.4505
1399,0.5498,0.079,-10.293,-16.1172,30.8016,976.7341
1400,0.5488,0.1039,-10.3377,-16.7745,31.1995,976.8943
1401,0.5117,0.0845,-9.3435,-15.3792,32.0563,976.9169
1402,0.5029,0.0721,-10.4287,-16.7031,31.2602,976.7883
1403,0.5046,0.0764,-10.8407,-16.6662,30.9552,976.4954
1404,0.5304,0.0878,-9.1427,-14.1988,30.8929,976.0259
1405,0.5728,0.0755,-9.1576,-15.3429,31.5983,975.3686
1406,0.5262,0.0875,-10.0466,-15.7798,32.2093,974.5132
1407,0.4848,0.0587,-9.5565,-15.5443,29.8245,973.451
1408,0.5565,0.0523,-9.6719,-15.6599,32.745,972.1744
1409,0.5626,0.0916,-9.3628,-15.4454,,970.6777
1410,0.5541,0.0833,-9.3741,-15.8028,31.3453,968.9567
1411,0.5595,0.0571,-11.9463,-17.7787,30.7148,967.0093
1412,0.5204,0.067,-10.0483,-16.1927,30.9638,964.8351
1413,0.4953,0.0767,-9.4263,-15.8787,31.0817,962.436
1414,0.4984,0.067,-10.1443,-15.6372,30.3487,959.8158
1415,0.4678,0.0613,-9.753,-15.7035,30.519,956.9808
1416,0.5423,0.0704,-9.1385,-15.2525,31.7503,953.9392
1417,0.5284,0.0464,-9.6229,-14.9529,30.1584,950.7018
1418,0.5124,0.0536,-8.422,-15.3401,31.418,947.2813
1419,0.4093,0.0513,-8.6602,-14.0238,31.008,943.693
1420,0.4744,,-9.5836,-16.0237,30.744,939.9541
1421,0.5651,,-9.5685,-15.4627,32.6066,936.084
1422,,0.0485,-11.6068,-17.9008,30.9663,932.1042
1423,0.5243,0.0472,-9.5005,-15.962,30.9883,928.0382
1424,0.4479,0.0337,-10.232,-15.5751,31.6926,923.9109
1425,0.5539,0.0556,-8.881,-13.9529,31.4923,919.7494
1426,0.4826,0.0342,-8.8437,-14.9543,32.1149,915.5817
1427,0.4913,0.0436,-8.3182,-14.1504,32.3699,911.4376
1428,0.5634,0.0431,-7.6682,-13.6397,32.5897,907.3474
1429,0.5211,0.0517,,-13.8552,32.552,903.3428
1430,0.4377,0.023,-6.7931,-13.8497,32.3862,899.4557
1431,0.4152,0.0604,-8.3549,-14.1664,33.3768,895.7184
1432,0.4145,0.043,-9.519,-15.8825,33.1074,892.1635
1433,0.4362,0.0675,-8.8579,-16.0358,33.0596,888.8232
1434,0.3995,0.049,-8.6523,-14.8326,,885.7293
1435,0.3758,,,-12.9116,33.6387,882.9128
1436,0.438,0.0819,-9.0326,-15.3606,34.5353,880.4037
1437,0.3625,0.0579,-8.4895,-14.0941,34.7766,878.2308
1438,0.447,0.0786,-8.3677,-13.7684,34.9638,876.4212
1439,0.3467,,-8.5971,-14.6035,34.7452,875.0
1440,0.6864,0.0808,-7.8813,-13.8211,30.8387,962.8719
1441,0.62,0.0796,-7.9969,-14.855,30.945,963.265
1442,0.6349,0.0917,-7.5649,-13.923,30.9722,963.7238
1443,0.5582,0.076,-8.7603,-14.3068,29.9438,964.2462
1444,0.5441,0.0749,-7.5397,-13.5094,31.7897,964.829
1445,0.588,0.0813,-9.6082,-15.4245,31.6079,965.4677
1446,0.6009,0.0923,-9.6517,-15.5851,32.0472,966.1563
1447,0.5551,0.0904,-9.5445,-14.4485,31.5598,966.8878
1448,0.4947,0.1032,-8.6065,-14.8218,,967.654
1449,0.485,0.1118,-7.7,-12.8973,30.9212,968.4453
1450,0.4762,0.0856,-9.1985,-15.1317,31.0857,969.2511
1451,0.457,0.0893,-9.1592,-14.3121,30.3284,970.0599
1452,0.5273,0.0815,-9.0171,-15.6296,31.7482,970.8591
1453,0.5637,0.1234,-8.4571,-14.3648,31.3681,971.6352
1454,0.5147,0.1028,-9.3721,-15.569,31.2812,972.3742
1455,0.422,0.1046,-9.4941,-15.4244,32.0053,973.0614
1456,0.5026,0.0823,-10.2227,-15.6115,31.521,973.6816
1457,0.5022,0.0975,-9.6834,-15.494,30.8797,974.2193
1458,0.5917,0.1026,-8.3634,-13.7532,33.2224,974.6589
1459,0.4493,0.0922,-9.3104,-15.6455,31.6231,974.9851
1460,0.4921,0.1066,-10.0504,-16.4618,30.9404,975.1823
1461,0.5767,0.1196,-8.5415,-14.5334,31.1297,975.2357
1462,0.5275,0.0786,-10.066,-16.0853,31.3669,975.131
1463,0.5335,0.0755,-8.524,-14.6169,31.3041,974.8546
1464,0.5173,0.075,-8.5929,-15.0722,32.1296,974.3938
1465,0.5278,0.1024,-9.7198,-15.1205,31.2418,973.7371
1466,0.5477,0.0931,-11.0046,-17.1861,32.3472,972.8743
1467,0.4863,0.0764,-8.007,-13.294,30.9241,971.7966
1468,0.5558,0.0758,-9.5528,-15.5465,31.3949,970.4969
1469,,0.0629,-10.1366,-15.8124,31.7152,968.9699
1470,0.5374,0.0807,-9.1178,-14.839,31.7906,967.2119
1471,0.5328,0.0628,-9.3165,-15.7286,31.8417,965.2216
1472,0.502,0.0616,-8.8154,-14.6318,30.883,962.9997
1473,0.5264,0.0695,-10.3701,-15.4059,31.0459,960.5489
1474,0.5025,0.0576,-9.5521,-15.4263,29.5767,957.8744
1475,0.4841,0.0547,,-16.2623,30.9745,954.9836
1476,0.5117,0.0556,-9.1798,-14.8332,31.7878,951.8864
1477,0.48,0.063,-9.6716,-15.5181,31.7253,948.595
1478,,0.0715,-9.3612,-15.268,31.203,945.1236
1479,0.4725,0.0572,-9.6291,-15.3554,32.3555,941.4893
1480,0.543,0.0585,-9.6327,-15.2511,31.1999,937.7108
1481,0.4626,,-10.0413,-16.7174,31.1077,933.8095
1482,0.4817,0.0385,-8.6252,-14.5015,31.3759,929.8084
1483,0.4731,0.0542,-7.9735,-14.0656,,925.7325
1484,0.5441,0.0481,-9.5165,-15.7123,32.3028,921.6088
1485,0.4965,0.029,-8.5335,-13.8855,32.254,917.4656
1486,0.4664,0.0423,-8.5362,-14.9028,32.6069,913.3326
1487,0.4856,0.0457,-8.7828,-15.4802,32.1598,909.2408
1488,0.3717,0.0413,-9.9207,-15.5229,32.5471,905.2219
1489,0.4439,0.0662,-9.655,-16.3652,31.453,901.3086
1490,0.5147,0.0554,-9.158,-16.122,33.167,897.5338
1491,0.4289,0.0676,-10.1704,-15.7162,33.1831,893.9306
1492,0.4147,0.0559,,-13.1867,32.6459,890.532
1493,0.4221,0.0556,-8.0402,-13.8038,33.4238,887.3707
1494,0.424,0.0454,-8.3095,-14.5308,33.5086,884.4785
1495,0.2962,0.0589,-9.9993,-16.6915,34.8932,881.8865
1496,0.2968,0.0612,-9.6787,-16.2716,33.3622,879.6243
1497,0.3606,0.0471,-8.2056,-14.3417,34.3531,877.72
1498,0.3118,,-6.6238,-13.26,33.6447,876.2
1499,0.3815,0.0647,-8.768,-14.6145,34.0974,875.0884
1500,0.5956,0.0831,-7.8315,-14.0627,31.2177,960.5344
1501,0.5214,0.0864,-8.8927,-14.8001,31.0669,960.9005
1502,0.5388,0.0766,-8.4598,-14.3822,31.3223,961.3461
1503,0.4704,0.0917,-7.5366,-13.3432,31.6468,961.8682
1504,0.5622,0.0862,-8.7985,-14.5487,31.2606,962.4629
1505,0.5556,,-9.0961,-15.268,32.1847,963.1245
1506,0.5381,0.0866,-7.4404,-13.3484,31.5555,963.8461
1507,0.5906,0.1071,-8.5775,-14.4595,31.7518,964.6195
1508,0.5884,0.0754,-7.7878,-15.0023,32.0855,965.4351
1509,0.5271,0.0981,-9.2629,-14.9397,32.0499,966.2821
1510,0.4427,0.1167,-7.6497,-13.5748,32.3322,967.1487
1511,0.5476,0.0892,-8.6222,-14.3402,32.155,968.0217
1512,0.5406,0.0987,-8.5641,-15.2075,32.2531,968.8873
1513,0.5269,0.0831,-8.8814,-15.0393,31.7715,969.7306
1514,0.5507,0.1181,-9.4687,-16.0145,31.3095,970.5363
1515,0.4623,0.0971,-9.1453,-14.773,31.0681,971.2881
1516,0.5874,0.0979,-9.5785,-16.2811,30.8869,971.9699
1517,,0.1126,-8.5371,-15.0014,32.9036,972.5649
1518,,0.103,-9.5462,-15.2791,30.468,973.0566
1519,0.4375,0.083,-10.6578,-16.9725,32.4559,973.4284
1520,0.4681,0.0841,-10.8776,-17.3418,31.1868,973.6641
1521,0.5668,0.0959,-10.9846,-16.5313,32.328,973.7483
1522,0.4968,0.0804,,-14.699,30.2298,973.666
1523,0.5422,0.0602,-10.6462,-16.2851,31.3453,973.4032
1524,0.5197,0.0826,-9.5357,-15.1114,32.2952,972.947
1525,0.5078,0.063,-9.7097,-15.8255,31.7899,972.286
1526,0.5684,0.0975,-9.9055,-16.0078,31.103,971.41
1527,0.5062,0.0776,-9.5289,-15.853,30.0884,970.3105
1528,0.4461,0.062,-9.7696,-15.6857,30.4163,968.9808
1529,0.4867,0.0618,-12.071,-18.3349,32.007,967.4163
1530,0.5421,0.0449,-10.1591,-16.3757,30.9374,965.6141
1531,0.5368,0.0518,-9.5473,-15.2473,31.0862,963.5739
1532,0.4588,0.0747,-8.5523,-13.96,31.2934,961.2974
1533,0.4926,0.0869,-8.4828,-14.2837,30.3475,958.7887
1534,0.4978,0.0665,-10.8804,-15.9832,31.3919,956.0542
1535,0.5053,0.0546,-10.0185,-16.3713,30.9272,953.103
1536,0.4632,,-10.9319,-17.8509,31.3999,949.9463
1537,0.4907,0.0405,-8.3954,-14.0381,30.9351,946.598
1538,0.4835,0.0751,-8.7262,-15.1121,30.4099,943.0743
1539,0.5397,0.0468,-9.1748,-15.3117,31.1826,939.3937
1540,0.5366,0.0734,-9.2358,-16.1207,31.9219,935.577
1541,0.493,0.0639,-8.1731,-14.6227,31.885,931.647
1542,0.477,0.0256,-8.2141,-14.9652,,927.6287
1543,0.4914,0.0382,-8.1601,-14.3773,32.4451,923.5488
1544,0.4456,0.0381,-8.6236,-14.8208,31.9289,919.4358
1545,0.424,0.0454,-9.1708,-15.1258,32.239,915.3196
1546,0.4234,0.046,-8.1817,-13.5618,32.0798,911.2313
1547,0.426,0.0834,-8.0492,-13.7107,33.1108,907.2032
1548,,0.0355,-8.765,-15.5761,,903.2683
1549,0.4371,0.0523,-8.8091,-14.5051,32.556,899.4601
1550,0.4488,0.0584,-7.5433,-13.4874,32.1777,895.8124
1551,0.3448,0.0526,-7.0478,-13.0968,33.9158,892.3588
1552,0.3976,0.0558,-8.9163,-14.9277,32.9871,889.1328
1553,0.376,0.0439,-8.4746,-14.3723,33.6548,886.1672
1554,0.3866,0.0599,-7.9406,-14.2865,35.1968,883.4939
1555,0.3606,0.0671,-7.8006,-13.8917,34.4337,881.1433
1556,0.2912,0.0673,-8.5881,-13.9961,35.0791,879.1448
1557,0.2873,0.0727,-6.6561,-13.0081,33.9397,877.5256
1558,0.3277,0.0854,-7.8309,-14.3458,35.0443,876.3109
1559,0.3569,0.0823,-7.7622,-13.7931,34.5441,875.5236
1560,0.5124,0.0811,-7.1126,-13.6779,,958.0951
1561,0.6053,0.0689,-8.8721,-15.7335,32.6237,958.462
1562,0.6299,0.0782,,-14.7581,31.3719,958.9216
1563,0.5672,0.0851,-9.5292,-14.8049,31.6668,959.4702
1564,,0.0929,-8.6849,-14.7042,31.2172,960.1026
1565,0.5282,0.0861,-9.7673,-15.678,32.3831,960.812
1566,0.5437,0.0823,,-15.0805,31.5912,961.5903
1567,0.4764,0.0808,-8.3232,-14.1042,32.6052,962.4279
1568,0.4407,0.0764,-8.9337,-14.887,31.0521,963.3138
1569,0.5661,0.0944,-8.8519,-15.1844,32.4081,964.2358
1570,0.4835,0.0802,-8.2279,-14.1378,31.7164,965.1804
1571,0.4998,0.0863,-9.8162,-15.7311,32.5517,966.1333
1572,0.4584,0.0937,-8.8189,-15.3486,32.1037,967.079
1573,0.4539,0.0822,-8.5005,-14.3345,31.7774,968.0013
1574,0.5005,0.1023,-10.566,-15.9674,31.8427,968.8834
1575,0.4761,0.106,-8.6734,-14.7874,31.5305,969.7079
1576,0.5188,0.0895,-10.6419,-17.0757,32.5007,970.4572
1577,0.5208,0.0896,-9.477,-15.5658,31.3184,971.1137
1578,0.5151,0.0999,-10.3918,-15.9645,31.7305,971.6596
1579,0.5118,0.0832,-8.3912,-15.0043,32.036,972.0777
1580,0.5658,0.0805,-10.5328,-16.2435,32.7313,972.3511
1581,0.4608,0.1022,-10.9931,-17.3321,31.6897,972.4635
1582,0.5024,0.0962,-9.626,-15.505,31.481,972.3998
1583,0.5513,0.0905,-10.1165,-16.3987,31.7225,972.1457
1584,0.5581,0.0919,-11.0345,-17.318,30.248,971.6884
1585,0.4522,0.0546,-9.447,-14.6855,30.7102,971.0163
1586,0.4981,0.0919,-11.4888,-18.1933,31.1464,970.1196
1587,0.5665,0.0778,-10.7431,-16.5004,30.8922,968.9905
1588,0.5338,0.0825,-10.3831,-15.5174,30.3154,967.6228
1589,0.5224,0.0724,-9.2799,-14.9371,31.7551,966.0127
1590,0.5067,0.0658,-8.8739,-15.5394,31.3706,964.1585
1591,,0.0594,-9.0065,-15.6473,31.2839,962.0607
1592,0.5273,0.0647,-9.9797,-16.3556,30.78,959.7226
1593,0.5051,0.0543,-11.7577,-17.6787,31.2529,957.1495
1594,0.5124,0.0664,-9.4524,-15.3394,31.5357,954.3495
1595,0.5155,0.0349,-8.529,-15.1649,31.1032,951.3332
1596,,0.0457,-8.6506,-15.087,31.5776,948.1137
1597,0.5282,0.0752,-9.1918,-15.5976,30.8956,944.7064
1598,0.6197,0.0418,-10.4317,-16.522,31.5078,941.1296
1599,0.4275,0.0453,-9.8124,-14.82,32.2243,937.4034
1600,0.5063,0.0367,-7.7524,-14.219,32.3806,933.5504
1601,0.4569,0.0507,-10.3364,-16.8249,32.553,929.5955
1602,0.5037,0.0375,-10.0223,-16.5889,32.0547,925.5652
1603,0.475,0.044,-8.2497,-13.9319,32.0403,921.488
1604,0.4955,0.0566,-9.2482,-15.2688,31.9,917.394
1605,0.5032,0.0384,-9.7493,-16.1974,31.2417,913.3144
1606,0.4545,0.057,-7.4846,-13.666,31.6837,909.282
1607,0.4822,0.0583,-8.2449,-14.6407,32.5607,905.33
1608,0.3327,0.0622,-8.8308,-14.6829,32.7722,901.4926
1609,0.4793,0.0527,-9.3598,-14.0176,33.8634,897.804
1610,0.4195,0.0915,-6.7302,-12.4548,33.9855,894.2987
1611,0.4362,0.067,-8.3212,-14.3676,32.9654,891.0109
1612,0.3327,0.0603,-7.1266,-13.459,34.0472,887.974
1613,0.3365,0.048,-7.4827,-14.1544,33.4455,885.2209
1614,0.3639,0.0596,-8.5787,-14.2119,34.3117,882.7831
1615,0.3458,0.0803,-8.5487,-14.209,34.5492,880.6907
1616,0.3464,0.0862,-6.9702,-13.2032,34.9658,878.9721
1617,0.3674,0.086,-6.9592,-12.3526,34.0697,877.6534
1618,0.2428,0.0803,-9.6462,-15.6357,35.1069,876.7587
1619,0.3421,0.0584,-7.734,-13.3466,33.4944,876.3092
1620,0.5935,0.0881,-8.6191,-14.471,32.2771,955.6005
1621,0.5757,0.0699,-9.3489,-15.4375,31.6186,955.9958
1622,0.5159,0.0693,-8.3222,-14.7996,31.7539,956.4964
1623,0.586,0.0922,-9.6297,-15.7025,30.6436,957.0975
1624,0.4608,0.0975,-8.9505,-14.5295,31.7298,957.7924
1625,0.5753,0.1038,-9.252,-15.5061,32.8597,958.5733
1626,0.4821,0.1004,-9.0571,-14.8373,31.86,959.4304
1627,0.537,0.1021,-8.7661,-15.3074,32.5998,960.3527
1628,0.5237,0.0849,-9.5799,-15.1898,32.2342,961.3277
1629,0.5694,0.0961,-7.5736,-13.4171,32.8791,962.3417
1630,0.5104,,-8.5075,-15.1086,32.371,963.3796
1631,0.4853,0.0739,-7.541,-13.653,31.6988,964.4255
1632,0.4889,0.1068,-9.1826,-14.7169,32.2813,965.4625
1633,0.557,0.0884,-9.574,-16.2035,33.1862,966.4729
1634,0.525,0.1073,-7.8101,-14.3456,32.4916,967.4386
1635,0.4862,0.1092,-9.7614,-15.7962,32.0811,968.3409
1636,0.4908,0.0873,-9.523,-14.4564,33.454,969.1611
1637,0.4368,0.1004,-8.8839,-15.2202,32.7385,969.8805
1638,0.5147,0.0837,-10.5268,-16.2792,32.4696,970.4805
1639,0.4289,0.0677,-9.0403,-14.9102,32.102,970.943
1640,0.5299,0.0893,-9.2103,-15.5051,32.2788,971.2506
1641,0.5058,0.08,-8.7234,-14.6428,32.2256,971.3867
1642,0.5972,0.0781,-9.0818,-15.3057,30.3855,971.3358
1643,0.459,0.1046,-8.8012,-14.9801,31.8607,971.0835
1644,0.5003,0.0601,-9.9686,-16.7992,31.4587,970.6173
1645,0.5777,0.0804,-10.6005,-16.6127,31.1909,969.9258
1646,0.5547,,-8.243,-13.7934,31.3147,968.9998
1647,0.4804,0.0815,-11.1631,-17.1344,30.4466,967.8321
1648,0.5181,,-11.0836,-16.5383,30.2537,966.4174
1649,0.5099,0.07,-9.4805,-15.1904,32.05,964.7529
1650,0.5215,0.0516,-8.6126,-14.6423,31.5554,962.838
1651,0.4821,0.0514,-9.7306,-16.0446,29.8176,960.6748
1652,0.5059,0.0694,-9.0424,-15.2856,30.9189,958.2678
1653,0.4444,0.0774,-11.3885,-18.1237,31.8052,955.624
1654,0.512,0.06,-10.1322,-16.2658,31.1342,952.7532
1655,0.5223,0.0417,-11.1639,-17.0909,32.0882,949.6677
1656,0.4921,,-8.9646,-14.1069,32.0239,946.3825
1657,0.4329,0.0786,-10.7439,-16.4798,30.6467,942.9149
1658,0.5326,0.0496,-10.4394,-16.8718,31.4551,939.2849
1659,0.5025,0.065,-8.9117,-15.6314,31.366,935.5147
1660,0.453,0.038,-8.3753,-14.4785,30.9081,931.6287
1661,0.4642,0.046,-9.2507,-14.8448,30.9882,927.6536
1662,0.4081,0.0538,-8.5646,-14.6749,31.5078,923.6176
1663,0.4191,0.0513,-8.4871,-14.2161,31.7483,919.551
1664,0.43,0.0377,-8.9872,-15.0778,32.4537,915.4852
1665,0.4915,0.0378,-9.5903,-15.2318,33.0698,911.4532
1666,0.407,0.0603,-8.1656,-14.9642,32.918,907.4886
1667,,,-8.0348,-13.2327,33.2322,903.626
1668,0.3902,0.0691,-7.7237,-14.2799,32.7985,899.9003
1669,0.4107,0.0742,-8.1101,-13.7132,33.4994,896.3465
1670,0.3838,,-9.2236,-15.3597,,892.9995
1671,0.413,0.0526,-7.675,-13.7329,33.2321,889.8937
1672,0.3452,0.0746,-8.1772,-14.2977,34.8122,887.0626
1673,0.2922,0.0692,-8.5224,-14.3946,32.4484,884.5386
1674,0.2884,0.0513,-8.344,-14.1153,32.8896,882.3529
1675,0.3112,0.0531,-8.6454,-14.1162,34.4025,880.5347
1676,0.2716,0.074,-7.3802,-12.6763,34.1639,879.1113
1677,0.3275,0.0686,-9.2376,-15.0717,33.5999,878.1076
1678,0.2824,0.073,-8.9237,-14.0669,33.9561,877.5461
1679,0.3866,0.0888,-8.4319,-14.3854,34.1472,877.4464
1680,0.5156,0.0933,-7.2388,-12.7,32.2657,953.0973
1681,0.584,0.1025,-7.6934,-13.4791,32.5862,953.548
1682,0.5217,0.0655,-9.8658,-16.1404,32.9585,954.1156
1683,0.5385,0.0937,-7.4974,-13.4068,,954.7939
1684,0.5557,0.1007,-7.5331,-13.2815,31.3462,955.575
1685,0.4492,0.0756,-9.5942,-15.6103,31.38,956.4492
1686,0.5445,0.0873,-10.7224,-16.516,33.0754,957.4055
1687,0.6045,0.0861,-8.8204,-14.3877,32.5989,958.431
1688,0.5042,0.0972,-7.9285,-13.9402,32.4289,959.5117
1689,0.5273,0.1169,-7.6228,-15.0948,32.537,960.6322
1690,0.5531,0.1218,-9.6667,-14.8275,32.3702,961.776
1691,0.5015,0.0877,-7.6463,-13.7951,31.7238,962.9255
1692,0.4813,0.1035,-10.9109,-17.3226,32.6845,964.0623
1693,0.4107,0.1032,-9.5054,-16.0674,32.2339,965.1673
1694,0.5251,,-9.6277,-15.7959,31.5841,966.221
1695,0.4933,0.0993,-8.4545,-14.7359,32.5985,967.2037
1696,0.4562,0.0968,-8.4186,-14.7871,31.9401,968.0954
1697,0.5012,0.1118,-8.7721,-15.1131,,968.8766
1698,0.4726,0.103,-10.6903,-16.4254,31.9855,969.5279
1699,0.4751,0.0751,-8.9894,-13.9742,32.5213,970.0305
1700,0.521,0.0952,-9.3361,-14.9258,32.0423,970.3667
1701,0.4441,0.0941,-11.1375,-16.5762,,970.5196
1702,0.5405,0.0848,-11.5037,-17.6924,31.9495,970.4736
1703,0.4439,0.0921,-9.0611,-15.0087,31.8947,970.2145
1704,0.4744,0.0782,-10.0679,-15.8547,31.9177,969.7301
1705,0.579,,-10.9748,-17.3046,32.1666,969.0095
1706,0.5482,0.0722,-10.1261,-16.339,31.1159,968.0443
1707,0.5078,0.044,-9.671,-15.2437,31.8344,966.828
1708,0.4668,0.0647,-10.0207,-15.4755,30.3558,965.3566
1709,,,-11.1776,-17.1439,31.2857,963.6283
1710,0.5074,0.0466,-8.3987,-14.9963,31.1708,961.644
1711,0.5054,0.0758,-9.0646,-15.2124,32.1941,959.4073
1712,0.4991,0.0625,-10.0871,-16.8078,31.234,956.9243
1713,0.4997,0.0541,-9.9962,-15.9586,31.7082,954.2038
1714,0.49,0.0459,-9.405,-15.2773,30.3155,951.2574
1715,0.438,,-10.5204,-16.6557,31.2046,948.0993
1716,0.4713,0.0616,-9.2752,-15.1544,30.9649,944.7463
1717,0.5242,0.0387,-10.5081,-16.2996,33.0291,941.2178
1718,0.4278,0.0476,-9.4045,-15.2761,,937.5356
1719,0.4692,0.0575,-10.1831,-16.7838,31.7708,933.7241
1720,0.4375,0.0234,-10.0395,-16.1661,31.9138,929.8094
1721,0.4676,0.0458,-7.7232,-13.5183,31.0073,925.8199
1722,0.4398,0.0415,-8.8864,-14.097,31.7799,921.7857
1723,0.506,0.0454,-8.6623,-14.7982,32.4831,917.7386
1724,0.4581,0.0416,-10.3336,-16.0581,32.4457,913.7116
1725,0.3758,0.0502,-9.1015,-14.6624,31.1759,909.7388
1726,0.4451,0.0727,-8.1587,-14.257,32.3844,905.855
1727,,0.0471,-8.282,-13.7078,33.5107,902.0958
1728,0.3739,0.056,-10.077,-15.4759,33.4283,898.4968
1729,0.3985,0.0782,-8.1128,-13.4226,33.9852,895.0934
1730,0.3551,0.0496,-7.9193,-13.6901,32.8424,891.9209
1731,0.3992,0.0801,-7.1299,-11.9498,34.3802,889.0135
1732,0.3212,0.0606,-8.6367,-14.9444,33.7598,886.4046
1733,0.3162,0.0843,-9.8739,-14.8119,34.9116,884.1261
1734,0.3037,0.0744,-8.8583,-14.4742,34.1214,882.2084
1735,0.2965,0.0716,-8.9326,-14.2624,33.0459,880.6796
1736,0.3528,0.0698,-7.4736,-13.6336,34.9289,879.5658
1737,0.3241,0.0657,,-15.8363,34.2867,878.8903
1738,0.358,0.0767,-8.4806,-13.7671,34.4475,878.6739
1739,0.3717,0.0892,-7.0324,-13.5761,33.9074,878.9339
1740,0.5355,0.0858,-8.5367,-14.6183,32.9362,950.6315
1741,0.5704,0.0843,-7.8395,-14.9101,31.7718,951.1637
1742,0.5118,0.087,-9.8932,-15.9824,33.1377,951.8231
1743,0.5193,0.1037,-9.8935,-16.3015,32.0283,952.6021
1744,0.5173,0.108,-7.5028,-13.6116,31.8105,953.4909
1745,0.4928,0.0866,-8.6203,-13.1584,33.2244,954.4785
1746,0.4861,0.0876,-8.6747,-13.8158,32.4397,955.552
1747,0.5161,0.101,-9.7146,-16.4343,32.4819,956.6969
1748,0.4675,0.1153,-8.8081,-14.5302,31.7732,957.8975
1749,0.5448,0.1109,-9.8791,-15.4797,32.2758,959.1366
1750,0.47,0.0821,-8.0906,-14.2596,32.8025,960.3962
1751,0.6154,0.0936,-6.9386,-12.8495,31.7479,961.657
1752,0.4818,0.085,-8.8165,-14.6785,32.1743,962.8993
1753,0.5002,0.0922,-9.7953,-16.4686,32.2049,964.1025
1754,0.4436,0.1135,-11.3977,-17.9134,32.4467,965.246
1755,0.5623,0.0759,-10.8005,-16.7144,33.2356,966.3087
1756,0.5379,0.072,-8.2887,-14.239,32.1016,967.2699
1757,0.5046,0.0797,-10.4321,-16.7864,31.7949,968.1091
1758,0.4388,0.0912,-9.977,-16.3741,33.7802,968.8064
1759,0.5014,0.0931,-9.222,-15.2668,31.7925,969.3426
1760,0.4487,0.0887,-8.6197,-14.1767,31.8564,969.6995
1761,0.5528,0.0952,-10.0172,-16.0554,31.6744,969.8604
1762,0.5276,0.0574,-10.2249,-15.4135,31.6428,969.8096
1763,0.5,0.0903,-9.8786,-16.2265,31.7782,969.5335
1764,0.3997,0.0698,-10.4633,-16.3667,32.2111,969.0202
1765,0.4587,0.0797,-10.4354,-16.6126,31.8339,968.2597
1766,0.5262,0.0525,-9.6517,-15.3577,32.1777,967.2444
1767,0.5477,0.0659,-9.8272,-16.218,32.1063,965.9689
1768,0.5436,0.0663,-8.2536,-13.2899,31.5631,964.4304
1769,0.4353,0.0749,-9.5806,-16.4259,31.6324,962.6288
1770,0.5104,0.0398,-8.973,-14.1153,32.0521,960.5663
1771,0.5378,0.057,-10.703,-16.658,30.7128,958.2482
1772,0.4291,0.0417,-9.368,-15.0917,,955.6824
1773,0.4928,0.059,-10.2993,-15.6321,31.0969,952.8796
1774,0.5011,0.0607,-9.3288,-14.9,31.2271,949.8534
1775,0.4745,0.0654,-9.0108,-15.3758,30.758,946.6199
1776,0.4082,0.0424,-9.4312,-15.1312,30.8374,943.198
1777,0.4642,0.059,-7.4488,-12.5151,,939.609
1778,0.4585,0.0636,-8.131,-14.5747,33.0738,935.8769
1779,0.4593,0.0271,-8.2266,-13.1674,31.474,932.0278
1780,0.4357,0.054,-8.4496,-14.2567,32.1381,928.0897
1781,0.4329,0.0582,-7.5417,-13.7583,32.1891,924.093
1782,0.4407,0.044,-9.9935,-16.4401,32.7954,920.0692
1783,0.4511,0.0332,,-13.7523,33.6747,916.0518
1784,0.4119,0.0599,-9.4257,-16.4034,33.4129,912.0749
1785,0.3978,0.0353,-8.9842,-15.1918,32.5215,908.174
1786,0.4076,0.0488,,-14.1206,33.1522,904.3849
1787,0.3165,0.052,-7.364,-13.9012,33.3866,900.7438
1788,0.4016,0.0629,-9.1937,-14.8198,33.1754,897.2869
1789,0.3714,0.0487,-8.6104,-14.7198,32.7088,894.0499
1790,0.3619,0.0501,-8.0621,-14.38,33.0656,891.0681
1791,0.3877,0.0617,-8.2403,-14.403,,888.3755
1792,0.2601,0.0749,-7.3712,-13.1936,34.6443,886.0051
1793,0.2484,0.0928,-5.2819,-11.2453,33.9357,883.9879
1794,0.3278,0.0498,-7.6849,-14.0354,34.3762,882.3533
1795,0.3063,0.0742,-8.6125,-14.5496,,881.1282
1796,0.3037,0.06,-9.0799,-15.1053,33.487,880.3371
1797,0.2692,,-8.3361,-14.9058,34.3693,880.0015
1798,0.3058,0.067,-8.876,-15.0203,35.9618,880.1401
1799,0.3087,0.0727,-7.8125,-13.5228,35.0296,880.7681
1800,0.5875,0.0804,-8.1985,-13.9125,31.5171,948.2481
1801,0.5487,0.0885,-8.9517,-15.0666,32.3785,948.8865
1802,0.4663,0.0951,-7.0232,-12.6848,33.0205,949.6609
1803,0.5733,,-9.2383,-15.7283,30.9647,950.5619
1804,0.5838,0.094,-8.7924,-15.2669,32.6687,951.5783
1805,0.5536,0.0792,,-14.3658,32.3948,952.697
1806,0.4861,0.1047,-8.0994,-13.3506,31.6734,953.9034
1807,0.5423,0.0958,-7.8587,-13.7771,,955.1813
1808,0.5445,0.1107,-8.611,-14.7487,,956.5131
1809,0.5678,0.0882,-8.1905,-13.4185,32.6786,957.8801
1810,0.4663,0.0772,-9.6441,-15.7876,32.4682,959.2626
1811,0.4889,0.0955,-8.4606,-13.3433,32.0361,960.6397
1812,0.5251,0.1106,-8.5556,-14.8112,31.7362,961.9903
1813,0.4953,0.096,-8.1534,-14.6593,32.1444,963.2925
1814,0.4466,0.0904,-10.7818,-16.8649,33.0148,964.5245
1815,,0.0808,-10.2539,-16.3784,32.5714,965.6644
1816,0.5126,0.1106,-8.9474,-15.3513,32.3157,966.6904
1817,0.4927,0.0753,-11.8005,-16.4995,31.6536,967.5814
1818,0.498,0.0769,-9.3538,-15.1944,31.9696,968.3171
1819,0.4793,0.0902,-8.9611,-14.729,32.5504,968.8779
1820,0.5493,0.0588,-10.3243,-16.5553,32.3243,969.2458
1821,0.4548,0.094,-10.2535,-16.5423,31.6492,969.404
1822,0.4682,0.0837,,-16.2931,30.2851,969.3372
1823,0.4929,0.0844,-10.3915,-17.2294,31.3671,969.0325
1824,0.5283,0.0778,-10.386,-16.9574,31.4078,968.4784
1825,0.4338,0.0666,-10.5454,-16.669,31.0851,967.6661
1826,0.4416,0.0533,-10.5857,-15.9102,,966.5891
1827,0.4125,0.0619,-10.1979,-16.3852,32.0083,965.2433
1828,0.495,0.0496,-10.1822,-15.9742,31.4554,963.6273
1829,0.4482,0.0648,-8.4203,-14.4065,32.0422,961.7425
1830,0.4764,0.0666,-10.1883,-15.5402,30.5263,959.5931
1831,0.5165,0.0727,-9.5409,-16.3332,31.2441,957.186
1832,0.462,0.0576,-10.2113,-15.8433,30.273,954.5312
1833,0.494,0.0627,-10.1461,-16.2455,31.2038,951.6413
1834,0.4692,0.0466,-10.9543,-16.4919,30.87,948.5319
1835,0.5039,0.0433,-10.757,-17.1667,32.318,945.2213
1836,0.4911,0.0538,-10.3683,-16.3561,31.8614,941.7304
1837,0.4389,0.0428,-9.1533,-15.2045,32.3049,938.0826
1838,0.4536,0.0502,-8.3327,-14.8339,31.5325,934.3038
1839,0.4952,0.0341,-10.5135,-17.1537,31.2856,930.4221
1840,0.4617,0.0363,-9.4124,-15.7026,31.3863,926.4674
1841,0.3819,0.0548,-9.9554,-15.8905,32.3079,922.4716
1842,0.4553,0.0585,-8.9632,-15.3417,33.3768,918.4681
1843,0.3765,0.0368,-7.7835,-13.9486,32.6897,914.4914
1844,0.4667,0.0578,-8.8979,-15.8408,32.3772,910.5772
1845,0.4411,0.0446,-8.4799,-14.6652,32.6555,906.7618
1846,0.4013,0.0527,-7.1858,-12.674,32.922,903.0818
1847,0.3854,0.0713,-7.8995,-13.5469,34.3326,899.5741
1848,0.3599,0.0659,-8.7989,-14.8423,34.0349,896.2751
1849,0.3845,0.0678,-7.9988,-13.877,33.6293,893.2207
1850,0.3316,0.0834,-8.7343,-15.1485,33.7166,890.4458
1851,,0.0543,-7.6945,-12.8823,34.0048,887.9841
1852,0.3598,0.0534,-7.5902,-12.5563,34.2916,885.8678
1853,0.292,0.0591,-9.0815,-14.9991,33.9105,884.127
1854,0.2798,0.0673,-7.8472,-12.5519,33.8072,882.7897
1855,0.2471,0.0447,-8.0957,-14.4358,35.0786,881.8813
1856,0.2433,0.0731,-7.5953,-14.2208,34.6067,881.4245
1857,0.2044,0.0716,-7.4105,-13.7653,35.2842,881.4389
1858,0.2991,0.0901,-7.7532,-13.8629,35.8099,881.9407
1859,0.3354,0.0874,-8.4523,-13.2962,35.2264,882.9427
1860,0.6163,0.0817,,-13.9766,,945.9904
1861,0.4856,0.0977,-9.309,-15.7388,34.4478,946.7579
1862,0.5713,0.1009,-9.7036,-16.1529,32.7416,947.6686
1863,0.5914,0.0843,-11.2486,-16.6785,32.0377,948.711
1864,0.509,0.0887,-8.8014,-14.3028,32.5828,949.8722
1865,,0.0687,-9.4628,-15.7055,33.7268,951.1372
1866,0.4341,0.0829,-8.554,-15.4919,32.0484,952.4895
1867,0.5196,0.0874,-10.5214,-17.0857,32.3877,953.9112
1868,0.4615,0.0972,-9.5391,-14.6785,33.503,955.3829
1869,0.5077,0.0847,-8.7258,-14.3814,32.6623,956.8841
1870,0.4336,0.0894,-10.0091,-15.9764,32.7322,958.3935
1871,0.5148,0.0801,-8.9426,-14.0081,33.4033,959.889
1872,0.5316,0.0958,-9.8007,-14.8216,32.279,961.3478
1873,0.4573,0.0976,-9.4657,-15.4837,31.7678,962.747
1874,0.4418,0.0959,-9.0458,-15.0546,31.7467,964.0636
1875,0.4001,0.0896,-8.8392,-15.1302,32.8527,965.2749
1876,0.4751,0.0691,-9.6027,-15.745,32.5767,966.3584
1877,0.4624,0.0781,-10.398,-17.1411,31.9187,967.2927
1878,0.4237,0.0785,-10.177,-16.9222,31.549,968.0569
1879,0.5042,0.0763,-9.3577,-16.219,31.9904,968.6317
1880,0.4686,0.0796,-10.7329,-16.1907,32.7312,968.9988
1881,0.4442,0.0934,-10.0981,-16.8788,31.47,969.142
1882,0.4656,0.0835,-10.2946,-15.3197,,969.0467
1883,0.5312,0.0594,-10.0888,-16.454,31.0884,968.7004
1884,0.5129,0.0769,-10.8233,-15.9546,31.5063,968.0928
1885,0.4838,0.0739,-11.4962,-17.6788,31.861,967.2163
1886,0.5137,0.0541,-9.5859,-16.369,32.8675,966.0655
1887,0.4421,0.0716,-9.2079,-14.566,31.6792,964.6379
1888,0.4891,0.0573,-11.3787,-16.6777,31.4775,962.9339
1889,0.4924,0.0402,-9.6047,-16.0578,32.0006,960.9565
1890,0.466,0.0606,-8.9778,-15.1436,31.8865,958.7118
1891,0.4999,0.056,-9.3022,-15.7551,31.1215,956.2087
1892,0.4484,0.0491,-10.0375,-16.0978,32.8626,953.4593
1893,0.4965,0.05,-10.3756,-16.3217,31.4944,950.4783
1894,,0.0406,-9.465,-15.6407,31.6931,947.2834
1895,0.3504,0.0556,-9.2337,-16.1432,31.9389,943.8951
1896,0.5093,0.0471,-9.2519,-15.5423,31.8868,940.3362
1897,0.3336,0.0492,-9.3646,-15.0129,32.6799,936.6325
1898,0.4241,0.0513,-9.9754,-16.0798,31.5098,932.8116
1899,0.4824,0.0332,-8.6579,-14.8216,32.4458,928.9036
1900,0.4207,0.0366,-8.5055,-14.9709,32.1989,924.9401
1901,0.3662,0.0214,-8.6084,-14.9134,32.8254,920.9548
1902,0.3721,0.0555,-8.5693,-13.8648,32.2527,916.9823
1903,0.4474,0.0352,-7.2073,-13.7772,32.3264,913.0586
1904,0.3196,0.0527,-8.9477,-14.5873,33.1385,909.2203
1905,0.4314,0.057,-7.3269,-13.3034,33.083,905.5047
1906,0.3736,0.0615,-8.8508,-14.7284,32.5497,901.949
1907,0.3174,0.0417,-7.2967,-13.6629,34.0261,898.5903
1908,0.331,0.0574,-7.1276,-13.3035,33.8366,895.4652
1909,0.3029,0.0805,-8.2904,-14.2932,33.5307,892.6095
1910,0.3676,0.0833,-6.6809,-12.9413,33.4704,890.0576
1911,0.3518,0.077,-7.6013,-13.4356,34.1423,887.8425
1912,0.2435,,-8.659,-14.4303,34.4871,885.9954
1913,0.2863,0.0582,-8.2516,-13.1653,33.2943,884.5451
1914,0.2585,0.0815,-7.0561,-12.917,34.6272,883.5181
1915,0.3359,,-7.2492,-14.2053,34.9339,882.9381
1916,0.2219,0.0848,-8.8748,-14.2933,33.2595,882.8256
1917,0.3326,0.073,-8.196,-14.2979,34.9039,883.1979
1918,0.2604,0.081,-7.9933,-12.9874,35.3033,884.0689
1919,0.2094,0.0875,-8.6488,-13.9134,35.3195,885.4487
1920,0.5233,0.093,-6.7238,-12.9764,33.1281,943.8993
1921,0.5099,0.0976,-8.4576,-14.0966,32.5442,944.817
1922,0.483,0.086,-8.7371,-15.034,32.1957,945.8828
1923,0.5304,,-7.7861,-13.7848,31.8032,947.0835
1924,0.4706,0.1144,-9.0897,-14.7517,33.5863,948.4042
1925,0.4262,0.1254,-8.057,-13.5005,33.3853,949.8279
1926,0.4925,0.1012,-10.2684,-15.8208,33.6817,951.3364
1927,0.4304,0.08,-9.3735,-15.336,32.5478,952.9097
1928,0.468,0.0864,-8.2516,-13.0099,33.4533,954.5269
1929,0.4578,0.1013,-7.918,-14.1005,32.0438,956.1657
1930,0.456,0.1106,-9.8779,-16.6815,32.3854,957.8033
1931,0.5682,0.0789,-10.0569,-16.7642,32.9327,959.416
1932,0.4883,0.0908,-8.9764,-14.2394,33.1943,960.98
1933,0.4942,0.0932,-10.0126,-16.0509,33.7336,962.4713
1934,0.4122,0.0996,-9.81,-15.7305,,963.8659
1935,0.4563,0.0833,,-15.2424,32.0434,965.1404
1936,0.4907,0.0667,-10.1797,-16.406,31.9223,966.272
1937,0.441,0.0908,-11.3828,-17.7764,31.9659,967.2386
1938,0.5185,0.0946,-10.9104,-16.6748,33.6149,968.0195
1939,0.4344,0.0777,-9.9127,-15.9614,32.6396,968.5955
1940,0.4714,0.0812,-11.4539,-17.2364,32.7571,968.9486
1941,0.4599,0.0681,-10.2338,-16.0641,31.8527,969.0632
1942,0.4903,0.0612,-11.1326,-17.3456,31.9058,968.9255
1943,0.4584,0.0812,-8.7193,-15.4487,32.2425,968.5239
1944,0.4733,0.071,-8.3006,-15.0735,31.4426,967.8494
1945,0.4746,0.0699,-10.8695,-15.3562,31.5027,966.8956
1946,0.4542,0.0797,-9.7965,-15.0574,31.2137,965.6588
1947,0.5021,0.0468,-10.738,-16.0679,31.3017,964.1381
1948,0.491,0.0507,-10.1739,-16.5112,31.563,962.3357
1949,0.4761,0.0573,-8.4297,-14.4249,31.0165,960.2566
1950,0.4602,0.0468,-10.1816,-16.5892,31.6705,957.9089
1951,0.5064,0.0614,-9.9631,-16.6192,31.673,955.3036
1952,0.4616,0.0484,-10.4055,-16.6999,31.4124,952.455
1953,0.4547,0.0375,-8.6435,-13.9804,31.0558,949.3799
1954,0.4665,0.0493,-12.073,-17.6526,31.6625,946.0983
1955,0.5248,0.0498,-9.7124,-16.1974,31.3585,942.6328
1956,0.3973,0.0586,-9.2857,-15.4431,31.7658,939.0084
1957,0.4751,0.0519,-9.665,-15.2905,32.4873,935.2528
1958,0.3613,0.0527,-8.3301,-14.6156,31.1808,931.3957
1959,0.4379,0.0513,-7.943,-13.9032,33.3536,927.4688
1960,0.4838,0.0458,-9.9183,-15.7174,32.135,923.5058
1961,0.4315,0.0402,-6.9997,-12.8043,32.5655,919.5414
1962,0.4094,0.0533,-9.7022,-15.5751,32.0166,915.612
1963,0.3705,0.0471,-7.4263,-13.7532,33.3118,911.7544
1964,0.3841,0.0729,-8.2371,-14.5126,32.7166,908.0062
1965,0.3625,0.0704,-8.667,-15.2338,32.7266,904.4053
1966,,,-8.5073,-15.2879,32.793,900.9894
1967,0.3399,0.0628,-8.1323,-14.1897,33.1549,897.7957
1968,0.3489,0.0593,-7.8755,-13.4674,33.7454,894.8606
1969,0.2998,0.0476,-8.7272,-15.4174,33.7756,892.2195
1970,0.2879,0.0625,-8.1402,-14.0037,33.8227,889.9062
1971,0.2557,0.0688,-8.5454,-14.1531,33.59,887.9528
1972,0.316,0.0729,-8.8913,-15.8097,33.7194,886.3889
1973,0.313,0.0784,-8.5786,-14.7139,34.0605,885.2422
1974,0.2917,0.0864,-8.8657,-14.0426,34.7598,884.5371
1975,0.313,0.0697,-8.3186,-14.0426,35.0164,884.2954
1976,0.2705,0.0723,-7.689,-14.6243,35.2201,884.5353
1977,0.2761,0.1004,,-13.6775,34.8497,885.2718
1978,0.2669,0.0947,-6.6075,-12.9814,35.1741,886.5158
1979,0.2463,0.083,-10.0541,-15.7085,34.9198,888.2746
1980,0.5202,0.0898,-8.2664,-14.6114,31.8167,942.0132
1981,0.6219,0.0912,-8.6777,-14.7042,32.8154,943.0996
1982,,0.0939,-8.0796,-14.3483,32.787,944.337
1983,0.4921,0.1001,-8.2159,-14.2144,32.4402,945.7102
1984,0.5296,0.1254,-8.9851,-15.2688,32.7587,947.2022
1985,0.5164,0.0976,-8.7852,-14.897,33.2002,948.7942
1986,0.4448,,-9.5941,-16.1819,32.4439,950.466
1987,0.5412,0.075,-8.5878,-14.3425,32.6872,952.1958
1988,0.4884,0.089,-10.665,-16.5773,34.0182,953.9609
1989,0.4443,0.1089,-8.6257,-15.434,32.0903,955.7376
1990,0.5334,0.098,-9.3521,-14.8556,32.8921,957.5014
1991,0.5085,0.0394,-9.8094,-15.8976,32.241,959.2275
1992,0.431,0.0988,-9.6908,-15.6099,32.4185,960.891
1993,0.5513,0.1121,-9.7146,-15.3323,32.6707,962.4667
1994,,0.0633,-8.6282,-14.4641,32.1093,963.9301
1995,0.4782,0.1036,-7.1534,-12.5708,32.9527,965.2572
1996,0.542,0.05,-8.8327,-14.9793,33.3211,966.4249
1997,0.4847,0.0923,-10.3223,-15.8051,32.9145,967.411
1998,0.4774,0.0786,-9.4199,-15.3585,32.9221,968.1949
1999,0.4523,0.0481,-9.4302,-15.1764,31.3777,968.7578
2000,0.5023,0.0793,-10.7447,-16.5429,31.9597,969.0823
2001,0.4984,0.0852,-11.0389,-16.4185,32.2895,969.1535
2002,0.4801,0.0733,-10.096,-15.7353,32.4402,968.9586
2003,0.4479,0.0735,-9.4033,-15.6248,32.8844,968.4874
2004,0.4845,0.0592,-11.3317,-17.6524,32.3966,967.7321
2005,0.476,0.0395,-10.6005,-16.6253,32.225,966.6879
2006,0.4245,0.0679,-9.5356,-15.9157,33.2095,965.3528
2007,0.4177,0.0785,-9.9191,-16.4452,31.6409,963.7279
2008,0.4974,0.0691,-8.7673,-15.8313,31.3758,961.8173
2009,0.3684,0.03,-10.9666,-17.7412,31.635,959.628
2010,0.4779,0.034,-7.883,-12.8903,30.9728,957.1703
2011,0.4471,0.0407,-10.913,-17.2412,31.5701,954.4576
2012,0.5146,0.0305,-11.2153,-16.2636,30.5159,951.5061
2013,0.4379,0.0492,-9.5409,-15.3393,31.2718,948.3353
2014,0.4787,0.0527,-10.2967,-16.3215,31.5728,944.967
2015,0.4305,0.0304,-9.31,-16.0603,32.2791,941.4261
2016,0.4445,0.0566,-9.2238,-15.2214,32.4579,937.7399
2017,0.4623,0.0546,-9.2044,-14.2583,31.3091,933.9379
2018,0.4066,0.0411,-9.6031,-14.8243,33.2423,930.0518
2019,0.4567,0.0461,-8.4645,-14.3274,32.2077,926.115
2020,0.3684,0.0256,-8.9473,-15.5216,32.3964,922.1627
2021,0.4108,0.046,-7.6961,-14.1747,31.4261,918.2311
2022,0.4263,0.0513,-8.6132,-15.0395,32.1783,914.3575
2023,0.406,0.0547,-9.1363,-14.4972,33.3419,910.58
2024,0.4461,0.0589,-9.6175,-14.8016,32.9821,906.9368
2025,0.3286,0.0591,-8.3162,-14.2182,33.1181,903.466
2026,0.2936,0.0551,,-15.2663,33.3664,900.2057
2027,0.2986,0.0638,-9.1112,-14.3369,32.5425,897.193
2028,0.3545,0.0747,-7.5532,-14.0425,33.5288,894.4639
2029,0.3378,0.064,-9.3543,-15.3283,34.6084,892.053
2030,,0.0714,-6.7732,-12.5417,34.5885,889.9934
2031,0.2536,0.0679,-7.7607,-14.1921,34.0292,888.3156
2032,0.3201,0.065,-7.9243,-14.2423,35.2034,887.0481
2033,0.2319,0.0816,-8.7335,-15.0904,33.6619,886.2165
2034,0.3193,0.0712,-7.3266,-12.6183,33.9762,885.8434
2035,0.38,0.0851,-7.989,-13.0318,35.8075,885.9482
2036,0.2739,0.0833,-8.6002,-14.5428,35.1528,886.5468
2037,0.277,0.0817,-7.972,-14.1061,34.7348,887.6511
2038,0.2293,0.0837,-9.5741,-15.8741,34.9611,889.2695
2039,0.1729,0.0837,-9.6472,-15.6463,34.5796,891.4061
2040,0.5083,0.0721,-9.5742,-15.8493,33.2335,940.3672
2041,0.481,0.0976,-8.4456,-14.4941,33.2567,941.6382
2042,0.4597,0.0966,-8.783,-14.5764,33.2049,943.0608
2043,0.5798,0.1047,-8.0037,-14.2063,32.5357,944.6178
2044,0.5158,0.0885,-9.6478,-15.7426,33.413,946.29
2045,0.5146,0.1177,-8.5267,-14.6194,32.9434,948.0567
2046,0.4821,0.0903,-9.1567,-15.3155,32.6612,949.8958
2047,0.4833,0.0839,-9.9029,-16.1236,33.9899,951.7838
2048,0.5251,0.0819,-8.9256,-14.5445,34.4949,953.6963
2049,0.4821,0.0721,-9.3734,-16.2588,34.3089,955.608
2050,0.5021,0.1102,-9.9109,-15.1238,33.4717,957.4932
2051,0.471,0.1069,-9.4601,-15.3923,32.8499,959.326
2052,0.4635,0.0961,-9.6812,-15.3762,32.8852,961.0802
2053,0.4198,,-9.7811,-15.4186,33.0808,962.7302
2054,0.3962,0.107,-10.0643,-16.4183,32.4887,964.2508
2055,0.4644,0.079,-10.8487,-17.3059,33.4304,965.6176
2056,0.4769,0.0778,-9.8089,-16.325,31.3123,966.8074
2057,,0.096,-10.5672,-16.6907,32.2491,967.7983
2058,0.4734,0.0843,-10.7891,-16.4395,32.7995,968.5699
2059,0.4771,,-10.2039,-16.4958,31.7054,969.104
2060,0.3888,0.0745,-9.4527,-15.1487,31.9649,969.3842
2061,0.4385,0.0643,-9.9094,-17.0934,32.366,969.3963
2062,0.4913,0.0593,-10.4898,-16.6826,32.8276,969.129
2063,0.4902,0.0421,-10.5175,-15.934,31.0545,968.5733
2064,0.428,0.0586,-9.5359,-15.6214,30.933,967.7231
2065,0.4796,0.0735,-11.9344,-18.349,31.1192,966.5755
2066,0.5128,0.0649,-9.3401,-15.6685,30.7084,965.1302
2067,0.5012,0.056,-11.427,-18.941,30.7074,963.3904
2068,0.464,0.0421,-10.999,-17.5049,30.973,961.3623
2069,0.4463,0.0551,-10.2066,-15.678,32.28,959.0552
2070,0.4365,0.0632,-7.978,-14.2693,,956.4817
2071,0.4764,0.055,-8.2821,-14.5144,31.5689,953.6574
2072,0.4609,0.0509,,-16.1268,31.0045,950.6008
2073,0.4731,,-9.1359,-15.9513,32.0009,947.3337
2074,0.4474,0.0581,-10.8002,-16.2052,32.8044,943.8802
2075,0.4685,0.0099,-9.0696,-14.761,31.2195,940.2673
2076,0.4325,0.0521,-9.5158,-16.1645,32.8746,936.5244
2077,0.4526,0.0786,-9.6092,-15.9245,32.16,932.6829
2078,0.4479,0.0302,-8.711,-14.7255,32.0663,928.7762
2079,0.3723,0.0462,-9.0916,-15.6897,32.4235,924.8396
2080,,0.05,-7.9016,-14.9037,32.5563,920.9095
2081,0.4479,0.0458,-10.0321,-16.1117,33.5849,917.0233
2082,0.3867,0.0652,-8.3149,-14.0286,32.9403,913.2196
2083,0.2979,0.0601,-8.9766,-14.6807,33.1178,909.5368
2084,0.3278,0.0581,-8.5077,-14.0701,32.7112,906.0138
2085,0.377,,-7.8525,-14.6293,33.6428,902.689
2086,0.3247,0.0606,-8.917,-14.888,32.7431,899.6003
2087,0.3053,0.1009,-7.8306,-13.9648,33.5615,896.7845
2088,0.3718,0.0669,-8.0837,-14.1273,35.4042,894.2769
2089,0.2642,0.0699,-8.4081,-14.514,32.3473,892.1113
2090,0.2648,0.0496,-8.2365,-14.5667,34.161,890.3194
2091,0.2962,0.0662,-7.9795,-15.4884,34.3492,888.9304
2092,0.295,0.0891,-8.4819,-13.9009,34.2068,887.971
2093,0.2915,0.0618,-7.8898,-13.7248,34.3689,887.4647
2094,0.301,0.0545,-8.1624,-14.9045,34.6834,887.4319
2095,0.2661,0.0833,-8.4896,-14.253,34.6018,887.8895
2096,0.2723,0.1017,-6.8057,-13.0293,34.9966,888.8506
2097,0.2378,0.0881,-7.8383,-14.0478,34.6661,890.3244
2098,0.2471,0.0858,-8.5851,-14.9693,36.2509,892.3161
2099,0.2464,0.0695,-8.2855,-14.017,34.9476,894.8266
2100,0.5322,0.0979,-9.5398,-15.9397,33.6025,938.9927
2101,0.5472,0.1013,-9.1209,-15.6693,32.9171,940.4614
2102,0.5317,0.0726,-9.0883,-14.5224,33.9199,942.0799
2103,0.5051,0.108,-9.8972,-15.9866,33.8252,943.8287
2104,,0.1037,-8.6633,-14.737,33.6457,945.6869
2105,0.4954,0.108,-9.4561,-15.1099,32.7712,947.6316
2106,0.4871,0.1011,-9.4184,-15.7522,32.9144,949.6389
2107,0.4921,0.1013,-9.6743,-15.9084,34.3415,951.6836
2108,0.5693,0.0988,-6.9391,-12.7863,32.8222,953.7397
2109,0.4574,0.1019,-9.9241,-16.6948,33.6028,955.7807
2110,0.493,0.0684,-11.136,-17.0254,32.578,957.7796
2111,0.5171,0.0707,-10.8462,-17.224,33.6664,959.7093
2112,0.4769,0.0781,-9.041,-14.6132,32.5572,961.5431
2113,0.5656,0.0835,-8.6573,-14.3839,32.2916,963.2547
2114,0.4563,0.0877,-10.3446,-16.1373,32.3367,964.8185
2115,0.4841,0.0848,-8.8423,-15.6458,32.3222,966.21
2116,0.439,0.0921,-9.3311,-15.3828,32.785,967.4063
2117,0.4569,0.0901,-10.1266,-16.7152,32.4706,968.3856
2118,0.4809,0.0635,-10.2248,-16.2432,31.6592,969.1284
2119,0.5049,0.0744,-9.9032,-17.0609,32.1892,969.6169
2120,0.4837,0.059,-9.3669,-16.1373,31.4133,969.836
2121,0.5212,0.0645,-9.761,-15.1664,32.3845,969.7729
2122,0.4666,0.0683,-10.6188,-16.4342,32.4003,969.4174
2123,0.4565,0.0212,-10.2036,-16.3805,31.8039,968.7623
2124,0.577,0.0889,-8.4543,-14.9087,31.905,967.8034
2125,0.4832,0.0647,-9.8018,-16.3439,32.7279,966.5396
2126,,0.0488,-9.2593,-15.1592,31.5287,964.9727
2127,0.4356,0.0773,-9.4636,-15.6354,31.0162,963.1082
2128,,0.0485,-9.607,-14.8337,31.9035,960.9543
2129,0.4948,0.0528,-9.6588,-15.7512,,958.5229
2130,0.4388,0.0442,-8.9387,-14.9094,31.4199,955.8288
2131,0.454,0.0689,-8.9842,-15.6784,31.2048,952.89
2132,0.4412,0.0471,-9.2431,-15.4234,31.1765,949.7274
2133,0.4673,0.0497,-9.898,-15.8095,31.4964,946.3649
2134,0.3979,0.0621,-8.9183,-15.1047,32.2506,942.8291
2135,0.3819,0.0547,-9.1604,-15.4032,32.4532,939.1489
2136,0.4264,0.0473,-9.231,-15.0676,32.4392,935.3558
2137,0.4336,0.0618,-6.7181,-11.9607,32.1928,931.483
2138,0.4144,0.0797,-9.9696,-15.8971,31.9569,927.5658
2139,0.3599,0.054,-7.8507,-13.2787,30.8293,923.6406
2140,0.4101,0.0528,-9.1904,-14.8796,32.6081,919.7452
2141,0.3437,0.0549,-8.2831,-13.7409,31.173,915.9182
2142,0.3428,0.0702,-6.2274,-12.5323,31.548,912.1988
2143,0.316,0.0491,-8.9543,-15.0578,32.7732,908.626
2144,0.3957,0.055,-8.675,-14.7763,33.2025,905.239
2145,0.3589,0.042,-8.0319,-13.7587,32.9502,902.0762
2146,0.3478,0.0485,-8.6294,-14.2332,34.3213,899.175
2147,0.3637,0.0589,-7.1911,-13.1286,33.8565,896.5717
2148,0.4168,0.0669,-8.2865,-13.8481,33.6072,894.3007
2149,0.2267,0.0913,-7.3109,-13.5926,34.7629,892.3946
2150,0.2567,0.0791,-8.8882,-14.4455,35.0394,890.8836
2151,0.2534,0.0643,-9.2771,-14.7692,34.5701,889.7953
2152,0.2363,0.0691,-8.038,-13.6992,33.9512,889.1542
2153,0.2203,0.0969,-9.1494,-15.0823,34.2297,888.9816
2154,0.2452,0.0964,-6.7365,-12.3799,33.8235,889.2955
2155,0.2032,0.0856,-9.2482,-15.6952,34.7846,890.11
2156,0.2609,0.0823,-8.944,-14.8449,34.284,891.4353
2157,0.2461,0.1033,-7.8885,-13.7382,34.8047,893.2776
2158,0.2608,,-8.8093,-15.474,35.2297,895.6388
2159,0.2605,0.0984,-9.6902,-15.4529,33.9364,898.5167
2160,0.539,0.1201,-7.1305,-13.7549,32.6814,937.9172
2161,0.4931,0.096,-9.6226,-15.8365,33.1797,939.5936
2162,0.5865,0.0846,-9.0442,-15.0243,33.4798,941.4154
2163,0.5053,0.099,-9.1267,-15.492,33.2261,943.3611
2164,0.4163,0.0884,-8.4686,-14.4273,33.3552,945.4076
2165,0.4461,0.0769,-8.7487,-14.7155,33.0733,947.5303
2166,0.4126,0.1015,-9.8651,-16.2752,32.5921,949.7035
2167,0.4794,0.1057,-9.5515,-15.2675,33.0915,951.9003
2168,0.471,0.0875,-9.5605,-15.9426,33.2221,954.0934
2169,0.4547,0.0854,-8.8677,-13.7237,33.0894,956.2549
2170,0.552,0.0769,-10.4879,-16.5426,33.2576,958.3568
2171,0.492,0.085,-8.0225,-14.6081,33.3474,960.3712
2172,0.498,0.0782,-10.3242,-16.8163,33.4027,962.2709
2173,0.4309,0.0708,-9.7986,-15.2249,32.5047,964.0291
2174,,0.1036,-10.7883,-16.9929,31.8255,965.6202
2175,0.4689,0.0842,-10.9604,-17.6423,33.4169,967.0198
2176,0.4742,0.0832,-10.6748,-16.2479,32.7665,968.2051
2177,0.3929,0.0846,-10.796,-17.0038,31.8437,969.1552
2178,,0.0809,-10.3855,-16.0588,32.4661,969.8513
2179,0.4676,0.0643,-10.8613,-16.3936,32.8266,970.2768
2180,0.4582,0.0701,-9.5347,-15.3975,33.1144,970.4177
2181,0.4338,0.0613,-10.7191,-15.5212,32.1248,970.2626
2182,0.4441,0.0675,-10.7976,-17.66,32.5157,969.8032
2183,0.4576,0.0642,-10.3749,-16.7839,31.0689,969.034
2184,0.4669,0.0535,-9.2324,-15.3603,31.6983,967.9529
2185,0.4857,0.0402,-9.8091,-14.6785,31.4558,966.5606
2186,0.5025,0.0561,-10.0037,-15.1047,31.8121,964.8616
2187,0.4447,0.0504,-11.0024,-16.3581,32.5366,962.8633
2188,0.4349,0.0287,-10.6917,-17.0888,31.6975,960.5765
2189,0.4668,0.0563,-10.7123,-17.051,30.9777,958.0155
2190,0.4693,0.0609,-8.5472,-14.9615,30.7903,955.1974
2191,0.4225,0.0789,-9.0636,-15.4553,32.5596,952.1426
2192,0.4658,0.0434,-10.066,-15.3197,31.9199,948.8745
2193,0.4672,0.0414,-9.7113,-15.8332,31.9357,945.4192
2194,0.4729,0.0345,-9.799,-15.8548,31.5312,941.8054
2195,0.4851,0.0506,-9.7235,-15.3363,31.9837,938.0643
2196,0.3715,0.051,-8.5213,-15.353,31.3307,934.2289
2197,0.3984,0.0396,-8.9942,-14.9679,32.2688,930.3345
2198,0.3896,0.0482,-6.9756,-13.524,31.4579,926.4177
2199,0.3761,0.0278,-7.5196,-13.6668,32.0852,922.5163
2200,0.3447,0.0641,-7.3563,-13.6495,32.0634,918.6693
2201,0.3016,0.0453,-7.757,-14.0759,30.6523,914.916
2202,0.3549,0.056,-8.5299,-14.4171,32.5639,911.2961
2203,0.3106,0.0412,-7.6203,-13.5096,32.4041,907.8491
2204,0.3349,0.0535,-8.2946,-14.4045,32.9932,904.614
2205,0.2899,0.0594,-6.64,-12.4547,33.2994,901.6291
2206,0.268,0.065,-7.5623,-13.9966,34.5391,898.9311
2207,0.3119,0.0733,-7.631,-13.2902,33.8405,896.5554
2208,0.2995,0.0874,-7.7092,-13.8123,34.0352,894.5353
2209,0.308,0.0815,-6.4041,-12.646,34.3048,892.902
2210,0.3642,0.0868,-8.9449,-15.3423,34.6974,891.684
2211,0.2803,0.0952,-6.3455,-12.4662,34.606,890.9066
2212,0.2818,0.0872,-8.0001,-13.0648,34.6522,890.5924
2213,0.2133,0.0824,-9.0282,-15.0599,35.0487,890.7601
2214,0.1997,0.0974,-8.5741,-15.1463,33.2922,891.425
2215,0.3101,0.1004,-9.3788,-14.9194,36.114,892.5982
2216,0.2065,0.0975,-7.6375,-13.8735,35.9115,894.287
2217,0.1994,0.0743,-9.1091,-14.9672,35.1687,896.4944
2218,0.2383,,-8.2766,-14.5794,34.2539,899.2189
2219,0.2362,0.0921,-7.6514,-13.0111,35.873,902.4548
2220,0.4703,0.1023,-9.3477,-15.6431,33.1861,937.1639
2221,0.4877,0.0932,-9.0887,-14.3897,33.9525,939.0548
2222,0.5433,0.1073,-9.9876,-16.5122,32.8755,941.0841
2223,0.4566,0.1093,-9.3319,-15.4784,34.9778,943.2284
2224,0.4284,0.1076,-7.0431,-12.3431,32.7573,945.4624
2225,0.5177,0.1072,-8.5646,-14.4805,33.6294,947.7598
2226,0.4961,0.0795,-9.4859,-14.3502,32.2656,950.0933
2227,0.4486,0.0967,-9.8519,-15.9865,33.4515,952.4345
2228,0.4076,0.0824,,-15.3567,33.1459,954.7548
2229,0.439,0.0684,-9.4346,-14.482,33.9968,957.0252
2230,0.465,0.0831,-9.959,-16.716,32.9628,959.2169
2231,0.5126,0.1007,-9.2813,-16.1002,33.796,961.3014
2232,0.4236,0.0884,-10.545,-16.9428,,963.251
2233,0.4611,0.105,-10.62,-16.2133,32.7137,965.0388
2234,0.491,0.0807,-9.6212,-16.4262,32.604,966.6394
2235,0.3685,0.1057,-10.9085,-16.61,,968.0286
2236,0.505,0.0761,-9.4377,-15.1743,32.7337,969.1844
2237,0.4162,0.0719,-10.0699,-15.0627,32.8225,970.0867
2238,0.4765,0.0539,-11.548,-17.0253,32.4285,970.7176
2239,0.4728,0.0803,-10.0143,-15.8323,32.5487,971.0618
2240,0.5059,0.0586,-11.4548,-16.7752,31.5027,971.107
2241,0.4838,0.0546,-9.5449,-15.2754,32.1717,970.8434
2242,0.3656,0.0756,-10.2795,-16.5096,32.8092,970.2645
2243,0.4279,0.0721,-8.5686,-15.1409,30.7523,969.3669
2244,0.4631,0.0699,-9.1494,-15.4341,31.9811,968.1505
2245,0.4475,0.0502,-10.8004,-16.8204,32.0338,966.6186
2246,0.4717,0.0524,-11.5025,-17.415,32.4579,964.7778
2247,0.4809,0.0509,-10.4133,-17.4809,31.9847,962.6379
2248,0.4698,0.0598,-10.6996,-16.8094,31.592,960.2124
2249,0.4325,0.0681,-8.1662,-14.1519,31.7882,957.5178
2250,0.3623,0.0532,-9.5309,-15.2571,31.1032,954.5738
2251,0.4124,0.072,-8.6647,-13.8513,31.3416,951.4032
2252,0.4412,,-9.5222,-15.4294,30.819,948.0317
2253,0.3743,0.0452,-9.316,-15.7708,32.5745,944.4876
2254,0.4359,0.0582,-9.0731,-15.9821,32.0298,940.8018
2255,0.4393,0.0692,-8.0346,-13.6911,31.3022,937.0073
2256,0.3999,,-8.543,-14.9775,32.1212,933.1392
2257,0.2637,0.0647,-9.5117,-15.0783,32.7739,929.234
2258,0.3262,0.052,-7.244,-12.5453,32.8062,925.3299
2259,0.4435,0.0505,-8.6567,-15.4287,31.7974,921.4658
2260,0.3367,0.0616,-8.673,-14.3961,30.6271,917.6816
2261,0.2696,0.0766,-10.4656,-15.8193,32.9066,914.0172
2262,0.3886,0.0636,-7.5966,-13.087,32.3064,910.5125
2263,0.33,0.066,-7.9354,-14.9836,33.3864,907.2073
2264,0.364,0.0634,-7.8599,-14.2867,33.7615,904.1402
2265,0.3213,0.0612,-8.1982,-14.8383,34.04,901.3488
2266,0.3193,0.0657,-8.286,-14.0243,34.5994,898.8692
2267,0.3066,0.0718,-8.0861,-13.8794,34.4737,896.7356
2268,0.3115,0.0933,-7.3999,-14.7489,34.9577,894.98
2269,0.3667,0.0724,-7.2554,-13.4058,34.9063,893.6316
2270,0.3071,0.0785,-7.9645,-13.5642,35.1228,892.717
2271,0.1983,0.07,-7.0507,-12.9767,34.3742,892.2594
2272,0.2735,0.0914,-7.9204,-13.8472,33.7706,892.2788
2273,0.2962,0.1016,,-14.5077,36.1673,892.7914
2274,0.2944,0.1071,-7.845,-14.3744,34.8362,893.8093
2275,0.226,0.0922,-9.1898,-15.1984,35.6415,895.3409
2276,0.2875,0.0987,-8.0311,-14.005,34.6642,897.3899
2277,0.2768,0.0918,,-15.2739,35.6458,899.9562
2278,0.3426,0.1017,-9.3152,-14.9669,33.6557,903.035
2279,0.2107,0.1007,-10.2669,-16.2239,34.9129,906.6169
2280,0.4778,0.0937,-9.001,-14.4536,33.6881,936.7514
2281,0.4799,0.0948,-7.6423,-13.8297,34.0396,938.8602
2282,0.4672,0.0986,-9.0987,-15.8207,34.4035,941.0979
2283,0.4464,0.0893,-8.5703,-14.3317,33.0856,943.4389
2284,0.3673,0.0894,-7.2874,-13.2242,34.1042,945.8564
2285,0.4567,0.112,-8.9329,-14.6845,34.3954,948.3221
2286,0.4857,0.1231,-9.957,-16.5892,35.004,950.8072
2287,0.4486,0.0749,-9.936,-15.0406,33.9445,953.2821
2288,0.5436,0.0728,-9.5219,-15.1666,33.1569,955.717
2289,0.465,0.0749,-10.1152,-16.2592,32.5711,958.0821
2290,0.5147,0.0834,-10.1386,-16.6063,34.324,960.3479
2291,0.4725,0.0934,-8.9828,-14.4442,33.5535,962.4855
2292,0.4944,0.0877,-9.0234,-15.5743,32.9764,964.4669
2293,0.472,0.0806,-11.2285,-16.0978,31.8915,966.2656
2294,0.5152,0.0826,-10.6245,-16.9311,32.1757,967.8563
2295,0.4625,0.0657,-10.3914,-15.5311,32.9829,969.2156
2296,0.4799,0.0687,-9.5817,-15.6739,32.6867,970.3222
2297,0.4744,0.0691,-9.1769,-14.3865,31.179,971.1571
2298,0.4478,0.048,-7.9493,-14.3167,,971.7037
2299,0.475,0.0508,-10.4914,-16.482,31.1636,971.9484
2300,0.5475,0.049,-10.4477,-16.0453,32.8057,971.8804
2301,0.4462,0.0695,-9.6284,-15.2973,32.0156,971.4919
2302,0.4724,0.0613,-10.617,-16.0666,31.5194,970.7784
2303,0.5042,0.0638,-10.1438,-16.3875,32.3097,969.7388
2304,0.4972,0.0327,-10.311,-16.2686,31.8581,968.3752
2305,0.4494,0.0354,-12.0127,-17.3885,32.3847,966.6934
2306,0.3504,0.0598,-9.7421,-16.0948,31.5961,964.7023
2307,0.4626,0.0173,-9.9016,-15.6153,31.6041,962.4145
2308,0.3488,0.0644,-8.6441,-14.7537,31.3381,959.8458
2309,0.4915,0.0271,-9.5534,-15.4505,31.6716,957.0152
2310,0.4341,0.0586,-10.4507,-16.4084,32.5532,953.945
2311,0.4613,0.0375,-9.5361,-15.9302,,950.6603
2312,0.3787,0.0608,-10.88,-17.0103,32.0133,947.1891
2313,0.3456,0.0869,-10.0495,-15.977,,943.5619
2314,0.4105,0.0216,-8.4437,-14.495,30.5379,939.8116
2315,0.3907,0.058,-9.0203,-14.2339,,935.973
2316,0.3639,0.0289,-7.9555,-13.4505,32.2127,932.0828
2317,0.3782,0.0569,-10.1402,-15.9952,32.0507,928.1791
2318,0.4764,0.0507,-8.6376,-15.0192,31.3575,924.301
2319,0.3897,0.0563,-8.7064,-15.1184,32.5867,920.4887
2320,0.3888,0.0456,-7.4504,-12.4635,32.7224,916.7824
2321,0.371,0.0679,-7.5744,-14.0794,32.1957,913.2225
2322,,0.0432,-7.5062,-13.4492,32.0897,909.8492
2323,0.3105,0.0778,-6.7053,-12.5248,32.9278,906.7018
2324,0.2265,0.0603,-8.1638,-14.3194,33.6516,903.8184
2325,0.2921,0.0508,-6.7457,-13.2468,33.6916,901.236
2326,0.3233,0.0893,-8.6082,-15.0006,33.0944,898.9895
2327,0.2437,0.0719,-8.612,-14.8853,33.884,897.1116
2328,0.2676,0.0982,-7.1359,-13.4907,34.509,895.6326
2329,0.2397,0.0925,-8.9495,-14.2857,33.442,894.5799
2330,0.3209,0.0708,-7.3124,-13.317,34.3447,893.9778
2331,0.285,0.0818,-7.732,-13.9939,35.2624,893.847
2332,0.2761,0.0867,-7.0156,-12.9621,33.8345,894.2049
2333,0.2708,0.1059,-7.9981,-13.6641,35.4212,895.0646
2334,0.2413,0.095,-8.0004,-14.1728,35.8137,896.4354
2335,0.2486,0.0939,-7.7493,-13.2983,34.808,898.3223
2336,0.1922,0.0913,-8.8144,-15.45,34.8182,900.7259
2337,0.1522,0.0948,-8.9921,-14.4065,35.7091,903.6425
2338,,0.1126,-8.2048,-14.2092,35.0244,907.0637
2339,0.2561,0.0984,-8.778,-14.802,33.7519,910.9769
2340,0.5386,0.088,-9.2405,-15.587,33.8131,936.6935
2341,0.5476,0.0859,-9.0545,-15.6684,34.1542,939.0202
2342,0.5427,0.0858,-7.7916,-14.6249,34.299,941.4637
2343,0.4357,0.0751,-9.505,-15.8864,33.2934,943.9966
2344,0.4577,0.0822,-9.6148,-15.3209,33.6114,946.5901
2345,0.4878,0.1082,-10.6918,-17.1724,34.2963,949.2145
2346,0.5671,0.0866,-9.4493,-16.2235,33.5974,951.8396
2347,0.5228,0.0961,-8.9791,-15.4336,32.6271,954.4346
2348,0.5065,0.0564,-8.9233,-15.1157,34.1867,956.9689
2349,0.4448,0.0912,-9.5905,-15.7633,33.2056,959.4119
2350,0.4239,0.0806,-8.9932,-15.0576,33.8704,961.7337
2351,0.49,0.0747,-9.2484,-14.7321,32.2532,963.9054
2352,0.4138,0.0806,-9.0122,-14.3876,32.8875,965.899
2353,0.4478,0.0702,-9.1768,-14.1741,33.1321,967.6882
2354,,0.0485,-8.7615,-15.574,32.6383,969.2484
2355,0.5205,0.0827,-10.1972,-16.6251,31.845,970.5572
2356,0.4423,0.0722,-11.1568,-16.8075,30.9886,971.5942
2357,0.3585,0.0633,-9.587,-15.814,33.2037,972.3417
2358,0.4756,0.0532,-9.505,-15.0746,32.3126,972.7849
2359,0.4267,0.0449,-8.873,-14.7695,32.7444,972.9117
2360,0.4553,0.0632,-9.0914,-14.3018,32.4902,972.7133
2361,0.4487,0.0778,-8.5352,-14.0139,32.1892,972.184
2362,0.4395,0.059,-9.5586,-15.0281,31.5473,971.3216
2363,0.4798,0.0383,-9.8222,-16.0281,31.955,970.1273
2364,0.3842,0.056,-11.0522,-17.1009,32.4548,968.6057
2365,,0.0513,-9.6253,-15.7779,31.5934,966.7649
2366,0.466,0.0612,-10.2306,-16.9836,32.6479,964.6167
2367,0.4099,0.0571,,-14.7904,30.586,962.176
2368,0.3653,0.0133,-9.5497,-15.1771,30.5165,959.4612
2369,0.451,0.0552,-9.1057,-15.2783,32.0847,956.494
2370,0.4633,0.0363,-9.4438,-14.7915,,953.2989
2371,0.4101,0.0313,-8.4952,-14.8103,32.79,949.9035
2372,0.3265,0.0463,-11.2946,-18.2136,32.427,946.338
2373,0.4257,0.054,-8.834,-14.3303,32.6537,942.635
2374,0.3231,0.0301,-7.8926,-14.5319,32.3236,938.8291
2375,0.3935,0.0592,-7.2273,-13.3251,31.3465,934.957
2376,,0.0611,-8.0082,-13.9051,31.024,931.0569
2377,0.3171,0.0538,-7.1195,-12.9268,33.0497,927.1679
2378,0.3366,0.0445,-8.2109,-13.7867,31.3972,923.3304
2379,0.3376,0.0449,-8.2288,-13.9384,33.4026,919.5849
2380,0.3097,0.0709,-7.7007,-13.4257,33.0169,915.9723
2381,0.3495,0.0426,-8.0293,-14.4247,32.7401,912.5331
2382,0.2988,0.0757,-8.566,-14.4189,33.2274,909.3073
2383,0.3466,0.0633,-8.2779,-15.0307,,906.3336
2384,0.3096,0.0666,-8.6944,-13.9134,33.2036,903.6496
2385,0.2618,0.0497,-7.3355,-14.0368,34.3634,901.2909
2386,0.2468,0.071,-7.718,-13.8912,34.5244,899.2912
2387,0.2079,0.0827,-8.0005,-14.6599,,897.6815
2388,0.2783,0.0618,-8.1677,-14.5328,33.6811,896.4902
2389,0.246,0.0864,-7.3298,-13.3231,,895.7424
2390,0.1596,0.0839,-7.1467,-13.4111,33.1519,895.46
2391,0.2282,0.0776,-8.7306,-14.1584,34.7795,895.6611
2392,0.2096,0.0979,-8.9292,-14.8157,35.0928,896.3601
2393,0.3056,0.0634,-7.2259,-13.4574,34.2747,897.5671
2394,0.1725,0.096,-9.1973,-15.2641,35.4639,899.2882
2395,0.182,0.1132,-7.7835,-13.1737,34.9558,901.5251
2396,0.2841,0.1128,-7.0681,-12.6136,34.7192,904.2749
2397,0.2953,0.1017,-7.2212,-13.7905,35.6816,907.5304
2398,0.2136,0.0947,-8.095,-14.4353,34.4904,911.2797
2399,0.2217,0.0919,-8.2995,-14.0621,35.682,915.5067
2400,0.5073,0.0886,-7.1695,-12.9928,32.7871,936.9991
2401,0.3846,0.0985,-10.9162,-17.4414,34.132,939.5404
2402,0.3989,0.0819,-9.5025,-15.128,33.9545,942.1838
2403,0.4583,0.0999,-8.5383,-14.9837,33.5561,944.9001
2404,0.5282,0.1155,-9.5755,-14.9235,34.0505,947.6591
2405,0.446,0.088,-8.4036,-14.1389,33.6917,950.4296
2406,0.4651,0.0713,-9.5168,-16.0828,34.282,953.1801
2407,0.5045,0.0698,-9.4687,-15.7332,33.8834,955.879
2408,0.5419,0.0935,-9.88,-16.1533,33.7066,958.4949
2409,0.4334,0.0816,-10.1609,-16.0809,33.4889,960.9969
2410,0.4549,0.0909,-10.2582,-16.3602,32.902,963.3548
2411,0.5278,0.0719,-9.6752,-16.248,32.8698,965.5397
2412,0.3936,0.0861,-10.5762,-17.2734,33.0614,967.5241
2413,0.4952,0.072,-9.2502,-14.9757,32.6676,969.2824
2414,0.413,0.0628,-9.5373,-15.3942,33.2969,970.7906
2415,0.4575,0.0645,-9.2174,-15.1646,32.5456,972.0275
2416,0.4432,0.0527,-11.0263,-16.891,32.5773,972.9741
2417,0.414,0.0887,-11.4977,-17.8072,31.3768,973.6142
2418,0.4122,0.0615,-10.1445,-16.0525,32.657,973.9348
2419,0.4615,0.0683,-7.8131,-12.5438,31.6228,973.9258
2420,0.4889,0.0521,-9.0976,-14.5104,31.2354,973.5804
2421,0.4421,0.0441,-10.5203,-16.6645,32.7487,972.8953
2422,0.4479,0.0522,-9.6909,-15.9525,32.0914,971.8707
2423,0.4653,0.0667,-9.3901,-16.8203,32.1838,970.5101
2424,0.4005,0.0459,-10.997,-16.4626,31.809,968.8209
2425,0.4653,0.0405,-8.7256,-14.3323,31.4341,966.8137
2426,0.4643,,-9.8639,-16.1358,,964.5029
2427,0.5309,0.0553,-9.7017,-16.4176,31.9121,961.906
2428,0.4064,0.0685,-9.5008,-16.0785,32.126,959.0441
2429,0.3973,0.0528,,-14.2653,31.4243,955.9413
2430,0.4401,0.0562,,-15.9291,32.7442,952.6245
2431,0.4352,0.0574,-10.5182,-16.1724,31.4345,949.1236
2432,0.3737,0.0354,-8.7632,-14.72,30.7849,945.4708
2433,0.3711,0.0384,-10.5235,-16.0401,30.6728,941.7008
2434,0.4007,0.0379,-8.9961,-14.8113,30.7926,937.8499
2435,0.3374,0.036,-7.6736,-13.2592,31.6709,933.9563
2436,0.3452,0.063,-8.0305,-15.0753,31.9073,930.0594
2437,0.3561,0.0585,-7.535,-14.1522,32.5957,926.1996
2438,0.3831,0.0577,-7.7537,-13.9359,32.3196,922.4177
2439,0.3097,0.0276,-6.2105,-11.6707,33.0031,918.755
2440,0.2509,0.0854,-8.5072,-13.5669,32.6924,915.2523
2441,0.2386,0.0523,-7.6265,-13.7086,32.8485,911.9501
2442,0.2558,0.09,-8.2158,-14.5216,32.6737,908.8878
2443,0.2448,,-7.0333,-14.0108,34.0567,906.1036
2444,0.2826,0.0605,-7.7959,-13.3641,32.4685,903.6338
2445,0.2331,0.0464,-6.3348,-12.6099,33.752,901.5129
2446,0.2449,0.0797,-8.1139,-12.6348,33.6437,899.7728
2447,0.2351,0.0647,-6.56,-12.9297,34.399,898.4426
2448,0.2421,0.0676,-7.2251,-12.1724,34.0888,897.5485
2449,0.307,0.0665,-7.7574,-13.3832,34.2702,897.1132
2450,0.2758,0.0947,-7.3474,-13.8615,34.2592,897.1559
2451,0.2461,0.0962,-7.6403,-13.5242,,897.6919
2452,0.224,0.1116,-7.6505,-13.2649,34.6944,898.7324
2453,0.2232,0.0837,-8.2044,-14.317,35.9913,900.2845
2454,0.2528,0.0964,-8.7208,-14.3018,35.0739,902.3509
2455,0.2633,0.0801,-8.5646,-14.1566,35.0082,904.9297
2456,0.205,0.0931,-9.7954,-15.4973,34.9749,908.0148
2457,0.2453,0.0922,-7.9422,-13.9504,35.4491,911.5953
2458,0.1662,0.1051,-9.7838,-16.3713,34.7867,915.6558
2459,0.2608,0.1127,-9.1615,-15.1999,35.2366,920.1768
2460,0.506,0.1035,-8.5111,-14.423,,937.6721
2461,0.4599,0.081,-8.4393,-15.3773,34.222,940.4211
2462,0.5399,0.1025,-10.6158,-16.5312,34.189,943.2553
2463,0.4287,0.089,-9.3578,-15.4062,34.1569,946.1436
2464,0.4698,0.0846,-9.0064,-15.6548,33.8948,949.0545
2465,0.4572,0.0786,-9.423,-15.5895,34.6881,951.9555
2466,0.4527,0.0789,-8.479,-14.6349,33.8968,954.8142
2467,0.4506,0.1049,-10.2993,-15.3342,35.0926,957.5983
2468,0.4582,0.0859,-11.3653,-17.2552,33.4351,960.2759
2469,0.4869,0.0823,-9.1575,-14.6395,33.8488,962.8158
2470,0.5074,0.075,-10.3094,-16.3683,32.6997,965.188
2471,0.4517,0.1054,-11.3537,-18.2907,33.833,967.364
2472,0.4839,0.0895,-10.1328,-15.7967,32.4241,969.3168
2473,0.4229,0.0629,-9.0718,-15.4009,32.9731,971.0215
2474,0.4812,0.066,-11.1072,-17.275,32.3944,972.4556
2475,0.4196,0.0645,-8.2576,-14.7841,32.6799,973.5989
2476,0.4931,0.0666,-10.8152,-16.7788,,974.4342
2477,0.5371,0.0543,-10.082,-15.5494,31.6598,974.947
2478,0.4427,0.0659,-11.1214,-16.655,31.8427,975.1263
2479,0.3585,0.0761,-10.0948,-15.3017,32.8117,974.9641
2480,0.4226,0.0411,-10.2046,-15.3406,32.0584,974.456
2481,0.4916,0.0416,-11.2462,-18.2691,30.9076,973.6012
2482,0.4618,0.0478,-7.7386,-14.3354,32.2537,972.4022
2483,0.4466,0.047,-10.3284,-17.2325,30.9909,970.8653
2484,0.4734,,-10.2491,-15.9331,31.916,969.0004
2485,0.4483,0.0622,-8.989,-15.3355,31.7617,966.821
2486,0.4729,0.0608,-8.2136,-14.4582,31.7755,964.3439
2487,0.4558,0.0458,-8.6558,-14.7641,32.5103,961.5895
2488,0.4742,0.0453,-10.4019,-16.2107,30.9108,958.5812
2489,0.4214,0.0313,-9.1473,-15.8899,31.8011,955.3455
2490,0.4364,0.0583,-10.6956,-17.325,32.234,951.9119
2491,0.3807,0.0553,-8.3373,-14.3366,31.1527,948.3124
2492,0.3612,0.0655,-10.2325,-15.6331,31.1681,944.5811
2493,0.4454,0.0485,-9.4317,-15.4444,31.5357,940.7544
2494,0.3774,0.0505,-8.6573,-15.0531,32.0104,936.8705
2495,0.3922,0.0556,-8.1665,-15.2406,31.0909,932.9686
2496,0.3559,0.0658,-8.6031,-14.1267,32.4026,929.0894
2497,0.3184,0.0392,-7.0564,-13.4244,31.3732,925.2739
2498,0.3331,0.0676,-7.5776,-14.1513,33.151,921.5636
2499,0.3808,0.0606,-7.5337,-14.3913,32.8491,917.9999
2500,0.3364,0.0504,-8.9364,-15.656,33.862,914.6235
2501,0.2368,0.0404,-6.5085,-12.9891,33.2943,911.4746
2502,0.2878,0.0662,-8.4385,-14.5579,32.8933,908.5918
2503,0.3593,0.0877,-6.3482,-12.9526,32.7822,906.0122
2504,0.2715,0.093,-6.0779,-11.9851,33.5905,903.771
2505,0.2005,0.0797,-7.2592,-13.3824,33.6133,901.9009
2506,0.3413,0.1015,-6.8343,-11.7233,34.5242,900.4318
2507,0.2866,0.08,-10.1344,-16.9866,33.4313,899.391
2508,0.251,0.0944,-7.8502,-13.7695,35.3701,898.8019
2509,0.2343,0.08,-6.857,-12.77,,898.6849
2510,0.2886,0.0815,-7.062,-13.5773,34.346,899.0561
2511,0.2208,0.0818,-8.8586,-14.811,35.6851,899.9278
2512,0.2866,0.0672,-8.2169,-13.8321,34.2613,901.3081
2513,0.2616,0.1093,-10.1277,-16.0795,34.9645,903.2006
2514,0.25,0.0879,-7.9018,-13.2095,34.1692,905.6047
2515,0.2475,0.0875,-9.8883,-16.9772,36.1198,908.5151
2516,0.2372,0.0843,-7.6418,-14.0629,34.082,911.9219
2517,0.2898,0.0972,-7.7782,-13.0407,34.2457,915.8109
2518,0.2183,0.1217,-9.2945,-14.8385,34.7491,920.1632
2519,0.1941,0.1264,-8.6996,-14.4294,35.9231,924.9557
2520,0.4935,0.0708,-9.2635,-14.6469,34.6902,938.7115
2521,,0.0859,-8.9807,-15.939,34.1431,941.6581
2522,0.4808,0.0768,-10.1798,-15.782,34.618,944.6705
2523,0.4751,0.1,-8.8538,-14.3216,33.8592,947.7164
2524,0.4435,0.0903,-10.7555,-17.0848,34.0899,950.7626
2525,0.4858,0.0778,-10.9968,-15.6822,34.7227,953.776
2526,0.4509,0.0846,-9.7192,-15.621,33.4675,956.7233
2527,0.432,0.0762,-9.8764,-16.9728,33.0295,959.5716
2528,0.438,0.0994,-9.5713,-15.3806,,962.2889
2529,0.5306,0.0846,-10.385,-16.7449,33.6571,964.8441
2530,0.3798,0.084,-8.4265,-13.844,33.1323,967.2075
2531,0.4688,0.0417,-9.8687,-15.5947,33.5176,969.351
2532,0.3812,0.0707,-9.8642,-16.1632,32.6425,971.2488
2533,0.4437,0.0943,-9.9365,-15.1853,32.6874,972.877
2534,0.4302,0.083,-9.3252,-14.8555,32.685,974.2143
2535,0.3635,0.0427,-9.6889,-16.1028,32.4853,975.2424
2536,0.4617,0.059,-9.8064,-15.8825,33.1387,975.9456
2537,0.4298,0.0463,-9.5695,-15.311,32.2571,976.3117
2538,0.3597,0.0793,-11.6036,-17.7858,31.726,976.3316
2539,0.4755,0.0599,-11.5465,-17.7137,32.1079,975.9999
2540,0.4972,0.046,-10.1382,-16.1199,32.2905,975.3146
2541,0.4969,0.0541,-10.1834,-16.7163,32.0563,974.2773
2542,0.4486,0.0211,-9.4972,-16.6136,31.9432,972.8933
2543,0.4325,0.0382,-9.8691,-15.7495,30.548,971.1716
2544,0.4797,0.0507,-9.3326,-16.3271,29.9018,969.1248
2545,0.4893,0.0597,-10.6973,-17.1939,32.1291,966.7691
2546,0.4622,0.0258,,-16.4886,31.6107,964.1239
2547,0.3736,0.0443,-10.5522,-17.3764,31.335,961.2123
2548,0.4131,0.0609,-9.0478,-14.8346,31.7824,958.0602
2549,0.4159,0.0316,-10.732,-16.8432,32.5574,954.6965
2550,0.3188,0.0523,-8.8184,-14.9476,,951.1528
2551,0.4023,0.051,-10.137,-16.7949,32.0999,947.4631
2552,0.4665,0.0717,-9.1318,-15.4598,31.0759,943.6636
2553,0.3928,,-7.9725,-13.7843,31.2549,939.7923
2554,0.4175,0.0516,-8.3718,-14.3978,30.3929,935.8885
2555,0.357,0.0655,-9.7389,-15.3275,32.3343,931.9928
2556,0.3377,0.0411,-8.834,-14.3515,32.7613,928.1465
2557,0.3468,0.0562,-9.3777,-15.5038,32.9634,924.3914
2558,0.2898,0.0555,-9.4212,-16.3473,32.8176,920.7691
2559,0.2748,0.0615,-7.8699,-14.2482,32.4911,917.321
2560,0.3551,0.0757,-7.4257,-13.4745,32.4229,914.0874
2561,0.3507,0.0746,-7.4441,-13.8323,,911.1078
2562,0.2478,0.0614,-7.251,-13.7783,33.0323,908.4199
2563,0.3183,0.0746,,-13.6594,32.731,906.0596
2564,0.2687,0.0934,-7.8712,-12.656,34.5581,904.0602
2565,0.2789,0.0681,-8.4956,-14.7397,32.9076,902.4527
2566,0.2776,0.0823,-7.9914,-13.9928,33.7511,901.265
2567,0.2935,0.0807,-8.7168,-15.3729,32.8818,900.5217
2568,0.2524,0.0847,-8.3748,-13.7531,34.3878,900.2438
2569,0.3018,0.0682,-7.685,-13.2476,34.3653,900.4488
2570,0.255,0.1069,-7.9265,-13.5236,34.2983,901.1497
2571,0.2659,0.0827,-5.4749,-10.795,34.0855,902.3557
2572,0.2068,0.1062,-9.1157,-15.3294,34.7653,904.0715
2573,0.3269,0.0882,-8.2688,-14.4201,34.5402,906.2975
2574,0.2609,0.0897,-9.454,-14.599,34.871,909.0293
2575,,0.1131,-8.787,-14.4706,36.1961,912.2582
2576,0.1842,0.1117,-8.9306,-16.0402,35.1747,915.9709
2577,0.2207,0.1032,-8.1663,-13.9389,35.4215,920.1494
2578,0.3092,0.1105,-9.4028,-15.6937,34.8334,924.7717
2579,0.2785,0.0984,-9.407,-14.9579,34.6314,929.8111
2580,0.3862,0.0896,-9.4959,-15.2918,34.1385,940.1111
2581,0.5009,0.0809,-10.3595,-17.2298,35.5915,943.242
2582,0.4348,0.0987,-9.8499,-15.7155,33.8382,946.4173
2583,0.5105,0.0783,-9.7247,-15.6194,34.1348,949.6032
2584,0.4486,0.103,-9.451,-15.2693,33.315,952.7657
2585,0.4587,0.0797,-9.1527,-14.8649,32.041,955.8708
2586,0.4964,0.082,-9.8747,-15.1268,33.0919,958.8847
2587,0.4123,0.089,-9.9723,-15.7653,34.8569,961.7744
2588,0.4078,0.0782,-11.2257,-17.2142,33.6408,964.5078
2589,0.439,0.0722,-9.4895,-14.9155,34.1174,967.0541
2590,0.4795,0.0733,-10.5429,-15.4215,32.7693,969.3844
2591,0.3928,0.0822,-9.445,-14.9874,31.4066,971.4714
2592,0.3789,,-9.0366,-14.9335,31.9976,973.2902
2593,0.4781,0.0656,,-16.0607,32.7444,974.8185
2594,0.4205,0.065,-10.9711,-16.843,32.4949,976.0366
2595,0.4281,0.0732,-10.1799,-16.1707,32.1969,976.9279
2596,0.3685,0.0596,-9.8896,-14.807,31.7422,977.4789
2597,0.4143,0.0805,-10.4104,-16.785,32.4893,977.6795
2598,0.4394,0.0551,-10.586,-16.0086,31.4993,977.5231
2599,0.4749,0.0525,-9.6479,-15.7109,31.8703,977.0067
2600,0.4043,0.0518,-9.652,-16.3922,31.7006,976.1309
2601,0.4984,0.0367,-10.2661,-16.3602,31.2735,974.8999
2602,0.4013,0.0389,-11.2392,-17.5126,30.8916,973.322
2603,0.3973,0.0441,-9.4664,-15.1777,31.1053,971.4088
2604,,0.0634,-10.3503,-16.3047,32.4434,969.1757
2605,0.4235,0.0488,-9.4601,-15.9711,31.961,966.6415
2606,0.3874,0.0432,-9.3971,-14.6616,31.8974,963.8285
2607,0.3972,0.0637,-10.9079,-16.3629,30.8225,960.7621
2608,0.4509,0.0678,-9.2043,-14.4113,30.4585,957.4706
2609,0.4484,0.0647,-8.725,-14.6066,32.0233,953.9854
2610,0.3495,0.0401,-8.4909,-14.5088,31.9698,950.3401
2611,0.3726,0.0453,,-14.4169,31.5875,946.5706
2612,0.3696,0.0742,,-16.5947,31.3773,942.7148
2613,0.318,0.0567,-7.5654,-13.5004,30.831,938.812
2614,0.3465,0.0521,-8.124,-14.2119,32.3539,934.9028
2615,0.34,0.0657,-9.2859,-16.0164,32.6825,931.0286
2616,0.3763,0.0711,-8.83,-14.7663,31.7127,927.2315
2617,0.37,,-7.8993,-14.1198,31.8225,923.5533
2618,0.2996,0.0659,-7.4344,-13.5557,33.1938,920.0358
2619,0.2954,0.0767,-8.2735,-14.0916,32.2406,916.72
2620,0.3219,0.0541,-7.1399,-12.5036,33.8756,913.6456
2621,0.2637,0.0706,-9.1655,-15.5899,32.9292,910.851
2622,0.3028,0.0596,-8.511,-14.6793,32.9514,908.3728
2623,0.2684,0.0638,-9.2903,-15.6728,33.3994,906.2453
2624,0.2264,0.0714,-8.3354,-14.7504,33.328,904.4999
2625,0.2208,0.0864,-6.4072,-12.7045,34.4199,903.1656
2626,0.3116,0.0792,-5.9819,-12.0801,34.4547,902.2678
2627,0.243,0.0777,-7.4735,-13.1805,34.7481,901.8286
2628,0.3112,0.0885,-8.2238,-14.0636,34.3692,901.8661
2629,0.2223,0.0763,-7.9611,-14.4895,34.1374,902.3947
2630,0.2529,0.0972,-7.4945,-12.8475,34.5464,903.4244
2631,0.3363,0.1076,-9.2314,-14.7592,34.4234,904.961
2632,0.1987,0.0948,-8.5646,-15.0152,35.6707,907.0059
2633,,0.0949,-7.1013,-12.4892,35.4878,909.5557
2634,0.2968,0.1032,-9.2445,-15.081,34.9098,912.6028
2635,0.2162,0.0755,-9.1808,-15.2591,34.4687,916.1348
2636,,0.1072,-8.7585,-14.5795,35.9897,920.1349
2637,0.2371,0.1387,-8.7423,-14.7552,35.168,924.5818
2638,0.2786,0.1005,-9.6793,-15.4067,35.0083,929.4499
2639,0.2384,0.1008,-9.3372,-15.2435,35.9959,934.7096
2640,0.45,0.0975,-8.7281,-14.8968,33.8568,941.8602
2641,0.4723,0.1073,-7.7344,-14.7473,33.8928,945.159
2642,0.4116,0.098,-9.4955,-15.2319,33.8525,948.4787
2643,0.4219,0.059,-9.5189,-15.7057,33.0941,951.7846
2644,0.4344,0.0901,-8.3545,-13.9655,33.9542,955.0419
2645,0.3899,0.1124,-10.1043,-15.8635,33.177,958.2159
2646,0.4292,0.0872,-10.8096,-16.9835,33.1521,961.2726
2647,0.4501,0.0639,-9.6305,-15.119,32.924,964.1791
2648,0.4288,0.0791,-9.0445,-14.942,32.8402,966.9036
2649,0.4335,0.0582,-9.6843,-15.6024,32.5302,969.416
2650,0.4431,0.0862,-10.1103,-16.1793,33.02,971.6879
2651,0.4173,0.0578,-11.2418,-16.4,32.6153,973.6935
2652,0.4708,0.0679,-10.1702,-16.5268,32.575,975.4093
2653,0.5,0.0546,-9.1665,-15.3278,33.7985,976.8144
2654,0.4232,0.0563,-11.1583,-17.777,32.1371,977.8911
2655,0.4602,0.0786,-10.3727,-16.0093,32.4434,978.6248
2656,,0.0601,-10.4803,-16.7713,32.3693,979.0042
2657,0.4524,0.0504,-10.709,-16.9441,31.767,979.0218
2658,0.4984,0.0417,-9.9203,-16.1788,31.8463,978.6733
2659,0.4537,,-9.7189,-15.6875,31.5837,977.9584
2660,0.3595,0.0376,-9.6696,-16.295,31.5954,976.8804
2661,0.4451,0.0528,-10.7274,-17.849,31.0389,975.4465
2662,0.4724,0.0623,-11.1811,-16.9522,31.0265,973.6676
2663,0.4097,0.0431,-9.5618,-16.6185,31.2818,971.5582
2664,0.4534,0.0682,-10.0736,-15.6465,30.0539,969.1363
2665,0.3805,0.0405,-8.0862,-13.3069,32.1175,966.4235
2666,0.3426,0.0463,-7.9291,-14.0112,32.5169,963.4447
2667,0.4012,0.0364,-7.7172,-13.0675,31.341,960.2278
2668,0.3183,0.0617,-9.9294,-15.9416,31.6743,956.8035
2669,0.3715,0.0757,-8.5853,-13.7857,31.9775,953.2052
2670,0.4248,,-8.2051,-14.4332,30.6051,949.4685
2671,0.2887,0.0484,-8.1552,-15.3376,32.0446,945.6311
2672,0.3055,0.0691,-8.9061,-14.9461,31.3354,941.7322
2673,0.3067,0.0381,-7.4624,-12.6084,33.0844,937.8124
2674,0.3366,0.064,-8.3525,-14.0851,31.7296,933.9133
2675,0.3155,0.0738,-8.1234,-14.381,32.5328,930.077
2676,0.3772,0.0621,-9.3365,-15.172,32.0376,926.3457
2677,0.3505,0.07,-7.4797,-12.9942,33.6293,922.7615
2678,0.3234,0.0868,-8.1038,-14.1466,32.1788,919.3657
2679,0.3009,0.0915,-7.4356,-12.1224,33.367,916.1987
2680,0.3027,0.0698,-7.5446,-13.8033,33.2305,913.2995
2681,0.2447,0.0667,-7.5279,-13.0267,33.2869,910.7051
2682,0.3062,0.0646,-7.665,-13.2841,33.3727,908.4506
2683,0.2208,0.0899,-6.9717,-13.3216,33.0255,906.5684
2684,0.2926,0.0643,-7.7502,-13.9624,32.062,905.088
2685,0.3014,0.0802,-8.7636,-14.2545,34.4418,904.0359
2686,0.2579,0.0868,-7.1713,-13.0989,33.6812,903.435
2687,0.2388,0.0819,-8.3197,-14.1507,34.8456,903.3044
2688,0.2593,0.0935,-8.7971,-15.6151,34.5144,903.6595
2689,0.1272,0.123,-8.6396,-14.3116,35.1717,904.5113
2690,0.2531,0.0927,-7.698,-13.5544,35.0678,905.8666
2691,0.237,,-8.123,-14.155,33.2284,907.7277
2692,0.2412,0.1096,-9.8906,-15.7101,35.181,910.0925
2693,0.2743,0.1017,-8.6466,-14.8512,34.6937,912.9543
2694,0.247,0.1172,-7.5752,-13.8712,35.6687,916.3018
2695,0.2095,0.1029,-9.0569,-15.1778,35.3752,920.1191
2696,0.2557,0.0986,-9.0264,-15.2586,35.4133,924.386
2697,0.2715,0.0807,-8.2693,-13.1791,34.899,929.0778
2698,0.282,0.0829,-8.6867,-14.2308,34.505,934.1657
2699,0.2935,0.0803,-8.733,-15.2173,34.7622,939.6171
2700,0.4938,0.0917,-11.496,-16.4779,33.0687,943.9431
2701,0.4064,0.0696,,-14.1982,33.7008,947.3906
2702,0.4549,0.0997,-8.9511,-14.9364,33.0688,950.8338
2703,0.4979,0.0834,-7.5824,-13.1337,32.9642,954.2373
2704,0.3756,0.0784,-10.2671,-17.2521,33.7647,957.5655
2705,0.4513,0.0694,-11.1387,-17.2572,33.8732,960.7837
2706,0.4199,0.0851,-9.8047,-16.0913,33.3831,963.8578
2707,0.428,0.0659,-10.1078,-16.0053,32.9454,966.7553
2708,0.4062,0.0616,-9.435,-15.2499,32.5136,969.4449
2709,0.4353,0.0856,-9.1605,-15.1992,,971.8973
2710,0.5154,0.0734,-10.1441,-16.2059,32.2547,974.0854
2711,0.3907,0.0642,-10.3107,-15.7782,32.5426,975.9848
2712,0.394,0.0726,-9.7333,-15.5825,31.5015,977.5734
2713,0.388,0.0629,-10.3784,-16.3577,32.6731,978.8324
2714,0.5082,0.0654,-10.4552,-16.3812,31.7553,979.7462
2715,0.4193,0.0491,-9.3509,-14.4329,32.1717,980.3023
2716,0.4352,0.082,-9.1573,-15.071,32.3373,980.492
2717,0.4181,0.0486,,-15.5269,31.8711,980.3101
2718,0.3941,0.0727,-10.2301,-17.1846,32.0349,979.7553
2719,0.4196,0.0505,-11.7532,-18.4702,30.2096,978.8298
2720,0.524,0.0613,-10.0934,-16.3269,31.0621,977.54
2721,0.4774,0.0595,-10.5026,-16.5568,31.9433,975.8957
2722,0.3833,0.0637,-9.9101,-16.1879,31.5267,973.9106
2723,0.4384,0.0394,-10.2427,-16.0671,32.2869,971.6022
2724,0.3738,0.0622,-9.6123,-15.8965,32.1746,968.9912
2725,0.33,0.0714,-10.3084,-16.7657,31.3237,966.1018
2726,0.4354,0.0464,-10.3755,-16.0692,31.0029,962.9615
2727,0.4341,0.0503,-8.2408,-13.5561,30.6073,959.6005
2728,0.4222,0.0443,-9.858,-16.4116,30.943,956.0516
2729,0.3538,0.0474,-8.9423,-14.8204,31.0475,952.3504
2730,0.3579,0.0732,-8.0377,-14.9902,31.0175,948.5342
2731,0.3861,0.042,-7.9287,-14.666,30.9199,944.6421
2732,0.3632,0.0443,-7.885,-14.1794,31.8249,940.7148
2733,0.323,0.0766,-8.1429,-13.5754,32.7297,936.7938
2734,0.2651,0.0667,-7.6754,-14.0648,32.4128,932.9212
2735,0.3256,0.0867,-7.0325,-13.4406,31.8127,929.1397
2736,0.3554,0.0581,-7.6759,-13.6579,32.7786,925.4915
2737,0.2556,0.0673,-9.3808,-15.3622,32.5513,922.0184
2738,0.3207,0.0603,-8.2406,-14.6331,32.4997,918.7612
2739,0.3003,0.0724,-7.1804,-12.1873,32.6487,915.7594
2740,0.3093,0.0519,-8.1734,-14.3061,32.7811,913.0507
2741,0.307,0.084,-6.3254,-12.2686,33.4844,910.6709
2742,0.2377,0.0822,-7.6384,-13.8393,33.3705,908.653
2743,0.1948,0.0801,-7.5035,-13.2835,33.041,907.0275
2744,0.2329,0.0786,-6.674,-12.0565,33.1997,905.8215
2745,0.2854,0.075,-7.741,-12.9091,34.0317,905.059
2746,0.2247,0.0968,-7.4937,-13.8748,34.2805,904.76
2747,,0.0762,-6.9748,-12.4244,34.0015,904.9407
2748,0.1693,0.0984,-8.9505,-14.6757,33.6655,905.6133
2749,0.3117,0.1191,-8.0986,-13.6113,35.2383,906.7856
2750,0.2752,0.1138,-7.3233,-13.3693,35.24,908.4609
2751,0.2747,,-8.0685,-14.162,33.5382,910.6381
2752,0.2854,0.0925,-7.0986,-12.6307,35.6315,913.3116
2753,0.2738,0.1051,-9.7009,-15.2235,34.7819,916.4711
2754,0.2461,0.1002,-9.9748,-15.1919,35.0821,920.1018
2755,0.2557,0.085,-8.2034,-14.1041,35.6923,924.1843
2756,0.2527,0.1069,-8.3349,-14.3883,36.0221,928.6952
2757,0.3838,0.1024,-9.401,-16.631,35.6328,933.6065
2758,0.3104,0.1255,-9.1537,-15.9593,35.1553,938.8864
2759,0.2804,0.0992,-9.1122,-15.3093,34.1439,944.4992
2760,0.4664,0.0997,-9.9928,-16.5434,32.8942,946.34
2761,0.4054,0.0691,-9.9989,-15.5918,34.5285,949.9143
2762,0.5045,0.0705,-9.3734,-16.0284,34.6854,953.4576
2763,0.4167,0.0898,-8.8926,-15.1432,33.2579,956.934
2764,0.4623,0.0923,-10.6367,-16.8677,33.4409,960.3076
2765,0.4842,0.0659,-9.9467,-15.3443,33.1154,963.5437
2766,0.4565,0.0757,-10.063,-16.3671,32.9391,966.6086
2767,0.4445,0.0568,-9.6062,-15.38,33.7683,969.4701
2768,0.4408,0.0691,-10.0131,-15.9153,33.0842,972.098
2769,0.4378,0.0792,-10.4999,-16.0482,32.6434,974.4642
2770,0.4167,0.0618,-9.1118,-14.6867,34.2027,976.5429
2771,0.4213,0.0619,-10.579,-16.5958,31.5762,978.3112
2772,0.4978,0.0493,-10.4071,-17.2552,32.5975,979.7492
2773,0.4333,0.0531,-11.4605,-17.5764,31.4761,980.84
2774,0.4051,0.0801,-10.7597,-16.7697,31.8546,981.5702
2775,0.4143,,-9.7646,-15.6216,31.8901,981.93
2776,0.4771,0.0436,-9.8967,-16.2655,32.1694,981.9131
2777,0.4577,0.0503,-9.6362,-15.0658,31.3791,981.5171
2778,0.4503,0.0336,-9.6247,-15.6179,31.2016,980.7434
2779,0.4143,0.0395,-8.3323,-14.7926,31.1543,979.5972
2780,0.4438,0.0671,-10.5255,-16.7546,30.5889,978.0876
2781,0.3908,,-11.1358,-16.1715,31.5474,976.2275
2782,0.4013,0.0723,-10.5828,-16.2506,31.2849,974.0334
2783,0.4451,,-10.1973,-15.673,31.3429,971.5254
2784,0.4354,0.0489,-10.2968,-16.8176,31.0237,968.7271
2785,0.3548,0.0573,-9.3176,-15.6621,30.9516,965.6652
2786,0.353,0.018,-8.2591,-14.5998,31.793,962.3696
2787,0.3843,,-7.893,-13.8008,31.7393,958.8727
2788,0.4413,0.0511,-8.5811,-14.6681,32.0318,955.2096
2789,0.2877,0.0706,-7.1293,-13.3741,31.4807,951.4174
2790,0.3671,0.0657,-8.9848,-15.1668,32.16,947.5351
2791,0.2924,0.0421,-9.8643,-16.2613,31.2062,943.6031
2792,0.3133,0.0723,-7.5773,-13.6672,31.4581,939.6631
2793,0.3153,0.0562,-9.7569,-15.2003,32.4325,935.7574
2794,0.3043,0.0505,-8.7627,-15.5193,32.3712,931.9286
2795,0.291,0.066,-7.6233,-13.45,31.8521,928.2193
2796,0.304,0.0635,-8.0116,-13.3216,31.5698,924.6716
2797,0.2739,0.0868,-7.9841,-14.0757,32.2547,921.3268
2798,0.2288,,-8.6903,-14.9548,32.1523,918.2248
2799,0.3108,0.0758,-7.6828,-13.2207,33.7889,915.4041
2800,0.3026,0.0866,-6.815,-13.3071,33.4043,912.9007
2801,0.2996,0.0915,-7.5621,-13.5735,32.6839,910.7487
2802,0.1983,0.0903,-8.2199,-14.7398,32.7109,908.9792
2803,0.2667,0.1004,-8.5495,-15.4845,33.0626,907.6202
2804,0.2774,0.0931,-8.2137,-14.2897,33.3814,906.6965
2805,0.2057,0.0901,-7.286,-13.9177,33.7973,906.2291
2806,0.2447,0.1052,-7.3783,-13.3841,34.7384,906.2352
2807,0.2381,0.0913,-8.3664,-13.8089,33.6521,906.7278
2808,0.316,0.0947,-9.5868,-14.6597,35.7563,907.7158
2809,0.3199,0.1168,-7.5934,-13.5466,33.9539,909.2036
2810,,0.1171,-8.7772,-14.2676,33.7969,911.1911
2811,0.3473,0.099,-7.6551,-13.4557,35.7617,913.6736
2812,0.215,0.0948,-8.9754,-15.1669,35.6306,916.6421
2813,0.296,0.1187,-9.3405,-16.3029,34.7991,920.0827
2814,0.302,,-8.6216,-13.8084,35.1887,923.9772
2815,0.2309,0.1062,-7.0648,-13.5894,35.2352,928.3029
2816,0.2992,0.0988,-8.5697,-13.8784,35.0841,933.033
2817,0.285,0.1066,-9.2874,-15.019,34.214,938.1366
2818,0.3223,0.1022,-9.3443,-15.8323,33.4714,943.5788
2819,0.3212,0.094,-11.2728,-17.1168,34.4013,949.3215
2820,0.4918,0.0856,-10.3032,-15.2368,35.1365,949.0267
2821,0.4455,0.0857,-11.5063,-16.7384,35.0378,952.7035
2822,0.4347,0.0764,-8.205,-14.4614,33.6328,956.3215
2823,0.4844,0.09,-8.4564,-14.8124,33.0696,959.8444
2824,0.4631,0.0927,-9.4501,-15.4,33.6562,963.2363
2825,0.4688,0.0869,-9.7376,-15.8204,33.5898,966.4628
2826,0.4126,0.0699,,-16.5626,33.5176,969.4907
2827,0.3972,0.0802,-10.1651,-15.7953,31.4673,972.2888
2828,0.416,0.07,-8.6159,-15.4621,34.7018,974.828
2829,0.4136,0.0521,-9.9957,-15.7663,33.3093,977.0816
2830,0.4695,0.0729,-10.5933,-16.6828,32.3346,979.0254
2831,0.4764,0.0646,-11.5777,-17.5592,31.8485,980.6385
2832,0.4304,0.092,-9.085,-14.9605,,981.9031
2833,0.4927,0.0765,-10.251,-15.6516,32.2447,982.8045
2834,0.4887,0.0658,-11.5932,-17.1043,31.8477,983.3318
2835,0.4419,0.0586,-10.9071,-17.282,31.9219,983.4779
2836,0.397,0.0561,-11.1565,-17.1858,31.4449,983.2393
2837,0.4902,0.0408,-10.1935,-16.4178,31.6317,982.6163
2838,0.4215,0.0309,-9.863,-16.7039,31.7184,981.6132
2839,0.4253,0.0404,-10.3596,-16.4143,31.3954,980.2382
2840,0.4024,0.0496,-9.2517,-14.3293,31.2869,978.5032
2841,0.3757,0.0245,-9.7152,-16.5712,31.8878,976.4241
2842,0.3472,0.0429,-8.8229,-14.8349,30.0511,974.0202
2843,0.4255,0.0465,-9.8435,-15.8716,30.5061,971.3143
2844,0.3625,0.0471,-6.9982,-12.8543,30.9946,968.3327
2845,0.5095,0.0422,-9.7557,-16.237,30.5532,965.1045
2846,0.3365,0.0467,-9.8907,-16.6032,30.7846,961.6619
2847,0.322,0.0725,-9.8488,-16.5381,31.8444,958.0394
2848,0.3848,,-9.0536,-14.3881,31.0499,954.2739
2849,0.4173,0.0475,-10.1166,-16.6079,30.1267,950.4042
2850,0.3502,,-8.362,-14.6118,,946.4707
2851,0.3619,0.0572,-9.981,-14.9287,31.4785,942.5148
2852,0.2565,0.0502,-8.1907,-14.5578,31.5998,938.579
2853,0.2944,0.0523,-9.2701,-15.0989,32.0556,934.706
2854,0.2698,0.0758,-8.3708,-13.8389,32.1648,930.9386
2855,0.2284,0.061,,-12.9601,31.9659,927.3193
2856,0.3005,0.0553,-6.005,-12.6708,31.5114,923.8896
2857,0.1981,0.0704,-8.6197,-14.9763,32.1482,920.6901
2858,0.2273,0.0748,-7.8002,-13.6491,32.2305,917.7595
2859,,0.0523,-8.1968,-13.2323,32.6282,915.1348
2860,0.2333,0.078,-8.2677,-14.6485,33.4111,912.8506
2861,0.2765,0.0914,-8.115,-14.3618,33.4361,910.9386
2862,0.2677,0.0889,-6.8732,-12.6634,33.8834,909.4278
2863,0.2868,0.1127,-7.931,-13.6212,33.3501,908.3437
2864,0.2777,0.1033,-5.7686,-11.4285,34.6715,907.7083
2865,0.2907,0.1078,-7.2823,-13.7055,34.3485,907.5397
2866,0.2435,0.1261,-8.4899,-14.756,34.1812,907.8519
2867,0.2552,0.1036,-8.0618,-13.954,34.6338,908.6548
2868,0.2642,0.0982,-8.5157,-13.8845,34.0115,909.9538
2869,0.2511,0.1095,-7.3588,-13.4781,33.2827,911.7498
2870,0.2325,0.0925,-9.4528,-15.4639,34.2993,914.0394
2871,0.2392,0.1017,-9.3747,-15.8876,35.2102,916.8143
2872,0.225,0.0936,-8.9515,-14.0199,34.8902,920.0618
2873,0.281,0.1068,-8.1231,-14.046,34.8213,923.7648
2874,0.268,0.0947,-7.8878,-13.349,34.4362,927.9016
2875,0.254,0.0946,-7.9865,-13.9716,33.7925,932.4464
2876,0.2639,0.1078,-8.894,-14.8513,35.8209,937.3692
2877,0.2529,0.101,-9.6193,-16.3695,34.8201,942.6362
2878,0.3524,0.079,-9.1588,-16.2342,34.6447,948.21
2879,0.3293,0.084,-10.9559,-16.3299,34.4357,954.0499
2880,0.4063,0.0686,-10.9442,-16.9052,,951.9753
2881,0.4721,0.0701,-9.2112,-15.108,34.3531,955.7283
2882,0.4166,0.0839,-10.4555,-17.08,33.0971,959.3938
2883,0.3822,0.0797,-9.7908,-16.2423,34.2194,962.9352
2884,0.479,0.0879,-9.7262,-15.195,33.2684,966.3171
2885,0.4164,0.0821,-9.7013,-14.8312,32.8173,969.5055
2886,0.4214,0.0839,-9.2208,-15.5314,32.8305,972.4683
2887,0.4392,0.0763,-9.3687,-15.0329,32.3566,975.1753
2888,0.4831,0.0694,-9.9327,-15.8377,31.8525,977.5987
2889,0.4378,0.078,-10.4868,-16.5471,32.9296,979.7136
2890,0.3886,0.0738,-10.0806,-15.1547,32.1526,981.4977
2891,0.4575,0.0654,-10.6659,-16.8925,32.4804,982.9323
2892,0.4153,0.0743,-10.356,-15.7356,32.1134,984.0017
2893,0.5089,0.0291,-8.1015,-13.9108,32.1086,984.6939
2894,0.4315,,-10.0345,-16.0429,30.3996,985.0007
2895,0.34,0.0506,-9.791,-15.105,30.9655,984.9175
2896,0.4411,0.0668,-10.6734,-16.5283,31.6978,984.4438
2897,,0.0707,-9.2376,-15.2859,30.4755,983.5829
2898,0.483,0.0336,-9.3774,-14.6877,,982.342
2899,0.4891,0.0672,-9.2915,-14.6668,30.2198,980.7323
2900,0.3704,0.0358,-9.6415,-15.0405,30.9957,978.7686
2901,0.4424,0.0359,-8.8832,-16.8271,31.901,976.4696
2902,0.3714,0.0468,-8.5805,-14.3604,,973.8574
2903,0.403,0.046,-9.2499,-15.1439,29.7779,970.9575
2904,0.3364,0.0316,-9.439,-15.4565,31.4022,967.7987
2905,0.3544,0.0587,-8.4964,-14.1915,32.0101,964.4125
2906,0.3456,0.06,-9.7953,-15.665,32.6374,960.8331
2907,0.4007,0.0657,-9.5031,-15.1642,31.305,957.0971
2908,0.3886,,,-14.9604,30.2801,953.2429
2909,0.3592,,-10.0321,-15.283,31.4556,949.3108
2910,0.2855,0.0573,,-13.4444,32.2648,945.3422
2911,0.3184,0.0798,-9.1268,-14.8555,31.3228,941.3794
2912,0.2923,0.0276,-8.5994,-14.3526,32.203,937.4654
2913,0.3482,0.0523,-8.2657,-13.687,31.2285,933.6431
2914,0.352,0.0662,-7.9451,-13.4343,32.1222,929.9552
2915,0.3388,0.0555,-8.1433,-14.1997,30.5815,926.4437
2916,0.2584,0.0679,-7.8261,-13.3309,31.6898,923.1494
2917,0.1714,0.072,-7.737,-13.65,32.4477,920.1117
2918,0.2032,0.0682,-7.9788,-13.0203,32.4293,917.3681
2919,0.3242,0.0794,-8.1876,-13.6387,32.0658,914.9537
2920,0.2454,0.0887,-6.6688,-12.9816,32.7461,912.9011
2921,0.2262,0.0808,-9.2004,-14.035,33.4424,911.24
2922,0.3176,0.0806,-7.683,-14.7341,33.3886,909.9967
2923,0.2991,0.0864,-7.9146,-13.5959,33.6678,909.1942
2924,0.2469,0.0905,-7.2451,-13.5932,34.2545,908.8513
2925,0.2327,0.0718,-8.8041,-13.863,33.7848,908.9831
2926,0.2387,0.1001,-8.121,-13.9946,34.9712,909.6004
2927,0.2537,0.091,-7.9032,-14.3001,33.7151,910.7098
2928,0.3104,0.1131,-7.0847,-13.2179,35.6047,912.3131
2929,0.2662,0.1064,-7.813,-14.17,35.2398,914.4079
2930,0.2824,0.1146,-9.1814,-15.3343,34.466,916.9871
2931,0.3055,0.0894,-8.7972,-14.9615,34.5959,920.0391
2932,0.2184,0.0978,-7.8865,-14.2621,34.9647,923.5476
2933,0.303,0.0878,-9.7583,-15.6233,35.2513,927.4922
2934,0.2698,0.0945,-9.0756,-14.88,35.58,931.848
2935,0.1909,0.118,-9.2458,-15.744,34.1291,936.5861
2936,0.2174,,-9.7821,-16.6113,35.1849,941.6736
2937,0.2738,0.0886,-7.559,-13.4035,33.62,947.074
2938,0.3487,0.0962,-10.2929,-16.0269,34.7296,952.7474
2939,0.3459,0.0999,-9.853,-15.4878,35.633,958.651
2940,0.4456,0.0875,-10.1438,-15.8682,32.9992,955.1543
2941,0.5156,0.0576,-9.1999,-14.4135,32.7423,958.9556
2942,0.3864,0.0577,-9.0144,-14.5158,33.6761,962.6398
2943,0.4358,0.0808,,-14.9266,34.2091,966.1707
2944,0.449,0.0496,-9.9201,-14.3698,33.3976,969.5134
2945,0.4073,0.0656,-10.6664,-17.5455,31.8799,972.6349
2946,0.4378,,-10.9321,-18.0307,31.8294,975.5041
2947,0.3726,0.0718,-9.2449,-15.2486,32.7126,978.0922
2948,0.4927,0.0631,-10.5657,-16.3136,31.761,980.3732
2949,0.4086,0.0584,-12.091,-18.1289,32.3668,982.324
2950,0.5165,0.071,-8.774,-14.4222,32.2223,983.9246
2951,0.433,0.0624,-10.8422,-16.9773,31.6361,985.1584
2952,0.4741,0.0495,-10.3992,-16.7461,32.8512,986.0124
2953,0.4292,0.0562,-8.8779,-15.1494,31.9578,986.4772
2954,0.428,0.0589,-10.2794,-16.3795,32.182,986.5474
2955,0.4033,0.0736,-10.2588,-15.837,,986.2214
2956,0.4284,0.0614,-11.0595,-17.3028,,985.5015
2957,0.4328,0.0656,-11.3207,-17.4652,30.9701,984.3941
2958,0.3847,0.043,-10.0693,-15.7842,30.8153,982.9093
2959,0.4064,0.0436,-9.5573,-15.6567,31.3263,981.0612
2960,0.3819,0.0468,-9.5034,-14.945,30.4688,978.8677
2961,0.4927,0.0479,-10.0227,-16.4824,31.8536,976.3503
2962,0.3909,0.0378,-9.5021,-16.0703,30.3492,973.5337
2963,0.4497,0.0655,-10.8606,-16.7083,30.9227,970.446
2964,0.373,0.0616,-8.8885,-14.6864,30.6728,967.1183
2965,0.3837,0.0483,-8.988,-15.4204,30.5752,963.5844
2966,0.3127,0.0608,-7.3948,-12.723,32.2032,959.8805
2967,0.3395,0.0571,-8.8222,-13.8597,30.7089,956.0446
2968,0.3574,0.0646,-9.4362,-15.7501,30.8797,952.117
2969,0.4039,0.0416,-8.5778,-13.8341,30.7713,948.1387
2970,0.3406,0.0579,-8.6575,-15.8485,31.3176,944.1523
2971,0.3784,0.061,-7.9102,-13.3721,31.3703,940.2006
2972,0.34,0.0714,-8.1056,-14.5345,30.9113,936.3267
2973,0.371,0.0587,-9.0125,-14.5244,31.4922,932.5735
2974,0.2952,0.0386,-9.2003,-15.681,32.2873,928.9833
2975,0.3852,0.0581,-7.5801,-13.6143,32.7215,925.5973
2976,0.2626,0.0729,-6.5956,-13.0006,32.3108,922.4553
2977,0.2442,0.0769,-7.5646,-13.6716,32.5284,919.5954
2978,0.2199,0.0989,-6.9192,-12.0042,32.4767,917.0533
2979,0.3557,0.0882,-6.7181,-12.7721,32.5938,914.8623
2980,0.2901,0.0847,-7.2913,-12.2362,32.5453,913.0528
2981,0.2396,0.0858,,-14.3443,,911.6519
2982,0.2994,0.1017,-7.3579,-12.612,33.0707,910.6833
2983,0.2744,0.0836,-6.5826,-13.3955,34.2241,910.1669
2984,0.324,0.0911,-7.1785,-13.3218,33.6085,910.1188
2985,0.183,0.0817,-7.0781,-13.3462,33.8274,910.5506
2986,0.2349,0.1135,-8.141,-13.3721,33.9761,911.4699
2987,0.2288,0.1028,-8.0467,-13.954,35.0895,912.8797
2988,0.1713,0.091,-8.1127,-15.1567,33.9182,914.7785
2989,0.2968,0.0993,-8.2099,-14.865,34.7581,917.1603
2990,0.2489,0.1078,-7.403,-13.9093,34.65,920.0146
2991,0.2958,0.0994,-10.3997,-15.9327,34.8126,923.3263
2992,0.3682,0.0965,-8.6971,-14.2946,34.9799,927.0758
2993,0.2685,0.0953,-8.9979,-15.1481,34.9087,931.2393
2994,0.2758,0.1073,-10.256,-16.5302,,935.7891
2995,0.3084,0.0987,-8.8557,-14.4975,34.8762,940.6931
2996,0.3552,0.0971,-10.2149,-16.7797,35.9179,945.9159
2997,,0.0858,-10.1691,-15.9402,34.8537,951.4186
2998,0.3174,0.1019,-8.6562,-14.47,33.7392,957.159
2999,0.3997,0.0977,-9.5806,-15.7179,,963.0923
3000,0.4515,0.0747,-9.1321,-14.9332,33.9528,958.5295
3001,0.3542,0.0791,-9.3772,-15.3261,33.5778,962.3496
3002,0.3869,0.0838,-9.9004,-15.6517,33.234,966.0227
3003,0.4959,0.0813,-8.2514,-14.9184,31.9449,969.5133
3004,0.452,0.0775,-9.2856,-14.9783,31.8634,972.7873
3005,0.4055,0.0659,-10.5963,-16.083,33.8337,975.8127
3006,0.4292,0.0599,-11.1778,-17.0173,32.3052,978.56
3007,0.4364,0.0522,-9.656,-15.3554,33.0466,981.002
3008,0.465,0.0556,-10.1957,-16.2506,31.3174,983.1146
3009,0.3807,0.0611,-11.3245,-16.8788,31.4661,984.877
3010,0.4005,0.0496,-9.8569,-15.8243,32.3214,986.2713
3011,0.4439,0.0585,-10.421,-16.995,31.6794,987.2837
3012,0.4274,0.0441,-9.7744,-15.3642,31.8986,987.9037
3013,0.4523,0.0344,-9.8254,-16.6424,31.413,988.1248
3014,0.3778,0.0629,-10.6319,-16.4905,31.1533,987.9446
3015,0.4383,0.0463,-9.5921,-15.7843,30.7397,987.3642
3016,0.4642,0.0411,-10.4368,-16.6608,30.3154,986.3892
3017,0.4361,0.0373,-10.312,-16.226,31.7731,985.0289
3018,0.4177,0.0551,-10.3065,-16.6612,31.7881,983.2965
3019,0.4032,0.0662,-8.8794,-14.6233,30.1583,981.209
3020,0.3681,0.0449,-9.9013,-15.8729,30.071,978.7871
3021,0.3925,0.0474,-8.462,-14.7706,30.4955,976.055
3022,0.4392,0.0633,-8.0076,-13.3385,,973.0402
3023,0.3771,0.0294,-9.8925,-15.7902,30.594,969.7731
3024,0.3388,0.0757,-11.4997,-17.1843,,966.287
3025,0.3469,0.0825,-8.1842,-13.4759,30.7495,962.6177
3026,0.3665,0.0221,-9.1474,-14.4473,30.7766,958.803
3027,0.3352,0.0549,-9.4198,-15.1299,32.3777,954.8828
3028,0.361,0.0492,-9.0513,-15.2026,30.7167,950.8982
3029,0.3539,0.0566,-8.768,-15.4829,32.1343,946.8914
3030,0.3599,0.0568,-7.2584,-13.155,,942.9053
3031,0.3726,0.0737,-8.034,-13.4867,31.7351,938.9832
3032,0.347,,-7.0085,-12.8314,30.4382,935.1682
3033,0.2615,0.0578,,-15.2451,31.7853,931.5026
3034,0.2547,0.0691,-8.0593,-13.6243,31.6403,928.0282
3035,0.2802,0.0799,-8.0305,-13.5648,32.1518,924.7851
3036,0.2581,0.0621,-7.1893,-13.3399,31.699,921.8119
3037,0.224,0.0591,-6.9179,-12.4237,32.9919,919.1448
3038,0.246,0.1053,-6.729,-12.415,33.3332,916.8179
3039,0.2395,0.0761,-7.7055,-14.0483,33.6488,914.8621
3040,0.2272,0.0846,-7.3445,-12.7089,32.9207,913.3055
3041,0.238,0.0838,-7.0251,-13.6588,32.7142,912.1725
3042,0.2952,0.0974,-7.8269,-13.8556,33.7555,911.4839
3043,0.2545,0.1142,-8.4753,-14.5538,34.7855,911.2565
3044,0.3449,0.1019,-8.2802,-14.6929,33.9519,911.5033
3045,0.2534,0.0785,-7.9161,-13.7642,34.3492,912.2326
3046,0.2368,,-7.3015,-12.6463,34.0919,913.4484
3047,,0.0949,-6.9515,-12.3276,34.0717,915.1505
3048,0.2656,0.0976,-9.1897,-14.8279,34.8941,917.3337
3049,0.2781,0.0812,-8.7468,-15.5947,34.5439,919.9887
3050,0.3503,0.1124,-8.736,-15.4039,34.9399,923.1014
3051,0.2411,0.0901,-8.0102,-13.9271,35.0734,926.6534
3052,0.3181,0.1213,-9.2787,-15.2958,35.0285,930.622
3053,0.302,0.1252,-9.4226,-15.6717,35.185,934.9802
3054,0.2419,0.1002,-10.4417,-15.489,34.3475,939.6974
3055,0.3477,0.108,-9.1673,-15.1144,34.2983,944.7388
3056,0.3807,0.0873,-9.9318,-15.6606,34.7868,950.0666
3057,0.3097,0.1087,-10.5791,-16.0851,34.745,955.6396
3058,0.3585,0.0941,-10.519,-16.4915,34.365,961.4138
3059,0.3054,0.0857,,-14.3698,34.724,967.3427
3060,0.3847,0.0731,-10.4549,-16.9251,34.1095,962.0639
3061,0.477,0.0691,-10.4126,-16.7157,34.1075,965.8723
3062,0.4165,0.0688,-8.8217,-15.2931,34.0646,969.5039
3063,0.391,0.0821,-9.8417,-15.0604,32.2443,972.9239
3064,0.4447,0.0593,-9.4387,-15.0376,32.1466,976.0995
3065,0.4148,0.0875,-9.7174,-15.9894,32.479,979.0
3066,0.4168,0.0488,-10.1224,-16.5543,32.5082,981.5975
3067,0.465,0.0821,-10.4181,-15.7256,32.1251,983.867
3068,0.3886,0.0486,-9.5087,-15.3278,31.7473,985.7864
3069,0.3981,0.059,-9.2669,-14.5616,31.7114,987.3371
3070,0.4394,,-9.3399,-15.3699,32.0055,988.5042
3071,,0.0516,-11.1532,-16.8975,30.7472,989.2761
3072,0.4795,0.064,-9.1454,-14.9953,32.7901,989.6455
3073,0.401,0.0711,-10.4467,-16.7588,31.2471,989.6088
3074,0.4622,0.0663,-10.7221,-16.7941,31.7281,989.1664
3075,0.39,0.0463,-10.1978,-16.79,30.6268,988.3226
3076,0.4906,0.0527,-9.3288,-15.0818,31.212,987.0861
3077,0.3677,0.0407,-9.4802,-15.0996,30.8365,985.4691
3078,0.4613,0.0379,-10.0238,-15.5288,31.217,983.4878
3079,0.3764,0.0361,-9.0453,-14.712,,981.1623
3080,0.4772,0.0448,-9.4892,-15.5533,31.5418,978.5158
3081,0.4138,0.0535,-9.9362,-15.1602,29.6982,975.5753
3082,0.3425,0.0283,-9.9131,-15.467,31.1652,972.3706
3083,0.3549,0.0516,-8.881,-14.1867,30.6884,968.9346
3084,0.3993,,-9.1326,-14.407,30.0472,965.3025
3085,0.4021,0.0681,-10.0211,-16.0839,31.8895,961.5119
3086,0.3488,0.0492,-8.0953,-13.9013,31.9063,957.6022
3087,0.3449,0.0411,-9.0095,-14.6222,29.6494,953.6144
3088,0.3649,0.0653,-7.2055,-13.7801,31.1136,949.5906
3089,0.3311,0.0341,-9.4591,-16.0226,31.5608,945.5737
3090,0.2655,0.0774,-8.344,-14.9936,31.5472,941.607
3091,0.2762,0.0638,-8.6292,-14.6832,32.3498,937.7336
3092,0.3098,0.0908,-8.7281,-14.8947,32.3956,933.9962
3093,0.341,0.0505,-8.2262,-14.944,31.9513,930.4368
3094,0.3494,0.0848,-6.3214,-12.2467,33.3484,927.096
3095,0.3088,0.0752,-7.5378,-13.5856,32.7413,924.0127
3096,0.2825,0.075,-8.2156,-13.6245,32.1708,921.2237
3097,0.295,0.065,-8.991,-13.9846,32.2559,918.7637
3098,0.2332,0.0911,-8.8686,-14.6403,33.5404,916.6642
3099,0.2493,0.0945,-7.9024,-14.2507,32.5252,914.9541
3100,0.2189,0.1102,-7.981,-13.6576,32.9591,913.6586
3101,0.1993,0.1031,-7.6739,-13.6693,33.2607,912.7993
3102,0.261,0.086,-9.3533,-15.4733,33.8108,912.3941
3103,0.2546,0.083,-7.6701,-14.1009,33.666,912.4566
3104,0.2753,0.0804,-6.8562,-13.0884,33.1663,912.9963
3105,0.2713,0.1161,,-12.5709,34.8163,914.0183
3106,0.2621,0.0905,-9.4176,-15.0155,34.0254,915.5232
3107,0.2787,0.1188,,-14.4285,,917.5072
3108,0.26,0.1083,-8.8855,-13.9727,34.7016,919.9617
3109,0.2847,0.1067,-8.262,-13.9249,35.3792,922.8738
3110,0.2469,0.0996,-9.547,-15.3349,35.0781,926.2263
3111,0.2996,0.1115,-7.4327,-13.5858,35.5494,929.9975
3112,0.3215,0.1034,-8.9641,-15.4829,35.1429,934.1616
3113,0.2791,0.099,-9.3292,-15.6142,34.9608,938.6888
3114,0.3201,0.1113,-8.1978,-14.5477,35.4729,943.5455
3115,0.3062,0.1005,-9.7335,-17.014,36.284,948.6948
3116,0.3242,0.0918,-9.6545,-16.1588,34.5839,954.0965
3117,0.3151,0.1075,-10.8327,-16.0316,35.1543,959.7074
3118,0.4264,0.0982,-11.5866,-17.4023,34.5842,965.4821
3119,0.4347,0.1033,-11.2353,-17.4236,34.78,971.3728
3120,0.4559,0.0691,-7.9587,-13.7594,33.4175,965.7183
3121,0.5135,0.0581,-9.2879,-16.2646,31.9187,969.484
3122,0.4274,0.0914,-9.6557,-15.5147,32.9076,973.0433
3123,0.5566,0.0871,-10.7313,-16.0925,33.4367,976.3625
3124,0.4265,0.0772,-9.2886,-15.3491,32.1837,979.4102
3125,0.4459,0.0599,-11.1625,-18.0485,32.9997,982.1575
3126,0.4197,0.059,-11.3792,-17.5862,32.362,984.5784
3127,0.4503,0.0774,-10.6112,-15.9716,31.9438,986.65
3128,0.4682,0.0547,-8.6276,-14.4983,32.413,988.3527
3129,0.4293,0.0497,,-15.3971,32.0948,989.6704
3130,0.5036,0.0782,-10.5695,-15.3857,31.7628,990.5909
3131,0.4403,0.0538,-10.737,-17.3639,31.9536,991.1055
3132,0.4393,0.0743,-11.4857,-17.6071,31.3103,991.2099
3133,0.3894,0.0353,-10.0732,-16.5919,30.0585,990.9033
3134,0.4393,0.0574,-9.9549,-16.4729,30.6892,990.1895
3135,0.4134,0.0754,-9.3885,-15.6146,29.7193,989.0758
3136,0.3901,0.0504,-9.2145,-14.8964,31.0985,987.5738
3137,0.3785,0.0467,-10.0117,-15.3665,31.1612,985.6988
3138,0.511,0.0359,-9.3082,-15.5013,31.126,983.4701
3139,0.3877,0.0631,-10.2023,-16.7073,30.8108,980.9102
3140,0.3335,0.0413,-9.0913,-14.852,31.0737,978.0455
3141,0.3569,0.0501,-9.7976,-15.5437,29.5421,974.9051
3142,0.3755,0.0374,-8.8882,-14.768,30.4385,971.5212
3143,0.3917,,-8.8113,-14.6735,29.6887,967.9289
3144,0.384,0.0686,-8.9135,-14.9697,30.3767,964.1651
3145,0.3806,0.0559,-8.1848,-14.1358,31.6344,960.269
3146,0.3192,0.0441,-9.9281,-16.0189,31.412,956.2813
3147,0.35,0.0783,-9.3761,-14.841,31.2624,952.244
3148,0.2927,0.0576,-8.5955,-13.4812,30.8817,948.1998
3149,0.2943,0.0509,-9.3939,-15.3041,30.5357,944.1921
3150,0.2738,0.0453,-8.4312,-14.4345,31.3994,940.2641
3151,0.2547,0.0611,-8.28,-14.152,32.1218,936.4587
3152,0.3367,0.0539,,-13.1459,31.8808,932.8181
3153,0.3141,0.0664,-7.6468,-13.2643,30.8726,929.3831
3154,0.3184,0.0854,-6.8465,-12.6259,32.0838,926.1931
3155,0.2743,0.0745,-7.3525,-13.5627,31.0761,923.2856
3156,0.2978,0.0859,-7.9621,-13.511,32.9138,920.6955
3157,0.191,0.0754,-7.3834,-13.3739,32.2248,918.4553
3158,0.2915,0.0873,-6.8818,-13.3669,32.1163,916.5944
3159,0.2604,0.1119,-6.5047,-12.3289,33.5488,915.1387
3160,0.2758,0.0869,-7.579,-13.4605,33.5976,914.1108
3161,0.2642,0.0979,-8.8251,-14.3449,33.5997,913.5293
3162,0.209,0.0764,-8.9358,-14.5201,34.966,913.4089
3163,0.189,0.1152,-7.8978,-13.9524,34.213,913.7599
3164,0.2222,0.0929,-9.6025,-15.8386,33.6148,914.5885
3165,0.2761,0.1126,-6.4118,-12.4109,34.4701,915.8964
3166,0.2851,0.0998,-7.5055,-13.3239,34.1291,917.6807
3167,0.2081,0.1096,-8.6457,-14.4038,35.1869,919.934
3168,0.23,,-9.1968,-15.0461,34.7042,922.6445
3169,0.248,0.0981,-7.6752,-13.7206,34.8537,925.796
3170,0.2715,0.1169,-9.5925,-15.0941,33.8308,929.3679
3171,0.2413,0.0947,-9.7339,-16.0711,34.7831,933.3355
3172,0.25,0.1129,-9.7619,-14.5222,34.7414,937.6701
3173,0.2862,0.0985,-9.298,-14.9165,34.1679,942.3392
3174,0.3357,0.1067,-9.141,-15.7048,34.6347,947.3068
3175,0.2991,0.0961,-8.9381,-14.8455,34.9921,952.5336
3176,0.3567,0.1011,-9.3149,-14.9285,34.669,957.9776
3177,0.4194,0.0863,-10.4106,-16.5853,33.7434,963.594
3178,0.3414,0.1006,-9.8546,-16.6021,34.3243,969.336
3179,0.4022,0.0965,-11.4647,-17.9842,34.0842,975.1549
3180,,0.066,-11.2199,-16.9489,33.3181,969.4524
3181,0.418,0.0698,-10.3833,-17.2606,33.0666,973.1439
3182,0.4123,0.0701,-10.5688,-17.2935,32.576,976.6
3183,0.4822,0.0591,-10.4997,-16.2313,32.3564,979.7885
3184,0.4237,0.063,-10.8238,-16.9351,32.469,982.6796
3185,0.4803,0.0505,-10.4781,-16.826,32.8082,985.2464
3186,0.4531,0.0889,-9.6558,-15.9032,32.2011,987.465
3187,0.4218,0.0717,-8.8111,-15.5465,32.6947,989.3149
3188,0.4539,0.0606,-11.5831,-17.3408,32.3332,990.7791
3189,0.4463,0.0698,-11.2399,-17.6432,32.3708,991.8442
3190,0.4727,0.0306,-10.8368,-17.1046,32.1224,992.5009
3191,0.4078,0.0224,-9.5716,-15.3982,32.0779,992.7436
3192,0.4288,0.0473,-10.3151,-16.4434,30.2993,992.5708
3193,0.4216,0.0347,-10.684,-17.0363,31.2443,991.9851
3194,0.4485,0.0477,-9.4715,-16.4662,31.4663,990.9932
3195,0.3751,0.0526,-9.2069,-15.0232,31.4703,989.6055
3196,0.452,0.061,,-15.8622,30.0811,987.8367
3197,,0.0363,-10.4426,-16.7013,30.8687,985.7052
3198,0.3475,0.055,-9.4654,-15.9841,30.4689,983.2328
3199,0.4421,0.0508,-9.7502,-15.7438,31.5009,980.4451
3200,0.4763,0.0555,-9.6296,-15.3894,29.5488,977.3706
3201,0.4197,0.046,-9.7125,-15.6636,29.928,974.0411
3202,0.4291,0.07,-8.4221,-13.6031,29.3315,970.4909
3203,0.3674,0.0535,-8.8172,-14.4648,30.5526,966.7567
3204,0.2892,0.0776,-8.0405,-14.0942,31.8915,962.8773
3205,0.2735,0.0486,-7.6507,-13.2816,30.5928,958.893
3206,0.3488,0.0689,-8.2037,-14.1794,30.7842,954.8457
3207,0.3062,0.0613,-8.8294,-14.8069,31.175,950.778
3208,0.2847,0.0603,-7.4494,-12.8012,30.9125,946.7331
3209,0.3102,0.0741,-7.7723,-14.2213,31.3542,942.7544
3210,0.3289,0.0654,,-11.9213,31.5356,938.8849
3211,0.2381,0.0395,-7.6477,-13.0529,30.9707,935.1668
3212,0.2706,0.0372,-7.2289,-13.0744,31.6096,931.6416
3213,0.3417,0.0918,,-13.6431,32.3079,928.3487
3214,0.2316,0.0939,-7.6883,-14.5413,32.6234,925.3262
3215,0.3033,0.1043,-7.7496,-14.8848,33.0537,922.6096
3216,0.2438,0.084,-7.2576,-12.2195,32.6872,920.2319
3217,0.2804,0.0711,-7.0444,-12.8901,32.9118,918.223
3218,0.2988,0.084,-6.525,-12.817,33.3598,916.6099
3219,0.2819,0.0914,-7.2082,-13.0335,32.7611,915.4157
3220,0.2868,0.0813,-7.8526,-14.3264,32.9398,914.66
3221,0.2038,0.1151,-7.7913,-13.9569,33.4427,914.3583
3222,0.2948,0.124,-8.6564,-15.1269,32.94,914.5221
3223,0.2178,0.1045,-6.3581,-13.0647,34.1259,915.1582
3224,0.2651,0.1001,-8.2294,-15.2819,34.6755,916.2696
3225,0.269,0.0859,-7.1518,-13.9506,33.7703,917.8543
3226,0.2833,,-7.8531,-13.3424,34.5921,919.9062
3227,0.2838,0.1041,-7.9983,-14.4917,34.0711,922.4144
3228,0.2442,0.1002,-8.5194,-14.252,33.938,925.3638
3229,0.2328,0.1098,-9.2559,-14.7776,35.8614,928.735
3230,0.3317,0.097,-9.6151,-15.6069,34.0864,932.5043
3231,,0.1056,-7.685,-13.8343,33.9588,936.6441
3232,0.3661,0.0861,,-15.1487,34.8723,941.123
3233,0.3315,0.1158,-8.6537,-14.862,34.8995,945.9059
3234,0.2912,0.1006,-8.7007,-14.0987,35.1115,950.9548
3235,0.4011,0.1146,-10.3967,-15.4585,35.8622,956.2285
3236,0.3634,0.097,-9.9913,-15.2664,34.1234,961.6831
3237,0.4084,0.0962,-10.5565,-17.6323,34.149,967.2727
3238,0.3859,0.0816,-11.7786,-17.9971,35.3465,972.9494
3239,0.4952,0.1034,-11.2571,-17.255,34.8091,978.664
3240,0.3997,0.0599,-9.3455,-15.114,33.476,973.2243
3241,0.4219,0.0626,-10.2945,-17.1582,32.4486,976.8104
3242,0.4403,0.0664,-10.2284,-17.1001,33.2804,980.1331
3243,0.3928,0.0659,,-15.5193,,983.1617
3244,0.45,0.0421,-8.4013,-14.6809,,985.8684
3245,0.5012,0.0579,-11.6044,-18.3481,31.6537,988.2286
3246,0.4169,0.0685,-9.7715,-16.3233,31.8723,990.2207
3247,0.4517,0.0527,-10.3995,-16.2043,32.6059,991.8269
3248,0.3248,0.053,-10.721,-17.1323,30.7757,993.0327
3249,0.4318,0.0563,-10.4295,-16.3087,30.776,993.8279
3250,0.4188,0.0516,-9.6587,-16.1481,30.7131,994.206
3251,0.3961,0.0397,-9.5849,-16.457,30.689,994.1645
3252,0.4691,0.0508,-9.974,-15.2618,30.7849,993.7051
3253,0.4092,0.0625,-9.1934,-14.9943,31.243,992.8335
3254,0.4111,0.0375,-8.9842,-15.1511,30.8341,991.5594
3255,0.3984,0.0455,-9.2651,-15.5258,30.5001,989.8965
3256,0.3316,0.0334,-10.262,-15.5295,30.5541,987.8624
3257,0.3572,0.0615,-9.3249,-15.0292,30.7053,985.4782
3258,0.4346,0.0496,-9.2063,-14.6329,29.2841,982.7686
3259,0.305,0.0412,-10.134,-16.4258,30.9182,979.7618
3260,0.3515,0.0534,-10.6048,-16.5795,29.7814,976.4886
3261,0.3585,0.039,-10.8286,-16.6275,30.0333,972.983
3262,0.4362,0.0424,-9.0105,-15.2855,30.5457,969.2812
3263,0.389,0.0388,-8.6803,-14.728,30.358,965.4215
3264,0.3275,0.0453,-9.7145,-16.0063,30.7763,961.444
3265,0.3933,0.0763,-7.7825,-13.5829,30.6686,957.3902
3266,0.3028,0.0533,-8.3493,-15.01,30.5269,953.3027
3267,0.3641,0.0699,-7.2466,-12.9606,31.7514,949.2246
3268,0.2608,0.0566,-7.8901,-13.7347,31.408,945.1992
3269,0.3496,0.0781,-8.9069,-15.0085,31.3275,941.2696
3270,0.2823,0.0592,-7.5633,-13.3385,31.7376,937.4783
3271,0.2496,0.0745,-7.2804,-13.4629,31.0856,933.8668
3272,0.2748,0.0773,-8.1534,-14.4884,33.0099,930.4751
3273,0.2878,0.1072,-8.7814,-14.5095,31.2561,927.3415
3274,0.2507,0.0894,-7.4751,-13.1816,32.1859,924.5021
3275,0.2872,0.0772,-8.3,-14.5537,32.1593,921.9903
3276,0.2371,0.095,-6.5643,-12.8609,32.3513,919.8369
3277,0.2815,0.1148,-7.7671,-13.8586,32.4879,918.0694
3278,0.2716,0.0719,-6.0615,-12.3375,32.5098,916.7117
3279,0.2496,0.0834,-9.1604,-14.3979,33.8938,915.7843
3280,0.2337,0.0927,-7.3938,-13.2355,32.6597,915.3035
3281,0.2577,0.0923,-6.4194,-12.4121,34.1662,915.2816
3282,,0.095,-8.3573,-14.8237,34.1486,915.7268
3283,0.3384,0.0848,-7.8753,-13.5058,33.7026,916.6426
3284,0.2974,0.1185,-8.1935,-14.4993,34.4087,918.0284
3285,0.304,0.0856,-8.5609,-14.8872,34.1374,919.8789
3286,0.3949,0.101,-7.9798,-13.5935,33.6979,922.1846
3287,0.2996,0.1165,-9.3913,-15.1976,33.8126,924.9313
3288,0.3071,0.1039,-8.6397,-15.8914,34.9495,928.1007
3289,0.3259,0.0925,-8.3493,-14.4282,,931.6703
3290,0.2685,0.0879,-9.1589,-15.0962,34.8191,935.6135
3291,0.3033,0.1009,-10.0235,-16.1933,34.4658,939.9001
3292,0.314,0.0939,-8.6456,-14.5654,34.5911,944.4961
3293,0.3743,0.1045,-9.1398,-16.0446,34.4924,949.3643
3294,0.3565,0.0841,-10.8169,-18.2324,33.5994,954.4646
3295,0.3848,,-11.2826,-17.7703,,959.7542
3296,0.4394,0.0995,-11.2734,-17.1323,34.8137,965.1879
3297,0.4476,0.0987,-10.3389,-17.9514,34.4343,970.7189
3298,0.4242,0.1118,-10.8144,-17.2362,35.3277,976.2985
3299,0.4219,0.0872,-10.6566,-17.618,33.5156,981.8772
3300,0.4812,0.0596,-10.1257,-16.247,32.3794,976.9919
3301,,0.0598,-10.6805,-15.7016,32.6572,980.4419
3302,0.3729,0.0621,-9.2743,-15.3829,32.522,983.6015
3303,0.4251,0.0614,-10.5122,-16.566,31.0324,986.4421
3304,0.4445,0.0507,-9.9707,-15.5511,32.3329,988.9382
3305,0.4689,0.0346,-11.3998,-17.3892,31.921,991.0673
3306,0.4737,0.0505,-10.6442,-16.7517,30.3057,992.8106
3307,0.4477,0.0601,,-14.9339,31.3188,994.1529
3308,0.4585,0.056,-10.7813,-16.5454,30.7233,995.083
3309,0.4358,,-9.547,-15.4027,30.7658,995.5932
3310,0.4039,0.0756,-12.0403,-18.1097,30.0756,995.6804
3311,0.4175,0.0604,-10.5862,-16.7593,30.9818,995.3452
3312,0.4253,0.0672,-10.2255,-15.7669,31.6571,994.5924
3313,0.4191,0.0594,-8.6307,-14.7989,30.6427,993.4309
3314,0.3405,0.0705,-10.8833,-16.2677,29.0884,991.8734
3315,0.3949,0.0722,-9.3222,-15.8458,30.4735,989.9367
3316,0.4073,0.0616,-8.9128,-14.1959,30.1221,987.6412
3317,0.3876,0.0592,-10.224,-15.988,29.5343,985.0109
3318,0.3822,0.0489,-9.8244,-16.3087,30.3828,982.0732
3319,0.4044,,-9.2825,-15.028,30.6944,978.8584
3320,0.3342,0.0494,-10.444,-16.7692,29.7816,975.3997
3321,0.3042,0.0623,-9.4801,-15.4634,29.2327,971.733
3322,0.3472,0.0478,-7.9482,-14.1915,29.0682,967.896
3323,0.3832,0.0558,-8.4014,-14.4678,,963.9287
3324,0.4115,0.0318,-8.7945,-14.3238,30.3521,959.8722
3325,0.3665,0.0828,-8.4291,-14.1699,30.2485,955.7688
3326,0.2678,0.0617,-7.9081,-14.4707,30.2779,951.6615
3327,0.3085,0.0721,-7.6126,-14.1467,31.1743,947.5935
3328,0.3196,0.0866,-8.5398,-14.4044,31.2716,943.6081
3329,0.3082,0.0752,-6.7392,-12.5676,31.2874,939.7479
3330,0.3149,0.0915,-6.7961,-13.1333,31.8429,936.0544
3331,0.2492,0.0618,-7.2012,-12.4055,31.1546,932.5681
3332,0.2816,0.1081,-8.3243,-13.9176,31.0953,929.3276
3333,0.2896,0.0949,-8.3879,-14.7007,31.6487,926.3694
3334,0.3002,0.0869,-7.7708,-14.1319,31.8219,923.7275
3335,0.2302,0.104,-7.416,-13.5299,31.1629,921.4332
3336,0.2448,0.0753,-8.8529,-15.0188,32.2839,919.5147
3337,0.1475,0.0881,,-12.407,33.4901,917.9967
3338,0.2289,0.111,-6.4137,-11.9214,33.5201,916.9003
3339,0.2319,,-7.0158,-12.9983,33.5616,916.2429
3340,0.2124,0.1042,-8.0721,-13.7331,33.5247,916.0377
3341,0.2612,0.1055,-8.242,-13.8305,34.505,916.2935
3342,0.255,,-7.4627,-13.4335,33.1782,917.0153
3343,0.1707,0.0828,-7.9419,-13.7406,33.401,918.2031
3344,0.2747,0.1222,-7.6015,-13.3044,34.8054,919.853
3345,0.2353,0.0969,-7.6305,-13.3867,,921.9563
3346,0.2994,0.0988,-7.4127,-13.8021,33.9803,924.5001
3347,0.2374,0.0898,-9.3834,-15.7223,34.8127,927.4672
3348,0.2998,0.0915,-8.5077,-14.652,34.2971,930.8361
3349,0.2984,,-9.1973,-15.5506,34.1156,934.5815
3350,0.334,0.0905,-9.2195,-15.9561,34.1353,938.674
3351,0.3401,0.1121,-8.6938,-14.3558,34.8618,943.0809
3352,0.3391,0.0944,-8.8602,-14.687,34.7843,947.7661
3353,0.3029,0.0866,-8.7799,-15.4496,35.5402,952.6904
3354,0.3212,0.0935,-9.8225,-15.9429,34.4027,957.8121
3355,0.3735,0.1024,-10.5172,-16.6093,34.3167,963.0869
3356,0.4138,0.0933,-10.8974,-16.8064,35.2669,968.4687
3357,0.4075,0.0951,-12.3461,-18.887,34.8752,973.91
3358,0.475,0.1011,-10.1445,-16.8215,34.2305,979.3619
3359,0.4573,0.1035,-11.7243,-17.4645,33.0469,984.7748
3360,0.3987,0.0625,-9.5062,-16.2731,32.0572,980.713
3361,0.427,0.0518,-9.4393,-15.5556,31.7093,983.9969
3362,0.4478,0.0634,-11.0423,-17.2053,32.1596,986.9651
3363,0.4521,0.0663,,-16.9007,31.629,989.5911
3364,,0.0413,-8.9068,-14.7805,32.6942,991.8518
3365,0.4122,0.0465,-9.945,-15.1458,30.592,993.7273
3366,0.4353,0.0471,-10.6629,-17.4626,30.6464,995.2017
3367,0.4541,0.0519,-10.3079,-15.8696,31.3059,996.2625
3368,0.4345,0.044,,-16.5893,31.2972,996.9016
3369,0.4132,0.0606,-9.4367,-14.7398,29.2683,997.1146
3370,0.3685,0.032,-11.3253,-18.3467,29.6282,996.9013
3371,0.4067,0.0317,-8.7996,-13.5814,30.3741,996.2655
3372,0.3803,0.0462,-9.2753,-15.4702,31.224,995.2153
3373,0.3497,0.0479,-10.0982,-15.453,31.4378,993.7627
3374,0.3819,0.0325,-10.8449,-16.3028,29.9687,991.9233
3375,0.3662,0.043,-8.9516,-15.1699,30.0458,989.717
3376,0.4252,0.0459,-9.3059,-15.4857,29.5961,987.1669
3377,0.4193,0.0467,-10.7352,-17.1538,30.448,984.2997
3378,0.3519,0.0542,-9.6276,-15.2339,30.9751,981.1451
3379,0.3701,0.0456,-6.8062,-13.018,30.8219,977.7357
3380,,0.0726,-9.1528,-15.5623,30.0815,974.1068
3381,0.3445,0.0623,-9.6136,-15.345,29.6465,970.2958
3382,0.3717,0.0485,-9.6777,-16.1263,30.2251,966.342
3383,0.3801,0.0612,-7.3025,-13.467,31.1385,962.2864
3384,0.3098,0.0637,-7.8915,-13.838,30.1779,958.171
3385,0.3716,0.079,-7.2954,-13.6166,29.4548,954.0386
3386,0.2602,0.0595,-8.0783,-14.3241,30.4704,949.9325
3387,0.2624,0.0784,-7.1348,-12.3673,30.6765,945.8957
3388,0.3324,0.0722,-8.6854,-14.7876,29.9226,941.971
3389,0.3629,0.0921,-7.7548,-13.9346,31.3383,938.2001
3390,0.3083,0.0923,-7.5443,-13.6319,31.6972,934.6237
3391,0.2799,0.0818,-6.5697,-12.3425,32.7129,931.2807
3392,0.1874,0.0788,-7.3366,-13.8536,31.0081,928.208
3393,,0.0906,-8.0238,-13.8102,32.4616,925.4402
3394,0.2699,0.0848,-7.4207,-13.2928,32.8223,923.009
3395,0.2464,0.1096,-8.7798,-15.6741,32.7742,920.9433
3396,0.2134,0.0926,-9.2812,-14.3841,32.0777,919.2684
3397,0.2582,0.089,-6.765,-12.0346,32.2593,918.0064
3398,0.2592,0.0903,-7.756,-14.1563,33.1683,917.1754
3399,0.2925,0.0831,-7.7123,-14.2735,33.3689,916.7893
3400,0.2615,0.106,-6.9065,-12.7925,33.1751,916.8581
3401,0.3077,0.091,-6.5428,-13.2558,34.4711,917.3876
3402,0.2626,0.1152,-7.3428,-12.6607,33.6286,918.379
3403,0.2626,0.0876,-6.3583,-12.5925,32.8916,919.8293
3404,0.316,0.1054,-7.6487,-12.8378,34.0364,921.7309
3405,0.2418,,-7.9779,-14.3901,34.585,924.0721
3406,0.4021,0.0789,-8.2139,-14.27,34.6095,926.8367
3407,0.3145,0.129,-9.6376,-15.004,34.6927,930.0044
3408,0.3257,0.0995,-8.0624,-14.224,35.4559,933.5509
3409,0.3436,0.1058,-11.0147,-16.8787,33.9366,937.4481
3410,0.4109,0.1103,-9.77,-15.2237,34.3752,941.6644
3411,0.3817,0.1113,,-15.8128,35.558,946.1645
3412,0.3009,0.1047,-10.4444,-17.0753,33.4293,950.9106
3413,0.4372,0.1121,-10.4386,-17.168,34.5334,955.8617
3414,0.3841,0.1048,-8.8733,-14.5816,35.2362,960.9748
3415,0.4193,0.118,-9.7296,-15.5352,35.1381,966.2046
3416,0.3817,0.1012,-11.4277,-16.8969,34.6947,971.5043
3417,0.4721,0.1165,-11.5166,-17.6536,34.5776,976.826
3418,,0.1016,-12.4178,-19.1331,33.3889,982.1209
3419,0.4924,0.0668,-11.0783,-18.2547,34.6652,987.3398
3420,0.4279,0.0956,-10.1532,-14.7192,31.5831,984.3461
3421,0.5171,,-11.5934,-17.33,31.414,987.4353
3422,0.52,0.0785,-9.9977,-15.9293,32.1259,990.1851
3423,0.4428,0.0592,-9.7753,-15.636,31.394,992.5716
3424,0.4434,0.0699,-9.3933,-16.109,31.614,994.5742
3425,0.4254,0.0474,-10.2482,-16.6457,31.554,996.1759
3426,0.4836,0.0618,-10.501,-15.6293,32.1751,997.3634
3427,0.4247,0.0501,-8.6142,-14.2851,31.1901,998.1277
3428,0.4189,0.0711,-10.185,-16.5668,30.3911,998.4634
3429,0.4723,0.0565,-9.5881,-16.2015,31.0125,998.3694
3430,0.4085,0.0619,-10.5551,-16.8129,29.9657,997.8488
3431,0.4247,0.0242,-9.5177,-15.6754,30.8858,996.9086
3432,0.3586,0.049,-11.1669,-16.1424,30.2662,995.5599
3433,,0.0549,-10.292,-16.3861,30.3746,993.8177
3434,0.489,0.0529,-10.7966,-17.3913,28.9911,991.7009
3435,0.4341,0.0623,-10.21,-16.2393,28.6533,989.2318
3436,0.4571,0.047,-8.6112,-14.479,29.067,986.4365
3437,0.3577,0.053,-9.9774,-16.6177,30.9995,983.3439
3438,0.3935,0.0677,-8.7806,-14.5796,29.2678,979.9861
3439,0.3383,0.0275,-8.0022,-13.3978,30.4211,976.3977
3440,0.3587,0.0635,-9.0935,-15.0242,29.642,972.6156
3441,,,-8.128,-14.5265,29.9486,968.6788
3442,0.3547,0.0492,,-14.6119,30.1508,964.6279
3443,0.2853,0.0662,-8.5282,-15.3576,31.2678,960.5045
3444,0.2803,0.0791,-7.8714,-13.9383,30.7541,956.3514
3445,0.2689,0.0792,-6.8533,-12.6979,30.7733,952.2115
3446,0.3352,0.0676,-8.6936,-15.142,,948.1279
3447,0.3897,0.0822,-8.8167,-13.8468,30.4859,944.1433
3448,,0.0847,-8.7378,-14.3417,31.6888,940.2998
3449,0.2156,0.0758,-7.0125,-13.9089,31.7819,936.638
3450,0.3412,0.0712,-6.8013,-13.6875,,933.1973
3451,0.3153,0.0745,-8.0449,-14.5369,31.5619,930.0147
3452,0.2103,0.0947,-9.2497,-14.4632,31.6091,927.1254
3453,0.2549,0.0866,-8.0229,-13.5775,31.5703,924.5617
3454,0.3067,0.077,-7.0048,-12.193,31.8304,922.3528
3455,0.2817,0.0716,-7.4753,-13.4702,31.987,920.5251
3456,0.2051,0.104,-7.2761,-13.3808,32.9776,919.1011
3457,0.2808,0.0895,-7.8579,-14.4816,32.8367,918.0996
3458,,0.1018,-6.6676,-12.4928,33.4425,917.5357
3459,0.2486,0.1144,-7.2652,-13.3633,33.6782,917.4202
3460,0.3054,0.0853,-7.1526,-13.2699,32.9414,917.7597
3461,0.2643,0.1017,-7.5976,-12.7885,33.1033,918.5565
3462,0.2484,0.1012,-7.429,-13.4922,33.7863,919.8087
3463,0.31,0.1086,-7.6255,-12.96,33.6095,921.5098
3464,0.3208,0.1195,-8.8979,-15.6919,33.6807,923.649
3465,0.3428,0.089,-8.0383,-12.6942,35.3426,926.2114
3466,0.3352,0.1119,-7.9018,-14.0885,33.5021,929.1777
3467,0.3544,0.1172,-7.8249,-13.4713,35.7126,932.5249
3468,0.3526,0.1022,-8.644,-14.2108,34.7274,936.226
3469,0.3471,0.1021,-9.9892,-16.2378,35.1793,940.2502
3470,0.3542,0.1079,-10.1164,-15.7069,35.1195,944.5638
3471,0.3563,0.1059,-10.074,-15.6385,34.9569,949.1297
3472,0.3332,0.1074,-9.8389,-16.1955,35.549,953.9082
3473,0.3602,0.1056,-10.3567,-16.7073,33.8448,958.857
3474,0.4045,0.0853,-11.4277,-17.405,34.32,963.932
3475,,,-11.7012,-17.759,33.7995,969.0874
3476,0.5096,0.1072,-12.7416,-18.0451,33.1692,974.2759
3477,0.469,0.0932,,-19.4666,33.6448,979.4495
3478,0.5296,0.0707,-11.679,-17.7142,34.9997,984.5599
3479,0.5516,0.0849,-9.9581,-15.655,33.5879,989.5586
3480,0.4324,0.0647,-8.5548,-15.5781,33.245,987.8504
3481,0.4662,0.0468,-10.8364,-17.1441,33.1005,990.7178
3482,0.4332,0.0545,-9.9861,-15.8422,33.4415,993.2243
3483,0.4959,,-11.3194,-16.7617,32.5861,995.3485
3484,0.4681,0.063,-11.2277,-17.1278,32.6611,997.0726
3485,0.3943,0.0563,-11.1542,-16.4251,31.2514,998.3825
3486,0.447,0.0334,-10.3821,-15.9481,31.0119,999.268
3487,0.5046,0.0563,-10.3399,-16.584,30.8806,999.7232
3488,0.429,0.0506,-9.9704,-16.0404,30.5442,999.746
3489,0.4511,0.0568,-9.607,-15.4027,30.4879,999.3384
3490,0.4514,0.0455,-10.3583,-16.5827,30.718,998.5067
3491,0.3838,0.0404,-9.9977,-15.232,29.8718,997.261
3492,0.4409,0.0408,-10.8264,-17.3808,29.2265,995.6156
3493,0.3592,0.0438,-10.9391,-16.781,30.1912,993.5884
3494,0.3839,0.051,-10.9629,-16.5952,29.4962,991.2011
3495,0.4454,0.0532,-9.1336,-15.2903,29.5169,988.4789
3496,0.4096,0.0501,-9.8027,-16.0721,29.7635,985.4501
3497,0.3757,0.0484,,-16.9378,29.6251,982.146
3498,,0.0507,-9.3164,-14.9104,30.5341,978.6008
3499,0.3693,0.0865,-10.1221,-16.372,29.8083,974.8508
3500,0.3636,0.0489,-7.6474,-14.1818,30.6651,970.9345
3501,0.3807,0.0534,-9.2885,-14.7132,30.1727,966.892
3502,0.3164,0.1017,-8.129,-13.9293,30.0955,962.7648
3503,0.3382,0.0695,-7.6524,-13.1485,30.3614,958.5952
3504,0.3153,0.0502,-9.1395,-14.7598,29.6267,954.4261
3505,0.2556,0.0793,-8.171,-13.0811,30.7561,950.3004
3506,0.2737,0.0608,-7.6516,-13.0941,31.2293,946.2609
3507,0.3651,0.0852,-7.8725,-14.2345,31.4943,942.3497
3508,0.31,0.0744,-7.5565,-13.3213,30.2805,938.6075
3509,0.2344,0.0743,-8.801,-15.0797,30.3827,935.0738
3510,0.2191,0.1015,-7.1992,-13.4262,31.1827,931.7863
3511,0.2703,,-7.9511,-14.6574,32.5529,928.7804
3512,0.3321,0.0989,-7.2186,-13.3616,32.0767,926.0887
3513,0.2578,0.0949,-6.7155,-12.443,,923.7413
3514,0.3142,0.0866,-6.8883,-12.9213,31.5223,921.7648
3515,0.2737,0.1015,-7.1357,-13.6853,32.2075,920.1827
3516,0.2771,0.1107,-6.9125,-13.674,32.3873,919.0146
3517,0.2047,0.0997,-6.9077,-11.8518,33.6145,918.2763
3518,0.2966,0.1213,-6.3155,-12.1529,33.868,917.9795
3519,0.2479,0.1114,-7.6139,-14.0259,32.8284,918.1317
3520,0.2993,0.105,-7.5514,-13.3205,34.0969,918.7363
3521,0.2369,0.1065,-7.0538,-11.9592,34.209,919.7923
3522,0.2826,0.106,-8.3291,-14.0188,,921.2943
3523,0.2968,0.0899,-9.162,-16.5555,34.0695,923.2327
3524,0.2851,0.1041,-7.8749,-12.5487,34.4491,925.5936
3525,0.3171,0.1079,-8.6275,-15.5522,34.4483,928.3589
3526,0.3012,0.1001,-9.6382,-15.7413,33.4098,931.5067
3527,0.2979,0.1087,-8.496,-15.0627,34.5795,935.0111
3528,0.4012,0.1043,-7.9886,-14.3586,34.9253,938.8425
3529,0.3931,0.1124,-10.6855,-16.5433,35.5117,942.9683
3530,0.3358,0.11,-8.8211,-15.8566,34.1603,947.3525
3531,0.405,0.1027,-11.9327,-17.9778,34.2088,951.9564
3532,0.3692,0.0827,-10.492,-15.9183,34.3621,956.7389
3533,0.369,0.1189,-8.9704,-15.392,34.5906,961.6568
3534,0.4757,0.0938,-10.9764,-17.6715,34.3799,966.6651
3535,0.3845,0.0924,-10.9102,-16.9798,34.5681,971.7176
3536,0.5085,0.0871,-10.6353,-16.8044,33.3927,976.7671
3537,0.4803,0.083,-12.8748,-19.1724,34.1478,981.766
3538,0.501,0.105,-11.6901,-18.2843,33.2867,986.6664
3539,0.5448,0.1006,-11.9305,-17.6709,33.4501,991.4211
3540,0.4676,0.0658,-8.5372,-14.2395,32.8268,991.1871
3541,0.412,0.0575,-11.0717,-17.6045,30.7577,993.8075
3542,0.4741,0.0646,-10.4343,-16.8979,31.2262,996.0477
3543,0.4498,0.0566,-10.9066,-16.8384,30.4308,997.8891
3544,0.3944,0.052,-11.0145,-17.497,31.0954,999.3168
3545,0.4367,0.0572,-9.2956,-15.2062,31.4486,1000.3197
3546,0.4971,0.0468,-10.1736,-15.4396,30.7472,1000.8909
3547,0.5066,0.0543,-10.6233,-16.6532,30.4125,1001.0275
3548,0.4654,0.0531,-10.5635,-17.1703,31.1297,1000.7307
3549,0.3855,0.0574,-10.5563,-16.3603,30.3954,1000.0058
3550,0.4487,0.0426,-10.4278,-16.5166,30.5691,998.8621
3551,0.4583,0.0585,-10.99,-17.065,30.4035,997.3129
3552,0.448,0.0394,-10.1023,-15.8646,28.1636,995.3754
3553,0.4444,0.0438,-10.0873,-15.7418,29.7772,993.0705
3554,0.421,0.0451,-10.2995,-16.2818,29.1297,990.4225
3555,0.3966,0.0395,,-15.4825,29.2524,987.4592
3556,0.3677,0.0657,,-14.2262,30.6287,984.2111
3557,0.3082,0.0432,-9.7609,-15.1606,29.5336,980.7117
3558,0.3894,0.048,-9.29,-14.8732,30.9291,976.9969
3559,0.3747,0.0732,,-13.2362,29.0046,973.1045
3560,0.3808,0.0533,-7.1829,-13.6858,29.2746,969.0743
3561,0.2961,,-9.5714,-15.0077,30.4773,964.9474
3562,0.3664,0.0523,,-15.2363,29.929,960.7658
3563,0.4138,0.0768,-9.2751,-15.5637,30.4498,956.5722
3564,0.3259,0.0794,-7.4363,-13.5579,30.3464,952.4093
3565,0.3117,0.0806,-8.4607,-14.9438,30.4921,948.3199
3566,0.3183,0.0808,,-13.2887,30.5731,944.346
3567,0.3793,0.0779,-6.288,-11.9465,31.0538,940.5286
3568,0.2497,0.0733,-7.7813,-13.6905,31.5324,936.9073
3569,0.2919,0.0724,-7.1079,-13.1293,32.3266,933.52
3570,0.2457,0.1003,-7.1708,-13.5111,31.4542,930.4024
3571,0.2505,0.0965,-7.9875,-15.0525,31.5626,927.5877
3572,0.2659,0.0814,-6.6164,-13.3229,31.7117,925.1065
3573,0.3182,0.0926,-8.1085,-14.4798,33.1348,922.986
3574,0.3338,0.0907,-6.341,-12.7875,32.8942,921.2502
3575,0.2782,0.0828,-7.8871,-13.7424,31.5648,919.9195
3576,0.2449,0.1003,-7.8243,-13.4186,31.7577,919.0106
3577,0.3605,0.0949,-8.3587,-14.423,32.6381,918.5359
3578,0.2457,0.09,-8.2947,-13.5902,33.478,918.504
3579,0.2433,0.0849,-7.9853,-14.3768,33.5128,918.9191
3580,0.1997,0.085,-9.6988,-15.7666,34.0223,919.7812
3581,0.3323,0.1001,-8.0709,-14.0964,33.7744,921.0862
3582,0.3223,0.1041,-8.4412,-13.8951,34.8685,922.8253
3583,0.3887,0.095,-7.5726,-13.5197,34.6264,924.9858
3584,0.246,0.1134,-8.0541,-13.9873,34.3241,927.5508
3585,0.3707,0.1046,-9.1633,-15.9907,35.0594,930.4995
3586,0.3271,0.1119,-9.1841,-15.634,33.4566,933.8071
3587,0.3697,0.1021,-9.2386,-14.6906,34.447,937.4453
3588,0.2856,0.094,-8.1077,-15.1454,34.6103,941.3824
3589,0.4253,0.1037,-10.2097,-15.5382,34.8959,945.5837
3590,0.414,0.0858,-10.3908,-16.141,33.4893,950.0115
3591,0.3977,0.1059,-10.9865,-17.3603,34.3226,954.6259
3592,0.4425,0.0864,-11.5411,-17.9572,34.6565,959.3845
3593,0.4041,0.1068,,-15.4346,34.6169,964.2434
3594,0.43,,-10.7368,-16.0311,34.9343,969.1574
3595,0.4535,0.1042,-10.1398,-16.1996,34.5497,974.0801
3596,0.417,0.0757,-10.5933,-16.526,33.9054,978.9646
3597,0.5447,0.0786,-9.7601,-16.0832,34.1761,983.7639
3598,0.577,0.0888,-11.9769,-17.9095,33.4605,988.4312
3599,0.5203,0.0957,-12.3527,-18.6896,33.4619,992.9206
