zone_id,lat,lon,n_mineralized_obs,n_barren_obs,label_class,conflict,label,label_source,ndvi_mean,ndvi_std,sar_vv_mean,sar_vh_mean,lst_mean,rain_mean,elevation_m,slope_deg
r00_c00,21.655,80.055,0,1,barren,False,0.0,REAL_GEOLOGICAL,0.3898,0.1262,-9.9344,-16.9606,30.7716,1472.758,286.3795,1.0372
r00_c01,21.655,80.065,0,1,barren,False,0.0,REAL_GEOLOGICAL,0.3945,0.1255,-9.7476,-16.9689,30.7686,1472.758,286.2716,1.0891
r00_c02,21.655,80.075,0,1,barren,False,0.0,REAL_GEOLOGICAL,0.3895,0.1266,-9.8331,-16.8475,30.7709,1472.7582,286.5996,1.1353
r00_c03,21.655,80.085,0,1,barren,False,0.0,REAL_GEOLOGICAL,0.3977,0.134,-9.7827,-16.916,30.7273,1472.7583,292.5243,1.1873
r00_c04,21.655,80.095,0,1,barren,False,0.0,REAL_GEOLOGICAL,0.3704,0.1288,-9.5769,-16.9771,30.7123,1472.758,299.1515,1.1511
r00_c05,21.655,80.105,0,1,barren,False,0.0,REAL_GEOLOGICAL,0.3735,0.1226,-10.0665,-17.1813,30.7798,1495.8411,294.4189,1.3887
r00_c06,21.655,80.115,0,1,barren,False,0.0,REAL_GEOLOGICAL,0.3712,0.1167,-10.0238,-17.1329,30.8766,1496.0214,291.2191,1.4071
r00_c07,21.655,80.125,0,1,barren,False,0.0,REAL_GEOLOGICAL,0.3889,0.1232,-9.8146,-16.8563,30.8583,1496.0215,296.5204,1.3137
r00_c08,21.655,80.135,0,1,barren,False,0.0,REAL_GEOLOGICAL,0.3888,0.1213,-9.8136,-16.9865,30.901,1496.0215,295.4282,1.517
r00_c09,21.655,80.145,0,1,barren,False,0.0,REAL_GEOLOGICAL,0.3696,0.1172,-9.812,-16.9908,31.0106,1496.0215,297.561,1.3707
r00_c10,21.655,80.155,0,1,barren,False,0.0,REAL_GEOLOGICAL,0.3423,0.0859,-10.6839,-18.0192,31.18,1509.9979,291.0735,1.7551
r00_c11,21.655,80.165,0,1,barren,False,0.0,REAL_GEOLOGICAL,0.3453,0.1205,-10.2557,-17.7079,31.1725,1510.5558,290.9569,1.7077
r00_c12,21.655,80.175,0,1,barren,False,0.0,REAL_GEOLOGICAL,0.3804,0.1294,-9.6256,-17.0779,30.9714,1510.5555,291.9433,1.2448
r00_c13,21.655,80.185,0,1,barren,False,0.0,REAL_GEOLOGICAL,0.3386,0.1051,-10.815,-18.6401,30.9597,1510.5555,285.129,1.7845
r00_c14,21.655,80.195,0,1,barren,False,0.0,REAL_GEOLOGICAL,0.349,0.1267,-10.689,-18.4745,30.9499,1510.9869,283.8799,2.0896
r00_c15,21.655,80.205,0,1,barren,False,0.0,REAL_GEOLOGICAL,0.4015,0.1374,-9.6566,-16.9374,30.7354,1531.3432,290.8114,1.2122
r00_c16,21.655,80.215,0,1,barren,False,0.0,REAL_GEOLOGICAL,0.4317,0.1258,-9.5006,-16.5297,30.6039,1531.3435,289.4922,1.3405
r00_c17,21.655,80.225,0,1,barren,False,0.0,REAL_GEOLOGICAL,0.4131,0.1218,-9.3613,-16.2987,30.5783,1531.3442,287.9148,1.525
r00_c18,21.655,80.235,0,1,barren,False,0.0,REAL_GEOLOGICAL,0.3664,0.1161,-10.1051,-17.1163,30.578,1531.3442,286.6756,2.0881
r00_c19,21.655,80.245,0,1,barren,False,0.0,REAL_GEOLOGICAL,0.3965,0.1414,-9.7463,-16.9595,30.4966,1531.3442,290.8696,1.5096
r00_c20,21.655,80.255,0,1,barren,False,0.0,REAL_GEOLOGICAL,0.3905,0.1508,-10.0297,-17.5287,30.4698,1508.4375,292.4993,1.077
r00_c21,21.655,80.265,0,1,barren,False,0.0,REAL_GEOLOGICAL,0.3629,0.1381,-9.7569,-17.3238,30.591,1508.2172,291.4903,1.2223
r00_c22,21.655,80.275,0,1,barren,False,0.0,REAL_GEOLOGICAL,0.4151,0.1293,-9.378,-16.4048,30.4133,1508.2172,288.4519,1.4026
r00_c23,21.655,80.285,0,1,barren,False,0.0,REAL_GEOLOGICAL,0.3927,0.12,-9.8582,-17.0469,30.1399,1508.2172,286.7752,1.8598
r00_c24,21.655,80.295,0,1,barren,False,0.0,REAL_GEOLOGICAL,0.3805,0.145,-9.6735,-16.7397,29.9799,1508.2172,292.4389,1.1594
r00_c25,21.655,80.305,0,1,barren,False,0.0,REAL_GEOLOGICAL,0.3319,0.1367,-9.9604,-17.1792,30.12,1528.0714,294.0455,1.4706
r00_c26,21.655,80.315,0,1,barren,False,0.0,REAL_GEOLOGICAL,0.3175,0.1229,-10.2644,-17.7083,30.4504,1528.9019,297.0541,1.6609
r00_c27,21.655,80.325,0,1,barren,False,0.0,REAL_GEOLOGICAL,0.3149,0.1248,-10.6093,-18.0512,30.6485,1528.9026,299.0819,1.7137
r00_c28,21.655,80.335,0,1,barren,False,0.0,REAL_GEOLOGICAL,0.3205,0.1289,-10.1331,-17.6446,30.7162,1528.9021,300.0869,1.6295
r00_c29,21.655,80.345,0,1,barren,False,0.0,REAL_GEOLOGICAL,0.314,0.1274,-10.7513,-18.3762,30.8061,1529.5912,301.2,1.651
r01_c00,21.665,80.055,0,1,barren,False,0.0,REAL_GEOLOGICAL,0.4055,0.1245,-9.7561,-17.0046,30.7664,1473.0376,289.6858,1.0376
r01_c01,21.665,80.065,0,1,barren,False,0.0,REAL_GEOLOGICAL,0.3652,0.1183,-9.9675,-17.1507,30.8388,1473.0376,287.9493,1.3024
r01_c02,21.665,80.075,0,1,barren,False,0.0,REAL_GEOLOGICAL,0.3732,0.1281,-9.8689,-17.0679,30.8662,1473.0376,291.1602,1.1008
r01_c03,21.665,80.085,0,1,barren,False,0.0,REAL_GEOLOGICAL,0.388,0.1376,-9.8436,-16.9137,30.7426,1473.0376,292.5263,1.1745
r01_c04,21.665,80.095,0,1,barren,False,0.0,REAL_GEOLOGICAL,0.4214,0.1485,-9.9482,-17.0388,30.5629,1473.0376,294.691,1.1987
r01_c05,21.665,80.105,0,1,barren,False,0.0,REAL_GEOLOGICAL,0.4053,0.1318,-9.931,-16.9452,30.5508,1495.8044,299.9527,1.4896
r01_c06,21.665,80.115,0,1,barren,False,0.0,REAL_GEOLOGICAL,0.4003,0.128,-9.8005,-16.7049,30.6512,1495.9823,299.1862,1.6099
r01_c07,21.665,80.125,0,1,barren,False,0.0,REAL_GEOLOGICAL,0.4111,0.1314,-9.7099,-16.6674,30.6201,1495.9823,299.7927,1.3332
r01_c08,21.665,80.135,0,1,barren,False,0.0,REAL_GEOLOGICAL,0.3703,0.1181,-10.0243,-17.13,30.7564,1495.9823,301.5471,1.4705
r01_c09,21.665,80.145,0,1,barren,False,0.0,REAL_GEOLOGICAL,0.3954,0.1065,-10.0895,-17.1121,30.9774,1495.9823,295.0227,1.5932
r01_c10,21.665,80.155,0,1,barren,False,0.0,REAL_GEOLOGICAL,0.3842,0.1168,-9.9349,-17.0741,31.1525,1509.7419,289.7512,1.3876
r01_c11,21.665,80.165,0,1,barren,False,0.0,REAL_GEOLOGICAL,0.4091,0.1282,-9.3488,-16.5647,31.0315,1510.2911,292.5033,1.3729
r01_c12,21.665,80.175,0,1,barren,False,0.0,REAL_GEOLOGICAL,0.4325,0.1117,-9.4158,-16.4797,30.8343,1510.2911,289.1739,1.3732
r01_c13,21.665,80.185,0,1,barren,False,0.0,REAL_GEOLOGICAL,0.3523,0.1152,-11.4315,-18.7332,30.7281,1510.2911,283.3496,1.8734
r01_c14,21.665,80.195,0,1,barren,False,0.0,REAL_GEOLOGICAL,0.4282,0.1423,-9.7253,-16.8939,30.7951,1510.7073,283.0968,1.0206
r01_c15,21.665,80.205,0,1,barren,False,0.0,REAL_GEOLOGICAL,0.3392,0.1217,-10.1182,-17.6069,30.9087,1530.3452,291.3631,1.4136
r01_c16,21.665,80.215,0,1,barren,False,0.0,REAL_GEOLOGICAL,0.414,0.1388,-9.5941,-16.7471,30.7988,1530.3452,291.1367,1.1013
r01_c17,21.665,80.225,0,1,barren,False,0.0,REAL_GEOLOGICAL,0.4241,0.1247,-9.4114,-16.4333,30.5086,1530.3452,291.282,1.3048
r01_c18,21.665,80.235,0,1,barren,False,0.0,REAL_GEOLOGICAL,0.3898,0.1227,-9.5723,-16.774,30.3791,1530.3452,290.7389,1.4819
r01_c19,21.665,80.245,0,1,barren,False,0.0,REAL_GEOLOGICAL,0.3733,0.1082,-9.8823,-17.1746,30.4987,1530.3452,286.7393,1.9892
r01_c20,21.665,80.255,0,1,barren,False,0.0,REAL_GEOLOGICAL,0.3773,0.1116,-9.2393,-16.7613,30.6505,1507.9202,290.5115,1.6428
r01_c21,21.665,80.265,0,1,barren,False,0.0,REAL_GEOLOGICAL,0.3609,0.1354,-9.7827,-17.4196,30.7665,1507.7052,292.7045,1.3146
r01_c22,21.665,80.275,0,1,barren,False,0.0,REAL_GEOLOGICAL,0.3838,0.1277,-9.5821,-16.6898,30.5769,1507.7052,290.0059,1.3687
r01_c23,21.665,80.285,0,1,barren,False,0.0,REAL_GEOLOGICAL,0.3538,0.119,-9.5464,-17.1949,30.3227,1507.7052,288.46,1.6852
r01_c24,21.665,80.295,0,1,barren,False,0.0,REAL_GEOLOGICAL,0.382,0.1163,-9.3753,-16.5929,30.3548,1507.7052,290.1136,1.5519
r01_c25,21.665,80.305,0,1,barren,False,0.0,REAL_GEOLOGICAL,0.3451,0.1255,-9.7744,-16.8455,30.4262,1527.3668,293.9546,1.413
r01_c26,21.665,80.315,0,1,barren,False,0.0,REAL_GEOLOGICAL,0.3393,0.1499,-9.8471,-17.0746,30.3969,1528.1895,296.371,1.1359
r01_c27,21.665,80.325,0,1,barren,False,0.0,REAL_GEOLOGICAL,0.3407,0.1366,-9.7318,-17.0888,30.3796,1528.1895,296.9919,1.2816
r01_c28,21.665,80.335,0,1,barren,False,0.0,REAL_GEOLOGICAL,0.3008,0.1147,-10.2962,-17.8946,30.652,1528.1895,298.6083,1.6428
r01_c29,21.665,80.345,0,1,barren,False,0.0,REAL_GEOLOGICAL,0.3307,0.1229,-10.701,-18.2378,30.947,1528.8982,300.9095,1.7038
r02_c00,21.675,80.055,0,1,barren,False,0.0,REAL_GEOLOGICAL,0.3857,0.128,-9.6791,-16.7504,30.873,1473.0376,292.8875,0.9983
r02_c01,21.675,80.065,0,1,barren,False,0.0,REAL_GEOLOGICAL,0.3908,0.1204,-9.5672,-16.6309,30.8127,1473.0376,295.4934,1.409
r02_c02,21.675,80.075,0,1,barren,False,0.0,REAL_GEOLOGICAL,0.3902,0.129,-9.668,-16.7434,30.7503,1473.0376,292.273,1.1759
r02_c03,21.675,80.085,0,1,barren,False,0.0,REAL_GEOLOGICAL,0.3996,0.1351,-10.0366,-17.154,30.6573,1473.0376,293.2322,1.0911
r02_c04,21.675,80.095,0,1,barren,False,0.0,REAL_GEOLOGICAL,0.3885,0.1292,-9.7056,-16.9757,30.5627,1473.0376,297.2508,1.195
r02_c05,21.675,80.105,0,1,barren,False,0.0,REAL_GEOLOGICAL,0.4066,0.1235,-10.5102,-17.4359,30.6515,1495.805,310.4042,3.6825
r02_c06,21.675,80.115,0,1,barren,False,0.0,REAL_GEOLOGICAL,0.3637,0.1182,-10.081,-17.4213,30.7937,1495.9823,313.3367,3.8491
r02_c07,21.675,80.125,0,1,barren,False,0.0,REAL_GEOLOGICAL,0.3856,0.1369,-9.7287,-16.8662,30.7798,1495.9823,301.209,1.1113
r02_c08,21.675,80.135,0,1,barren,False,0.0,REAL_GEOLOGICAL,0.401,0.1451,-9.9605,-16.9393,30.8081,1495.9823,295.7578,1.3173
r02_c09,21.675,80.145,0,1,barren,False,0.0,REAL_GEOLOGICAL,0.3999,0.1332,-9.8782,-17.0141,30.9552,1495.9823,291.0985,1.2145
r02_c10,21.675,80.155,0,1,barren,False,0.0,REAL_GEOLOGICAL,0.4107,0.1408,-9.7081,-16.887,31.132,1509.7415,292.2308,1.1481
r02_c11,21.675,80.165,0,1,barren,False,0.0,REAL_GEOLOGICAL,0.3915,0.1415,-9.4798,-16.9121,31.2111,1510.2911,295.8021,1.0408
r02_c12,21.675,80.175,0,1,barren,False,0.0,REAL_GEOLOGICAL,0.4185,0.1195,-9.5215,-16.5519,31.2084,1510.2911,288.3783,1.4729
r02_c13,21.675,80.185,0,1,barren,False,0.0,REAL_GEOLOGICAL,0.3535,0.1095,-11.422,-18.9848,31.1141,1510.2911,283.7291,2.0722
r02_c14,21.675,80.195,0,1,barren,False,0.0,REAL_GEOLOGICAL,0.4247,0.126,-9.694,-16.7345,30.9845,1510.7069,286.3791,1.3502
r02_c15,21.675,80.205,0,1,barren,False,0.0,REAL_GEOLOGICAL,0.3978,0.1356,-9.1869,-16.7021,31.0121,1530.3452,292.6018,1.2846
r02_c16,21.675,80.215,0,1,barren,False,0.0,REAL_GEOLOGICAL,0.3954,0.1373,-9.6068,-17.0651,30.8782,1530.3452,293.4643,1.1405
r02_c17,21.675,80.225,0,1,barren,False,0.0,REAL_GEOLOGICAL,0.4185,0.132,-9.8154,-16.8601,30.5139,1530.3452,293.0997,1.1043
r02_c18,21.675,80.235,0,1,barren,False,0.0,REAL_GEOLOGICAL,0.3861,0.1408,-9.9804,-17.2995,30.1173,1530.3452,292.6421,1.0806
r02_c19,21.675,80.245,0,1,barren,False,0.0,REAL_GEOLOGICAL,0.4331,0.1247,-9.2478,-16.314,30.0407,1530.3452,290.1275,1.5858
r02_c20,21.675,80.255,0,1,barren,False,0.0,REAL_GEOLOGICAL,0.3891,0.1131,-10.0627,-17.2651,30.2794,1507.9197,288.4212,2.0093
r02_c21,21.675,80.265,0,1,barren,False,0.0,REAL_GEOLOGICAL,0.3672,0.1405,-9.7777,-17.1552,30.5344,1507.7052,293.0839,1.3931
r02_c22,21.675,80.275,0,1,barren,False,0.0,REAL_GEOLOGICAL,0.3631,0.1434,-9.8475,-16.9905,30.4791,1507.7052,292.0035,1.4784
r02_c23,21.675,80.285,0,1,barren,False,0.0,REAL_GEOLOGICAL,0.3771,0.1324,-9.9722,-17.0947,30.3693,1507.7052,289.7196,1.719
r02_c24,21.675,80.295,0,1,barren,False,0.0,REAL_GEOLOGICAL,0.3331,0.1167,-10.6625,-17.7234,30.4907,1507.7052,288.0937,1.8765
r02_c25,21.675,80.305,0,1,barren,False,0.0,REAL_GEOLOGICAL,0.355,0.1107,-9.8608,-16.9986,30.589,1527.3669,290.7692,1.5376
r02_c26,21.675,80.315,0,1,barren,False,0.0,REAL_GEOLOGICAL,0.3359,0.1173,-9.4692,-16.8949,30.4849,1528.1895,294.1618,1.5446
r02_c27,21.675,80.325,0,1,barren,False,0.0,REAL_GEOLOGICAL,0.367,0.1036,-9.8429,-16.8809,30.4821,1528.1895,291.5733,1.402
r02_c28,21.675,80.335,0,1,barren,False,0.0,REAL_GEOLOGICAL,0.3598,0.1206,-9.793,-16.9114,30.5449,1528.1895,296.6731,1.3324
r02_c29,21.675,80.345,0,1,barren,False,0.0,REAL_GEOLOGICAL,0.3512,0.1291,-9.6864,-16.7958,30.529,1528.8975,298.415,1.4173
r03_c00,21.685,80.055,0,1,barren,False,0.0,REAL_GEOLOGICAL,0.3839,0.1332,-9.7646,-16.9524,30.7262,1473.0376,297.4891,1.3156
r03_c01,21.685,80.065,0,1,barren,False,0.0,REAL_GEOLOGICAL,0.3864,0.1334,-9.8924,-16.8566,30.7102,1473.0376,297.0906,1.0942
r03_c02,21.685,80.075,0,1,barren,False,0.0,REAL_GEOLOGICAL,0.3666,0.1276,-10.1849,-17.2343,30.7199,1473.0376,298.025,1.3771
r03_c03,21.685,80.085,0,1,barren,False,0.0,REAL_GEOLOGICAL,0.3756,0.1361,-9.8428,-16.9876,30.7235,1473.0376,295.0502,1.0577
r03_c04,21.685,80.095,0,1,barren,False,0.0,REAL_GEOLOGICAL,0.3771,0.1284,-10.1807,-17.1467,30.6897,1473.0376,299.6955,1.6608
r03_c05,21.685,80.105,0,1,barren,False,0.0,REAL_GEOLOGICAL,0.3747,0.1164,-10.0252,-17.136,30.7471,1495.8044,305.6712,1.3988
r03_c06,21.685,80.115,0,1,barren,False,0.0,REAL_GEOLOGICAL,0.3806,0.1369,-9.9771,-17.0822,30.8235,1495.9823,302.475,1.2317
r03_c07,21.685,80.125,0,1,barren,False,0.0,REAL_GEOLOGICAL,0.401,0.1427,-9.8218,-17.0148,30.8653,1495.9823,298.0792,1.0128
r03_c08,21.685,80.135,0,1,barren,False,0.0,REAL_GEOLOGICAL,0.414,0.1523,-9.9887,-16.9679,30.901,1495.9823,294.8577,1.1199
r03_c09,21.685,80.145,0,1,barren,False,0.0,REAL_GEOLOGICAL,0.369,0.1374,-10.2449,-17.4219,31.0553,1495.9823,293.1549,1.2327
r03_c10,21.685,80.155,0,1,barren,False,0.0,REAL_GEOLOGICAL,0.3865,0.1547,-9.9338,-17.242,31.2399,1509.7419,296.454,1.0652
r03_c11,21.685,80.165,0,1,barren,False,0.0,REAL_GEOLOGICAL,0.3682,0.1552,-9.7975,-17.217,31.444,1510.2911,297.2497,0.9802
r03_c12,21.685,80.175,0,1,barren,False,0.0,REAL_GEOLOGICAL,0.3819,0.1312,-9.4775,-16.8641,31.6516,1510.2911,290.7035,1.474
r03_c13,21.685,80.185,0,1,barren,False,0.0,REAL_GEOLOGICAL,0.2922,0.1086,-11.9851,-19.5101,31.5554,1510.2911,283.6761,2.1815
r03_c14,21.685,80.195,0,1,barren,False,0.0,REAL_GEOLOGICAL,0.4052,0.1222,-9.6452,-16.6235,31.1958,1510.7073,291.5662,1.2947
r03_c15,21.685,80.205,0,1,barren,False,0.0,REAL_GEOLOGICAL,0.3853,0.1349,-9.5199,-17.0968,31.041,1530.3452,294.7151,1.0415
r03_c16,21.685,80.215,0,1,barren,False,0.0,REAL_GEOLOGICAL,0.3855,0.1549,-9.8422,-17.4583,30.9262,1530.3452,294.9637,0.9665
r03_c17,21.685,80.225,0,1,barren,False,0.0,REAL_GEOLOGICAL,0.3797,0.1419,-9.8217,-17.2699,30.688,1530.3452,294.6579,1.0661
r03_c18,21.685,80.235,0,1,barren,False,0.0,REAL_GEOLOGICAL,0.3773,0.1644,-10.4398,-17.6338,30.1372,1530.3452,293.285,0.9651
r03_c19,21.685,80.245,0,1,barren,False,0.0,REAL_GEOLOGICAL,0.4237,0.1243,-9.2564,-16.3004,29.8743,1530.3452,291.2766,1.4128
r03_c20,21.685,80.255,0,1,barren,False,0.0,REAL_GEOLOGICAL,0.4183,0.1317,-9.5623,-16.7,30.022,1507.9202,289.9991,1.6635
r03_c21,21.685,80.265,0,1,barren,False,0.0,REAL_GEOLOGICAL,0.3832,0.1373,-9.8814,-17.0636,30.2213,1507.7052,292.8671,1.2907
r03_c22,21.685,80.275,0,1,barren,False,0.0,REAL_GEOLOGICAL,0.339,0.1349,-9.793,-17.2646,30.3537,1507.7052,293.9565,1.6464
r03_c23,21.685,80.285,0,1,barren,False,0.0,REAL_GEOLOGICAL,0.3569,0.1381,-9.9041,-17.2588,30.4172,1507.7052,293.5917,1.2974
r03_c24,21.685,80.295,0,1,barren,False,0.0,REAL_GEOLOGICAL,0.3677,0.1205,-9.3569,-16.5608,30.4799,1507.7052,291.5111,1.6203
r03_c25,21.685,80.305,0,1,barren,False,0.0,REAL_GEOLOGICAL,0.3736,0.1136,-10.111,-17.2445,30.5122,1527.3668,288.2881,1.5592
r03_c26,21.685,80.315,0,1,barren,False,0.0,REAL_GEOLOGICAL,0.3613,0.1127,-10.0913,-17.237,30.5567,1528.1895,289.3782,1.7131
r03_c27,21.685,80.325,0,1,barren,False,0.0,REAL_GEOLOGICAL,0.3539,0.1177,-10.1565,-17.4528,30.6013,1528.1895,290.0308,1.6917
r03_c28,21.685,80.335,0,1,barren,False,0.0,REAL_GEOLOGICAL,0.3626,0.1269,-9.846,-17.0925,30.5342,1528.1895,293.1008,1.6193
r03_c29,21.685,80.345,0,1,barren,False,0.0,REAL_GEOLOGICAL,0.3401,0.1307,-9.6127,-16.8795,30.3667,1528.8982,300.4494,1.2832
r04_c00,21.695,80.055,0,1,barren,False,0.0,REAL_GEOLOGICAL,0.4047,0.1299,-9.9459,-16.9795,30.5338,1473.0125,300.0911,1.3174
r04_c01,21.695,80.065,0,1,barren,False,0.0,REAL_GEOLOGICAL,0.3849,0.1344,-9.8315,-16.9053,30.5009,1473.0126,301.8639,1.1751
r04_c02,21.695,80.075,0,1,barren,False,0.0,REAL_GEOLOGICAL,0.3635,0.1311,-10.4492,-17.372,30.6515,1473.0126,301.5421,1.2124
r04_c03,21.695,80.085,0,1,barren,False,0.0,REAL_GEOLOGICAL,0.3552,0.1374,-10.643,-17.8283,30.7713,1473.0126,296.979,1.1575
r04_c04,21.695,80.095,0,1,barren,False,0.0,REAL_GEOLOGICAL,0.3621,0.1358,-10.2587,-17.4839,30.8646,1473.0126,301.1597,1.4945
r04_c05,21.695,80.105,0,1,barren,False,0.0,REAL_GEOLOGICAL,0.3627,0.1319,-9.6539,-16.9668,30.9514,1496.575,305.7071,1.1837
r04_c06,21.695,80.115,0,1,barren,False,0.0,REAL_GEOLOGICAL,0.3835,0.1492,-10.1739,-17.1934,30.9473,1496.7587,299.8163,1.0514
r04_c07,21.695,80.125,0,1,barren,False,0.0,REAL_GEOLOGICAL,0.3924,0.1435,-9.7754,-16.8687,30.8554,1496.7589,298.3418,1.0537
r04_c08,21.695,80.135,0,1,barren,False,0.0,REAL_GEOLOGICAL,0.3833,0.1383,-9.7227,-16.9339,30.9551,1496.7595,298.1887,1.3095
r04_c09,21.695,80.145,0,1,barren,False,0.0,REAL_GEOLOGICAL,0.3759,0.1383,-9.6442,-16.8676,31.0899,1496.7595,298.8823,1.0239
r04_c10,21.695,80.155,0,1,barren,False,0.0,REAL_GEOLOGICAL,0.3648,0.1512,-10.0428,-17.239,31.1738,1510.0536,299.8166,0.9466
r04_c11,21.695,80.165,0,1,barren,False,0.0,REAL_GEOLOGICAL,0.3621,0.1562,-9.9113,-17.3243,31.413,1510.5839,296.3991,0.898
r04_c12,21.695,80.175,0,1,barren,False,0.0,REAL_GEOLOGICAL,0.3639,0.1291,-9.8757,-17.3218,31.6953,1510.5838,292.4476,1.5131
r04_c13,21.695,80.185,0,1,barren,False,0.0,REAL_GEOLOGICAL,0.3438,0.1031,-12.077,-19.2049,31.4421,1510.5839,284.1111,2.3656
r04_c14,21.695,80.195,0,1,barren,False,0.0,REAL_GEOLOGICAL,0.356,0.1126,-10.6361,-17.9901,31.1233,1510.9989,289.4458,1.6403
r04_c15,21.695,80.205,0,1,barren,False,0.0,REAL_GEOLOGICAL,0.3891,0.1411,-9.5302,-16.9962,30.8833,1530.5799,295.4737,1.0484
r04_c16,21.695,80.215,0,1,barren,False,0.0,REAL_GEOLOGICAL,0.4099,0.159,-10.0133,-17.4874,30.5926,1530.5799,295.7792,0.853
r04_c17,21.695,80.225,0,1,barren,False,0.0,REAL_GEOLOGICAL,0.392,0.1469,-9.9926,-17.37,30.2435,1530.5799,294.9322,1.0775
r04_c18,21.695,80.235,0,1,barren,False,0.0,REAL_GEOLOGICAL,0.3849,0.1646,-10.4522,-17.9452,29.7968,1530.5801,293.7084,0.8833
r04_c19,21.695,80.245,0,1,barren,False,0.0,REAL_GEOLOGICAL,0.3987,0.1292,-9.7701,-17.1442,29.7801,1530.5801,291.4651,1.6958
r04_c20,21.695,80.255,0,1,barren,False,0.0,REAL_GEOLOGICAL,0.4184,0.1267,-9.8221,-16.8357,30.1335,1507.8411,289.6486,1.738
r04_c21,21.695,80.265,0,1,barren,False,0.0,REAL_GEOLOGICAL,0.3761,0.1407,-9.9224,-17.0477,30.3108,1507.6223,294.3636,1.4826
r04_c22,21.695,80.275,0,1,barren,False,0.0,REAL_GEOLOGICAL,0.4318,0.145,-10.4065,-17.7919,30.3224,1507.6223,293.8367,1.4144
r04_c23,21.695,80.285,0,1,barren,False,0.0,REAL_GEOLOGICAL,0.3262,0.1303,-10.2443,-17.8581,30.4629,1507.6223,297.4341,2.3024
r04_c24,21.695,80.295,0,1,barren,False,0.0,REAL_GEOLOGICAL,0.3414,0.1263,-10.1092,-17.3516,30.5911,1507.6224,294.3186,2.2751
r04_c25,21.695,80.305,0,1,barren,False,0.0,REAL_GEOLOGICAL,0.3838,0.1173,-9.4983,-16.6632,30.5245,1527.4413,293.1533,1.5565
r04_c26,21.695,80.315,0,1,barren,False,0.0,REAL_GEOLOGICAL,0.4089,0.1115,-9.4636,-16.4727,30.536,1528.2705,292.2006,1.9325
r04_c27,21.695,80.325,0,1,barren,False,0.0,REAL_GEOLOGICAL,0.367,0.1206,-9.4434,-16.5954,30.5452,1528.2705,295.8719,1.5363
r04_c28,21.695,80.335,0,1,barren,False,0.0,REAL_GEOLOGICAL,0.3176,0.1083,-10.4579,-18.0224,30.6343,1528.2705,292.1534,1.6558
r04_c29,21.695,80.345,0,1,barren,False,0.0,REAL_GEOLOGICAL,0.3691,0.1268,-10.4243,-17.4871,30.5802,1528.9769,292.8475,1.5937
r05_c00,21.705,80.055,0,1,barren,False,0.0,REAL_GEOLOGICAL,0.3823,0.1342,-9.6072,-16.7536,30.4661,1472.1915,301.5485,1.0513
r05_c01,21.705,80.065,0,1,barren,False,0.0,REAL_GEOLOGICAL,0.3814,0.122,-9.8257,-16.8512,30.3305,1472.1915,303.7385,1.2115
r05_c02,21.705,80.075,0,1,barren,False,0.0,REAL_GEOLOGICAL,0.4518,0.1169,-9.5261,-16.3564,30.3933,1472.1915,306.8268,1.2276
r05_c03,21.705,80.085,0,1,barren,False,0.0,REAL_GEOLOGICAL,0.4588,0.1282,-9.4028,-16.1303,30.4067,1472.1915,312.554,3.4771
r05_c04,21.705,80.095,0,1,barren,False,0.0,REAL_GEOLOGICAL,0.3486,0.1239,-10.7305,-17.5887,30.6855,1472.1915,304.4526,1.6935
r05_c05,21.705,80.105,0,1,barren,False,0.0,REAL_GEOLOGICAL,0.3543,0.1433,-10.2678,-17.4792,30.9279,1521.8665,305.4818,1.0989
r05_c06,21.705,80.115,0,1,barren,False,0.0,REAL_GEOLOGICAL,0.366,0.1431,-9.9344,-17.1524,30.9635,1522.2547,305.3189,1.0626
r05_c07,21.705,80.125,0,1,barren,False,0.0,REAL_GEOLOGICAL,0.3825,0.1356,-9.7078,-16.8786,30.9676,1522.2547,304.7544,1.1736
r05_c08,21.705,80.135,0,1,barren,False,0.0,REAL_GEOLOGICAL,0.3678,0.141,-9.7318,-17.0526,31.0968,1522.2547,302.02,1.1605
r05_c09,21.705,80.145,0,1,barren,False,0.0,REAL_GEOLOGICAL,0.3666,0.1362,-9.7752,-17.0328,31.1127,1522.2547,303.9803,1.1692
r05_c10,21.705,80.155,0,1,barren,False,0.0,REAL_GEOLOGICAL,0.3723,0.1302,-9.2824,-16.6488,31.0801,1520.2769,299.2261,1.2099
r05_c11,21.705,80.165,0,1,barren,False,0.0,REAL_GEOLOGICAL,0.3578,0.122,-9.526,-16.9678,31.1429,1520.1979,294.2723,1.3633
r05_c12,21.705,80.175,0,1,barren,False,0.0,REAL_GEOLOGICAL,0.366,0.1146,-9.9528,-17.0772,30.9913,1520.1979,290.4008,1.9937
r05_c13,21.705,80.185,0,1,barren,False,0.0,REAL_GEOLOGICAL,0.4081,0.1186,-9.6367,-16.6461,30.4921,1520.1979,287.1701,1.9027
r05_c14,21.705,80.195,0,1,barren,False,0.0,REAL_GEOLOGICAL,0.4205,0.1178,-9.1022,-16.1078,30.2437,1520.5733,289.4175,1.433
r05_c15,21.705,80.205,0,1,barren,False,0.0,REAL_GEOLOGICAL,0.3928,0.1253,-9.2175,-16.7319,30.1405,1538.2848,294.5211,1.0987
r05_c16,21.705,80.215,0,1,barren,False,0.0,REAL_GEOLOGICAL,0.3975,0.1493,-10.1125,-17.2855,29.9521,1538.2848,295.692,0.9753
r05_c17,21.705,80.225,0,1,barren,False,0.0,REAL_GEOLOGICAL,0.3744,0.1453,-9.8216,-17.1206,29.8184,1538.2848,296.901,0.9769
r05_c18,21.705,80.235,0,1,barren,False,0.0,REAL_GEOLOGICAL,0.4057,0.1294,-9.5724,-16.7178,29.6891,1538.2848,294.155,1.1578
r05_c19,21.705,80.245,0,1,barren,False,0.0,REAL_GEOLOGICAL,0.4276,0.1215,-9.4335,-16.4768,29.8256,1538.2848,290.7875,1.5978
r05_c20,21.705,80.255,0,1,barren,False,0.0,REAL_GEOLOGICAL,0.4325,0.1187,-9.2467,-16.3105,30.2463,1505.2195,292.2484,1.5051
r05_c21,21.705,80.265,0,1,barren,False,0.0,REAL_GEOLOGICAL,0.3441,0.1262,-9.709,-17.2569,30.4403,1504.9024,296.7301,1.5745
r05_c22,21.705,80.275,0,1,barren,False,0.0,REAL_GEOLOGICAL,0.3618,0.1393,-9.8304,-17.1544,30.5263,1504.9024,296.4931,1.4915
r05_c23,21.705,80.285,0,1,barren,False,0.0,REAL_GEOLOGICAL,0.351,0.1211,-9.8909,-17.2861,30.6026,1504.9024,298.2569,1.4783
r05_c24,21.705,80.295,0,1,barren,False,0.0,REAL_GEOLOGICAL,0.3546,0.1396,-9.7231,-17.3559,30.5485,1504.9024,296.624,1.4486
r05_c25,21.705,80.305,0,1,barren,False,0.0,REAL_GEOLOGICAL,0.4186,0.1198,-9.3051,-16.3914,30.4597,1529.8822,294.4306,1.6063
r05_c26,21.705,80.315,0,1,barren,False,0.0,REAL_GEOLOGICAL,0.393,0.1218,-9.4029,-16.5464,30.3616,1530.9282,296.5177,1.7287
r05_c27,21.705,80.325,0,1,barren,False,0.0,REAL_GEOLOGICAL,0.3724,0.1183,-9.5362,-16.7119,30.4638,1530.9282,298.3178,1.5425
r05_c28,21.705,80.335,0,1,barren,False,0.0,REAL_GEOLOGICAL,0.3644,0.1334,-9.3266,-16.4968,30.5138,1530.9282,299.8984,1.5199
r05_c29,21.705,80.345,0,1,barren,False,0.0,REAL_GEOLOGICAL,0.3692,0.1238,-9.4302,-16.6396,30.4002,1531.5607,300.1202,1.3834
r06_c00,21.715,80.055,0,1,barren,False,0.0,REAL_GEOLOGICAL,0.3937,0.1195,-9.1892,-16.433,30.2919,1472.1915,297.5724,1.5348
r06_c01,21.715,80.065,0,1,barren,False,0.0,REAL_GEOLOGICAL,0.3717,0.1115,-10.113,-17.1548,30.2568,1472.1915,301.8071,1.5103
r06_c02,21.715,80.075,0,1,barren,False,0.0,REAL_GEOLOGICAL,0.414,0.1136,-10.0428,-16.8282,30.337,1472.1915,304.7324,1.3804
r06_c03,21.715,80.085,0,1,barren,False,0.0,REAL_GEOLOGICAL,0.3985,0.127,-9.8312,-16.6655,30.2819,1472.1915,304.4186,1.2233
r06_c04,21.715,80.095,0,1,barren,False,0.0,REAL_GEOLOGICAL,0.3623,0.1194,-9.8859,-16.923,30.4956,1472.1915,312.8639,2.0509
r06_c05,21.715,80.105,0,1,barren,False,0.0,REAL_GEOLOGICAL,0.3717,0.1198,-10.2949,-17.2762,30.7329,1521.8664,313.3082,2.9996
r06_c06,21.715,80.115,0,1,barren,False,0.0,REAL_GEOLOGICAL,0.404,0.1258,-9.6539,-16.6594,30.6688,1522.2547,321.236,4.4093
r06_c07,21.715,80.125,0,1,barren,False,0.0,REAL_GEOLOGICAL,0.4683,0.1238,-9.2807,-16.0719,30.5943,1522.2547,340.3746,8.4936
r06_c08,21.715,80.135,0,1,barren,False,0.0,REAL_GEOLOGICAL,0.3922,0.1146,-9.7737,-16.754,30.6253,1522.2547,321.4452,5.1963
r06_c09,21.715,80.145,0,1,barren,False,0.0,REAL_GEOLOGICAL,0.374,0.1167,-10.3817,-17.2854,30.8271,1522.2547,306.263,3.0015
r06_c10,21.715,80.155,0,1,barren,False,0.0,REAL_GEOLOGICAL,0.383,0.1212,-10.1073,-17.1507,30.8553,1520.277,296.417,1.6381
r06_c11,21.715,80.165,1,0,mineralized,False,1.0,REAL_GEOLOGICAL,0.4525,0.118,-9.0773,-15.9441,30.712,1520.1979,290.5764,1.4837
r06_c12,21.715,80.175,1,0,mineralized,False,1.0,REAL_GEOLOGICAL,0.363,0.1067,-9.7395,-16.9925,30.3847,1520.1979,287.3975,2.2632
r06_c13,21.715,80.185,1,0,mineralized,False,1.0,REAL_GEOLOGICAL,0.4512,0.1188,-8.6847,-15.5283,30.0186,1520.1979,293.3163,1.4091
r06_c14,21.715,80.195,1,0,mineralized,False,1.0,REAL_GEOLOGICAL,0.4413,0.1194,-8.978,-15.8056,29.8443,1520.5734,292.1547,1.2378
r06_c15,21.715,80.205,1,0,mineralized,False,1.0,REAL_GEOLOGICAL,0.4039,0.132,-9.4604,-16.8027,29.7271,1538.2848,294.1938,1.2329
r06_c16,21.715,80.215,1,0,mineralized,False,1.0,REAL_GEOLOGICAL,0.3772,0.16,-10.2832,-17.5244,29.6809,1538.2848,296.5668,0.8669
r06_c17,21.715,80.225,0,1,barren,False,0.0,REAL_GEOLOGICAL,0.3791,0.1321,-9.692,-16.9854,29.7038,1538.2848,295.6871,1.0494
r06_c18,21.715,80.235,0,1,barren,False,0.0,REAL_GEOLOGICAL,0.3926,0.1168,-9.6875,-16.616,29.8134,1538.2848,292.2955,1.515
r06_c19,21.715,80.245,0,1,barren,False,0.0,REAL_GEOLOGICAL,0.4527,0.1084,-9.0481,-15.8196,30.0197,1538.2848,290.3695,1.5308
r06_c20,21.715,80.255,0,1,barren,False,0.0,REAL_GEOLOGICAL,0.3665,0.127,-9.8176,-17.2752,30.3294,1505.2196,294.858,1.1285
r06_c21,21.715,80.265,0,1,barren,False,0.0,REAL_GEOLOGICAL,0.3463,0.1355,-10.7405,-18.1127,30.604,1504.9024,296.7534,1.5856
r06_c22,21.715,80.275,0,1,barren,False,0.0,REAL_GEOLOGICAL,0.3313,0.1329,-10.6296,-17.9455,30.7709,1504.9024,301.7786,1.7234
r06_c23,21.715,80.285,0,1,barren,False,0.0,REAL_GEOLOGICAL,0.3623,0.1318,-10.1867,-17.4772,30.744,1504.9024,300.3514,1.5174
r06_c24,21.715,80.295,0,1,barren,False,0.0,REAL_GEOLOGICAL,0.3909,0.1264,-9.4905,-16.8557,30.453,1504.9024,299.9336,1.5228
r06_c25,21.715,80.305,0,1,barren,False,0.0,REAL_GEOLOGICAL,0.4097,0.1189,-9.4289,-16.5622,30.3615,1529.8826,295.8219,1.3826
r06_c26,21.715,80.315,0,1,barren,False,0.0,REAL_GEOLOGICAL,0.4032,0.12,-9.5095,-16.6904,30.3764,1530.9282,297.5943,1.7866
r06_c27,21.715,80.325,0,1,barren,False,0.0,REAL_GEOLOGICAL,0.3973,0.1215,-9.6531,-16.6863,30.3991,1530.9282,296.9433,1.6862
r06_c28,21.715,80.335,0,1,barren,False,0.0,REAL_GEOLOGICAL,0.3884,0.1124,-9.7598,-16.7763,30.3922,1530.9282,297.2783,1.8064
r06_c29,21.715,80.345,0,1,barren,False,0.0,REAL_GEOLOGICAL,0.3664,0.1188,-9.5982,-16.8937,30.3628,1531.562,301.2959,1.3842
r07_c00,21.725,80.055,0,1,barren,False,0.0,REAL_GEOLOGICAL,0.3933,0.1367,-9.6886,-16.7755,30.2283,1472.1915,291.3886,1.2624
r07_c01,21.725,80.065,0,1,barren,False,0.0,REAL_GEOLOGICAL,0.3881,0.1175,-9.9752,-16.8893,30.0422,1472.1915,296.0847,1.3805
r07_c02,21.725,80.075,0,1,barren,False,0.0,REAL_GEOLOGICAL,0.3905,0.1093,-9.6575,-16.6016,30.0473,1472.1915,298.1705,1.3711
r07_c03,21.725,80.085,0,1,barren,False,0.0,REAL_GEOLOGICAL,0.4297,0.1191,-9.5161,-16.3259,30.0897,1472.1915,300.0433,1.3569
r07_c04,21.725,80.095,0,1,barren,False,0.0,REAL_GEOLOGICAL,0.3982,0.1277,-9.7627,-16.5372,30.1641,1472.1915,303.557,1.4537
r07_c05,21.725,80.105,0,1,barren,False,0.0,REAL_GEOLOGICAL,0.4213,0.1192,-9.7106,-16.4998,30.29,1521.8665,308.1787,1.358
r07_c06,21.725,80.115,0,1,barren,False,0.0,REAL_GEOLOGICAL,0.4283,0.115,-9.6454,-16.5056,30.3039,1522.2547,321.942,3.9612
r07_c07,21.725,80.125,0,1,barren,False,0.0,REAL_GEOLOGICAL,0.4563,0.1158,-9.3327,-16.1607,30.2478,1522.2547,321.4813,2.526
r07_c08,21.725,80.135,0,1,barren,False,0.0,REAL_GEOLOGICAL,0.4753,0.1228,-9.1626,-15.9693,30.2173,1522.2547,318.2343,3.5996
r07_c09,21.725,80.145,1,0,mineralized,False,1.0,REAL_GEOLOGICAL,0.4951,0.1239,-9.0893,-15.7207,30.3168,1522.2547,311.8336,2.5682
r07_c10,21.725,80.155,1,0,mineralized,False,1.0,REAL_GEOLOGICAL,0.4474,0.1229,-8.8751,-15.9062,30.4193,1520.2769,303.3688,2.1143
r07_c11,21.725,80.165,1,0,mineralized,False,1.0,REAL_GEOLOGICAL,0.4091,0.1149,-9.2328,-16.3037,30.5201,1520.1979,295.5078,1.2386
r07_c12,21.725,80.175,1,0,mineralized,False,1.0,REAL_GEOLOGICAL,0.3835,0.1068,-9.424,-16.5774,30.4439,1520.1979,291.6073,2.0182
r07_c13,21.725,80.185,1,0,mineralized,False,1.0,REAL_GEOLOGICAL,0.435,0.1097,-9.2651,-16.4007,30.0485,1520.1979,289.202,2.195
r07_c14,21.725,80.195,1,0,mineralized,False,1.0,REAL_GEOLOGICAL,0.3901,0.1517,-9.6178,-16.661,29.6969,1520.5739,295.2612,1.3349
r07_c15,21.725,80.205,1,0,mineralized,False,1.0,REAL_GEOLOGICAL,0.3883,0.1394,-9.5746,-16.8117,29.4792,1538.2848,295.4327,1.0666
r07_c16,21.725,80.215,1,0,mineralized,False,1.0,REAL_GEOLOGICAL,0.3773,0.1607,-10.1556,-17.4074,29.4763,1538.2848,297.1923,0.9863
r07_c17,21.725,80.225,1,0,mineralized,False,1.0,REAL_GEOLOGICAL,0.4049,0.1246,-9.3141,-16.5746,29.5754,1538.2848,296.4004,1.126
r07_c18,21.725,80.235,1,0,mineralized,False,1.0,REAL_GEOLOGICAL,0.4025,0.1442,-9.7628,-16.8725,29.7167,1538.2848,295.4529,1.1628
r07_c19,21.725,80.245,0,1,barren,False,0.0,REAL_GEOLOGICAL,0.4457,0.1201,-9.8652,-16.768,29.9882,1538.2848,290.0255,1.5766
r07_c20,21.725,80.255,0,1,barren,False,0.0,REAL_GEOLOGICAL,0.365,0.1231,-9.7876,-17.2645,30.5396,1505.2206,294.9203,1.4001
r07_c21,21.725,80.265,0,1,barren,False,0.0,REAL_GEOLOGICAL,0.3487,0.1207,-10.4943,-17.7048,30.7897,1504.9024,297.5723,1.3563
r07_c22,21.725,80.275,0,1,barren,False,0.0,REAL_GEOLOGICAL,0.3258,0.0971,-9.2143,-16.8858,30.9315,1504.9024,303.652,1.6007
r07_c23,21.725,80.285,0,1,barren,False,0.0,REAL_GEOLOGICAL,0.3322,0.1254,-10.6166,-17.9107,30.9212,1504.9024,305.8595,1.8537
r07_c24,21.725,80.295,0,1,barren,False,0.0,REAL_GEOLOGICAL,0.3457,0.1184,-9.9277,-17.3696,30.6954,1504.9024,303.7554,1.61
r07_c25,21.725,80.305,0,1,barren,False,0.0,REAL_GEOLOGICAL,0.3922,0.1219,-9.2057,-16.6131,30.5464,1529.883,299.4187,1.5145
r07_c26,21.725,80.315,0,1,barren,False,0.0,REAL_GEOLOGICAL,0.41,0.1185,-9.4593,-16.447,30.5146,1530.9282,296.9155,1.5433
r07_c27,21.725,80.325,0,1,barren,False,0.0,REAL_GEOLOGICAL,0.4019,0.1261,-9.4766,-16.6589,30.458,1530.9282,301.3705,1.3236
r07_c28,21.725,80.335,0,1,barren,False,0.0,REAL_GEOLOGICAL,0.3978,0.1277,-9.5645,-16.6656,30.3219,1530.9282,301.99,1.4207
r07_c29,21.725,80.345,0,1,barren,False,0.0,REAL_GEOLOGICAL,0.3748,0.115,-9.6274,-16.962,30.3186,1531.5607,300.4809,1.7438
r08_c00,21.735,80.055,0,1,barren,False,0.0,REAL_GEOLOGICAL,0.2952,0.1215,-10.0214,-17.736,30.6272,1472.1915,292.0905,1.3333
r08_c01,21.735,80.065,0,1,barren,False,0.0,REAL_GEOLOGICAL,0.407,0.1304,-9.7977,-16.6085,30.1872,1472.1915,294.7543,1.2058
r08_c02,21.735,80.075,0,1,barren,False,0.0,REAL_GEOLOGICAL,0.4275,0.1242,-9.786,-16.5913,29.971,1472.1915,297.7007,1.29
r08_c03,21.735,80.085,0,1,barren,False,0.0,REAL_GEOLOGICAL,0.4127,0.1271,-9.6376,-16.5449,30.0559,1472.1915,300.3368,1.2659
r08_c04,21.735,80.095,0,1,barren,False,0.0,REAL_GEOLOGICAL,0.402,0.1167,-9.824,-16.6786,30.1423,1472.1915,306.7789,1.5917
r08_c05,21.735,80.105,0,1,barren,False,0.0,REAL_GEOLOGICAL,0.4028,0.1274,-9.9552,-16.7661,30.1858,1521.8665,307.993,1.1376
r08_c06,21.735,80.115,0,1,barren,False,0.0,REAL_GEOLOGICAL,0.3752,0.1257,-9.885,-17.0863,30.2536,1522.2547,310.5105,1.3424
r08_c07,21.735,80.125,1,0,mineralized,False,1.0,REAL_GEOLOGICAL,0.3801,0.1239,-9.7104,-16.8674,30.294,1522.2547,311.9933,1.3395
r08_c08,21.735,80.135,1,0,mineralized,False,1.0,REAL_GEOLOGICAL,0.3694,0.1105,-10.0254,-17.0665,30.3299,1522.2547,305.6374,1.5018
r08_c09,21.735,80.145,1,0,mineralized,False,1.0,REAL_GEOLOGICAL,0.4875,0.1234,-8.6334,-15.4191,30.2097,1522.2547,303.349,1.2471
r08_c10,21.735,80.155,1,0,mineralized,False,1.0,REAL_GEOLOGICAL,0.3773,0.1194,-9.6339,-16.7329,30.2411,1520.2769,300.7433,1.3197
r08_c11,21.735,80.165,1,0,mineralized,False,1.0,REAL_GEOLOGICAL,0.3275,0.1299,-10.299,-17.607,30.5663,1520.1979,299.6418,1.4766
r08_c12,21.735,80.175,1,0,mineralized,False,1.0,REAL_GEOLOGICAL,0.3923,0.1218,-9.085,-16.2341,30.6442,1520.1979,297.0177,1.6523
r08_c13,21.735,80.185,1,0,mineralized,False,1.0,REAL_GEOLOGICAL,0.3873,0.0982,-9.5384,-16.7839,30.2785,1520.1979,287.6851,2.3368
r08_c14,21.735,80.195,1,0,mineralized,False,1.0,REAL_GEOLOGICAL,0.3916,0.1447,-9.9517,-17.086,29.7994,1520.5733,293.9193,1.4033
r08_c15,21.735,80.205,1,0,mineralized,False,1.0,REAL_GEOLOGICAL,0.371,0.1723,-10.124,-17.3725,29.3874,1538.2848,297.5903,1.0338
r08_c16,21.735,80.215,1,0,mineralized,False,1.0,REAL_GEOLOGICAL,0.3474,0.1649,-10.3341,-17.6114,29.3589,1538.2848,297.7779,0.7576
r08_c17,21.735,80.225,1,0,mineralized,False,1.0,REAL_GEOLOGICAL,0.3802,0.1492,-10.0099,-17.2354,29.5091,1538.2848,297.4701,1.0867
r08_c18,21.735,80.235,1,0,mineralized,False,1.0,REAL_GEOLOGICAL,0.4197,0.1277,-9.1972,-16.5981,29.7583,1538.2848,295.5463,1.2413
r08_c19,21.735,80.245,1,0,mineralized,False,1.0,REAL_GEOLOGICAL,0.4309,0.1163,-9.7388,-16.6602,30.0433,1538.2848,291.5407,1.5079
r08_c20,21.735,80.255,1,0,mineralized,False,1.0,REAL_GEOLOGICAL,0.3979,0.1184,-9.9,-17.0475,30.5099,1505.2195,292.7663,1.5473
r08_c21,21.735,80.265,0,1,barren,False,0.0,REAL_GEOLOGICAL,0.3565,0.1187,-9.9436,-17.2611,30.7771,1504.9024,294.7638,1.082
r08_c22,21.735,80.275,0,1,barren,False,0.0,REAL_GEOLOGICAL,0.3444,0.1296,-10.1985,-17.4409,30.81,1504.9024,297.159,1.1329
r08_c23,21.735,80.285,0,1,barren,False,0.0,REAL_GEOLOGICAL,0.3518,0.1313,-10.5371,-17.6195,30.752,1504.9024,300.9534,1.6222
r08_c24,21.735,80.295,0,1,barren,False,0.0,REAL_GEOLOGICAL,0.3525,0.1226,-10.7975,-17.9973,30.731,1504.9024,305.824,2.0136
r08_c25,21.735,80.305,0,1,barren,False,0.0,REAL_GEOLOGICAL,0.3706,0.1298,-10.0465,-17.219,30.6761,1529.883,303.9569,1.6148
r08_c26,21.735,80.315,0,1,barren,False,0.0,REAL_GEOLOGICAL,0.3625,0.1263,-9.7989,-17.0904,30.5963,1530.9282,302.3006,1.5051
r08_c27,21.735,80.325,0,1,barren,False,0.0,REAL_GEOLOGICAL,0.3927,0.1111,-9.4385,-16.6999,30.5867,1530.9282,301.8756,1.6721
r08_c28,21.735,80.335,0,1,barren,False,0.0,REAL_GEOLOGICAL,0.3958,0.1339,-9.6293,-16.9989,30.4242,1530.9282,304.3067,1.176
r08_c29,21.735,80.345,0,1,barren,False,0.0,REAL_GEOLOGICAL,0.4,0.1149,-9.1524,-16.572,30.2139,1531.5607,304.8921,1.5087
r09_c00,21.745,80.055,0,1,barren,False,0.0,REAL_GEOLOGICAL,0.2958,0.1103,-10.3151,-18.0887,30.9325,1472.1915,294.0701,1.6
r09_c01,21.745,80.065,0,1,barren,False,0.0,REAL_GEOLOGICAL,0.3764,0.1276,-9.483,-16.6323,30.5394,1472.1915,296.3116,1.2586
r09_c02,21.745,80.075,0,1,barren,False,0.0,REAL_GEOLOGICAL,0.3804,0.1143,-9.4675,-16.6302,30.1683,1472.1915,300.9969,1.6327
r09_c03,21.745,80.085,0,1,barren,False,0.0,REAL_GEOLOGICAL,0.4017,0.1222,-9.6689,-16.5967,30.1661,1472.1915,302.6353,1.4586
r09_c04,21.745,80.095,0,1,barren,False,0.0,REAL_GEOLOGICAL,0.4017,0.1158,-9.7374,-16.5234,30.1126,1472.1915,302.8134,1.4914
r09_c05,21.745,80.105,0,1,barren,False,0.0,REAL_GEOLOGICAL,0.4301,0.1123,-9.5526,-16.3851,30.1411,1521.8665,308.0627,1.843
r09_c06,21.745,80.115,1,0,mineralized,False,1.0,REAL_GEOLOGICAL,0.3994,0.1235,-9.9316,-16.8924,30.2561,1522.2547,311.0191,1.3952
r09_c07,21.745,80.125,1,0,mineralized,False,1.0,REAL_GEOLOGICAL,0.3664,0.1216,-10.0266,-17.117,30.3578,1522.2547,313.0469,1.2919
r09_c08,21.745,80.135,1,0,mineralized,False,1.0,REAL_GEOLOGICAL,0.4403,0.1266,-9.3864,-16.28,30.2254,1522.2547,308.8987,1.4083
r09_c09,21.745,80.145,1,0,mineralized,False,1.0,REAL_GEOLOGICAL,0.3908,0.121,-9.7517,-16.6419,30.0507,1522.2547,309.6669,1.6785
r09_c10,21.745,80.155,1,0,mineralized,False,1.0,REAL_GEOLOGICAL,0.5003,0.1302,-8.5175,-15.5219,30.09,1520.2769,320.3132,5.0189
r09_c11,21.745,80.165,1,0,mineralized,False,1.0,REAL_GEOLOGICAL,0.3563,0.1196,-10.0827,-17.0744,30.5029,1520.1979,301.99,1.384
r09_c12,21.745,80.175,1,0,mineralized,False,1.0,REAL_GEOLOGICAL,0.3698,0.1142,-9.6523,-16.8504,30.7075,1520.1979,294.1586,1.6667
r09_c13,21.745,80.185,1,0,mineralized,False,1.0,REAL_GEOLOGICAL,0.4232,0.1077,-9.7057,-16.6632,30.3703,1520.1979,292.2681,1.8933
r09_c14,21.745,80.195,1,0,mineralized,False,1.0,REAL_GEOLOGICAL,0.366,0.134,-9.5524,-17.2537,29.8373,1520.5733,297.3147,1.3103
r09_c15,21.745,80.205,1,0,mineralized,False,1.0,REAL_GEOLOGICAL,0.3508,0.1704,-10.3158,-17.9268,29.4864,1538.2848,299.079,0.8568
r09_c16,21.745,80.215,1,0,mineralized,False,1.0,REAL_GEOLOGICAL,0.3657,0.1505,-9.8895,-17.2035,29.4632,1538.2848,297.7786,1.1047
r09_c17,21.745,80.225,1,0,mineralized,False,1.0,REAL_GEOLOGICAL,0.4126,0.1307,-9.3159,-16.5486,29.5927,1538.2848,297.0557,1.0327
r09_c18,21.745,80.235,1,0,mineralized,False,1.0,REAL_GEOLOGICAL,0.4289,0.1242,-9.6486,-16.8164,29.8148,1538.2848,294.7476,1.4161
r09_c19,21.745,80.245,1,0,mineralized,False,1.0,REAL_GEOLOGICAL,0.4089,0.1209,-9.6804,-16.7838,30.0722,1538.2848,295.7071,1.3615
r09_c20,21.745,80.255,1,0,mineralized,False,1.0,REAL_GEOLOGICAL,0.3937,0.1123,-9.7157,-16.8359,30.3326,1505.2195,295.6467,1.3406
r09_c21,21.745,80.265,1,0,mineralized,False,1.0,REAL_GEOLOGICAL,0.3915,0.1062,-9.6328,-16.9769,30.4274,1504.9024,296.3592,1.1547
r09_c22,21.745,80.275,0,1,barren,False,0.0,REAL_GEOLOGICAL,0.4111,0.1225,-9.8645,-16.9159,30.3517,1504.9024,297.2713,1.0271
r09_c23,21.745,80.285,0,1,barren,False,0.0,REAL_GEOLOGICAL,0.3691,0.1138,-10.1394,-17.3136,30.3654,1504.9024,301.2643,1.7744
r09_c24,21.745,80.295,0,1,barren,False,0.0,REAL_GEOLOGICAL,0.3126,0.1132,-11.4254,-18.8448,30.7045,1504.9024,307.0868,1.8556
r09_c25,21.745,80.305,0,1,barren,False,0.0,REAL_GEOLOGICAL,0.3342,0.1156,-9.9262,-17.2631,30.8608,1529.8829,311.3312,1.8134
r09_c26,21.745,80.315,0,1,barren,False,0.0,REAL_GEOLOGICAL,0.3705,0.1258,-9.8178,-17.1397,30.6516,1530.9282,306.971,1.539
r09_c27,21.745,80.325,0,1,barren,False,0.0,REAL_GEOLOGICAL,0.3629,0.1242,-9.8112,-17.1299,30.594,1530.9282,305.3141,1.6634
r09_c28,21.745,80.335,0,1,barren,False,0.0,REAL_GEOLOGICAL,0.3799,0.1208,-9.6601,-16.9885,30.5224,1530.9282,305.7427,1.5427
r09_c29,21.745,80.345,0,1,barren,False,0.0,REAL_GEOLOGICAL,0.3783,0.1171,-9.4648,-16.7881,30.2999,1531.5607,308.7499,1.4262
r10_c00,21.755,80.055,0,1,barren,False,0.0,REAL_GEOLOGICAL,0.2896,0.0927,-8.5443,-16.7785,30.9268,1440.9932,301.2268,1.9594
r10_c01,21.755,80.065,0,1,barren,False,0.0,REAL_GEOLOGICAL,0.3322,0.1127,-9.4563,-17.0244,30.7443,1440.9922,300.1107,1.4735
r10_c02,21.755,80.075,0,1,barren,False,0.0,REAL_GEOLOGICAL,0.4041,0.1193,-9.7562,-16.5668,30.3987,1440.9922,299.5916,1.3011
r10_c03,21.755,80.085,0,1,barren,False,0.0,REAL_GEOLOGICAL,0.4148,0.1172,-9.8233,-16.5488,30.205,1440.9922,303.6048,1.4788
r10_c04,21.755,80.095,0,1,barren,False,0.0,REAL_GEOLOGICAL,0.4465,0.1106,-9.6663,-16.2876,30.0429,1440.9922,307.048,1.3605
r10_c05,21.755,80.105,0,1,barren,False,0.0,REAL_GEOLOGICAL,0.4798,0.1071,-9.3876,-16.0502,30.0052,1482.7893,308.2465,1.5708
r10_c06,21.755,80.115,1,0,mineralized,False,1.0,REAL_GEOLOGICAL,0.4077,0.1142,-10.1783,-17.0472,30.34,1483.1147,312.3747,1.608
r10_c07,21.755,80.125,1,0,mineralized,False,1.0,REAL_GEOLOGICAL,0.3434,0.1096,-10.3445,-17.4937,30.5528,1483.1147,319.0966,1.4041
r10_c08,21.755,80.135,1,0,mineralized,False,1.0,REAL_GEOLOGICAL,0.4514,0.1135,-8.8244,-15.7454,30.354,1483.1147,316.9981,1.5636
r10_c09,21.755,80.145,1,0,mineralized,False,1.0,REAL_GEOLOGICAL,0.487,0.1127,-8.8054,-15.6783,30.1007,1483.1147,318.2798,1.8026
r10_c10,21.755,80.155,1,0,mineralized,False,1.0,REAL_GEOLOGICAL,0.4312,0.1233,-9.0319,-15.9898,30.1683,1518.0708,315.2864,3.9875
r10_c11,21.755,80.165,1,0,mineralized,False,1.0,REAL_GEOLOGICAL,0.353,0.1217,-10.2142,-17.2608,30.5124,1519.4662,301.2759,1.4131
r10_c12,21.755,80.175,1,0,mineralized,False,1.0,REAL_GEOLOGICAL,0.3271,0.0924,-10.2639,-17.6416,30.7396,1519.4662,291.5497,2.3335
r10_c13,21.755,80.185,1,0,mineralized,False,1.0,REAL_GEOLOGICAL,0.3827,0.1311,-10.0109,-17.1442,30.5622,1519.4662,297.7998,1.2478
r10_c14,21.755,80.195,1,0,mineralized,False,1.0,REAL_GEOLOGICAL,0.3457,0.1701,-9.9705,-17.2881,30.1159,1520.1611,300.0007,1.0764
r10_c15,21.755,80.205,1,0,mineralized,False,1.0,REAL_GEOLOGICAL,0.3587,0.1555,-10.3008,-17.6545,29.9357,1552.9257,300.64,0.9563
r10_c16,21.755,80.215,1,0,mineralized,False,1.0,REAL_GEOLOGICAL,0.3641,0.1479,-10.0437,-17.2878,29.9225,1552.9261,299.5677,0.9528
r10_c17,21.755,80.225,1,0,mineralized,False,1.0,REAL_GEOLOGICAL,0.4078,0.1369,-9.7719,-16.8504,29.8796,1552.9261,297.9302,1.271
r10_c18,21.755,80.235,1,0,mineralized,False,1.0,REAL_GEOLOGICAL,0.3982,0.1343,-9.6923,-17.1898,30.1691,1552.9257,298.5056,0.9361
r10_c19,21.755,80.245,1,0,mineralized,False,1.0,REAL_GEOLOGICAL,0.3967,0.1032,-10.3023,-17.4508,30.4922,1552.9261,295.1628,1.4788
r10_c20,21.755,80.255,1,0,mineralized,False,1.0,REAL_GEOLOGICAL,0.3667,0.1152,-9.7424,-17.0367,30.5246,1612.091,299.307,1.2112
r10_c21,21.755,80.265,1,0,mineralized,False,1.0,REAL_GEOLOGICAL,0.3753,0.1308,-9.9866,-17.2149,30.2204,1612.6592,302.2548,1.1515
r10_c22,21.755,80.275,0,1,barren,False,0.0,REAL_GEOLOGICAL,0.3871,0.1441,-10.1999,-17.2095,29.9152,1612.6592,300.18,0.9959
r10_c23,21.755,80.285,0,1,barren,False,0.0,REAL_GEOLOGICAL,0.3758,0.1351,-10.1192,-17.2647,29.896,1612.6592,301.9553,1.1118
r10_c24,21.755,80.295,0,1,barren,False,0.0,REAL_GEOLOGICAL,0.3626,0.118,-10.2427,-17.3709,30.2814,1612.6592,303.8647,1.3949
r10_c25,21.755,80.305,0,1,barren,False,0.0,REAL_GEOLOGICAL,0.3471,0.1177,-10.095,-17.384,30.5839,1719.1177,309.8846,1.4846
r10_c26,21.755,80.315,0,1,barren,False,0.0,REAL_GEOLOGICAL,0.3286,0.1158,-10.0845,-17.339,30.582,1723.5702,313.1032,1.5812
r10_c27,21.755,80.325,0,1,barren,False,0.0,REAL_GEOLOGICAL,0.389,0.1305,-9.6746,-16.9139,30.5772,1723.5702,307.8316,1.7505
r10_c28,21.755,80.335,0,1,barren,False,0.0,REAL_GEOLOGICAL,0.399,0.1172,-9.5375,-16.631,30.502,1723.5701,306.5629,1.8549
r10_c29,21.755,80.345,0,1,barren,False,0.0,REAL_GEOLOGICAL,0.3727,0.1266,-9.8951,-17.2314,30.4128,1724.7274,310.7793,1.4627
r11_c00,21.765,80.055,0,1,barren,False,0.0,REAL_GEOLOGICAL,0.3254,0.0698,-7.5554,-14.8444,30.8827,1440.9705,308.298,1.8178
r11_c01,21.765,80.065,0,1,barren,False,0.0,REAL_GEOLOGICAL,0.336,0.113,-10.1526,-17.473,30.8493,1440.9705,304.6834,1.5809
r11_c02,21.765,80.075,0,1,barren,False,0.0,REAL_GEOLOGICAL,0.3846,0.1203,-10.1101,-16.8995,30.7036,1440.9705,300.5134,1.346
r11_c03,21.765,80.085,0,1,barren,False,0.0,REAL_GEOLOGICAL,0.3492,0.1127,-10.3324,-17.3488,30.5682,1440.9705,304.2715,1.5917
r11_c04,21.765,80.095,0,1,barren,False,0.0,REAL_GEOLOGICAL,0.3744,0.119,-10.2052,-17.0177,30.3816,1440.9705,308.4122,1.5667
r11_c05,21.765,80.105,1,0,mineralized,False,1.0,REAL_GEOLOGICAL,0.3829,0.1218,-9.989,-16.9767,30.3045,1482.762,311.8665,1.4117
r11_c06,21.765,80.115,1,0,mineralized,False,1.0,REAL_GEOLOGICAL,0.3676,0.1144,-10.0361,-17.087,30.4963,1483.0874,314.6348,1.5285
r11_c07,21.765,80.125,1,0,mineralized,False,1.0,REAL_GEOLOGICAL,0.3864,0.1236,-9.7976,-16.9534,30.6106,1483.0874,314.54,1.3491
r11_c08,21.765,80.135,1,0,mineralized,False,1.0,REAL_GEOLOGICAL,0.4001,0.1176,-9.471,-16.6077,30.519,1483.0874,316.0485,1.3362
r11_c09,21.765,80.145,1,0,mineralized,False,1.0,REAL_GEOLOGICAL,0.4198,0.1115,-9.2654,-16.2948,30.4521,1483.0874,309.4677,1.3687
r11_c10,21.765,80.155,1,0,mineralized,False,1.0,REAL_GEOLOGICAL,0.3374,0.1108,-9.9615,-17.1502,30.5508,1518.0691,308.0997,2.2336
r11_c11,21.765,80.165,1,0,mineralized,False,1.0,REAL_GEOLOGICAL,0.3835,0.1176,-9.5952,-16.6904,30.7193,1519.4657,299.5161,1.5757
r11_c12,21.765,80.175,1,0,mineralized,False,1.0,REAL_GEOLOGICAL,0.3316,0.0968,-11.3932,-18.6609,30.7805,1519.4657,292.1065,2.4932
r11_c13,21.765,80.185,1,0,mineralized,False,1.0,REAL_GEOLOGICAL,0.323,0.1126,-10.4792,-18.1072,30.829,1519.4657,296.8599,2.04
r11_c14,21.765,80.195,1,0,mineralized,False,1.0,REAL_GEOLOGICAL,0.3495,0.1373,-10.2844,-17.4561,30.5888,1520.1617,299.1341,1.4446
r11_c15,21.765,80.205,1,0,mineralized,False,1.0,REAL_GEOLOGICAL,0.347,0.1777,-10.4679,-17.8012,30.1511,1552.9363,301.5253,0.8758
r11_c16,21.765,80.215,1,0,mineralized,False,1.0,REAL_GEOLOGICAL,0.3802,0.1302,-9.4777,-16.828,29.9108,1552.9363,300.7935,1.1608
r11_c17,21.765,80.225,1,0,mineralized,False,1.0,REAL_GEOLOGICAL,0.4201,0.1498,-9.7483,-16.9297,29.854,1552.9363,299.8499,1.0574
r11_c18,21.765,80.235,1,0,mineralized,False,1.0,REAL_GEOLOGICAL,0.3859,0.1511,-9.9191,-17.4905,30.0301,1552.9363,300.583,1.0734
r11_c19,21.765,80.245,1,0,mineralized,False,1.0,REAL_GEOLOGICAL,0.4289,0.128,-9.7491,-16.9394,30.2518,1552.9363,298.242,1.0364
r11_c20,21.765,80.255,1,0,mineralized,False,1.0,REAL_GEOLOGICAL,0.3798,0.1043,-9.6165,-16.8455,30.2499,1612.1642,299.8079,1.457
r11_c21,21.765,80.265,1,0,mineralized,False,1.0,REAL_GEOLOGICAL,0.3918,0.1189,-9.9963,-16.8358,30.0975,1612.7343,309.0549,2.4704
r11_c22,21.765,80.275,1,0,mineralized,False,1.0,REAL_GEOLOGICAL,0.3104,0.139,-11.7222,-18.7348,29.7631,1612.7343,304.3073,1.471
r11_c23,21.765,80.285,0,1,barren,False,0.0,REAL_GEOLOGICAL,0.3799,0.1279,-10.0698,-17.2875,29.6359,1612.7343,305.7929,1.1124
r11_c24,21.765,80.295,0,1,barren,False,0.0,REAL_GEOLOGICAL,0.3874,0.1329,-9.8192,-17.1109,29.8338,1612.7343,305.1284,1.1787
r11_c25,21.765,80.305,0,1,barren,False,0.0,REAL_GEOLOGICAL,0.3858,0.1308,-10.0057,-17.1605,30.0021,1719.246,307.9308,1.4696
r11_c26,21.765,80.315,0,1,barren,False,0.0,REAL_GEOLOGICAL,0.3778,0.1071,-10.1339,-17.2226,30.186,1723.7044,311.8039,1.7039
r11_c27,21.765,80.325,0,1,barren,False,0.0,REAL_GEOLOGICAL,0.3623,0.1124,-9.8215,-17.2077,30.4582,1723.7044,313.906,1.6472
r11_c28,21.765,80.335,0,1,barren,False,0.0,REAL_GEOLOGICAL,0.3492,0.1162,-9.9085,-17.188,30.6586,1723.7044,313.6262,2.0859
r11_c29,21.765,80.345,0,1,barren,False,0.0,REAL_GEOLOGICAL,0.3776,0.1214,-9.8709,-17.129,30.6954,1724.8635,310.4413,1.903
r12_c00,21.775,80.055,0,1,barren,False,0.0,REAL_GEOLOGICAL,0.3551,0.1108,-8.7328,-16.4443,30.8211,1440.9705,302.3723,1.7992
r12_c01,21.775,80.065,0,1,barren,False,0.0,REAL_GEOLOGICAL,0.324,0.1018,-9.0075,-16.3386,30.8548,1440.9705,308.7731,1.9049
r12_c02,21.775,80.075,0,1,barren,False,0.0,REAL_GEOLOGICAL,0.3157,0.1207,-10.6592,-17.754,31.0153,1440.9705,305.0783,1.5041
r12_c03,21.775,80.085,0,1,barren,False,0.0,REAL_GEOLOGICAL,0.3614,0.1163,-10.4066,-17.1605,30.8649,1440.9705,301.2878,1.21
r12_c04,21.775,80.095,0,1,barren,False,0.0,REAL_GEOLOGICAL,0.3645,0.1272,-10.4431,-17.3086,30.5994,1440.9705,304.5359,1.2444
r12_c05,21.775,80.105,1,0,mineralized,False,1.0,REAL_GEOLOGICAL,0.3742,0.1244,-10.3227,-17.1172,30.5406,1482.7622,305.5593,1.2223
r12_c06,21.775,80.115,1,0,mineralized,False,1.0,REAL_GEOLOGICAL,0.3873,0.1309,-9.9276,-16.775,30.5123,1483.0874,307.9724,1.2824
r12_c07,21.775,80.125,1,0,mineralized,False,1.0,REAL_GEOLOGICAL,0.3716,0.1307,-9.7941,-16.924,30.5027,1483.0874,312.4907,1.2857
r12_c08,21.775,80.135,1,0,mineralized,False,1.0,REAL_GEOLOGICAL,0.3542,0.1167,-9.9326,-17.0234,30.6061,1483.0874,311.1151,1.4529
r12_c09,21.775,80.145,1,0,mineralized,False,1.0,REAL_GEOLOGICAL,0.3337,0.1154,-10.1793,-17.3784,30.752,1483.0874,306.0774,1.5075
r12_c10,21.775,80.155,1,0,mineralized,False,1.0,REAL_GEOLOGICAL,0.4378,0.1084,-9.4261,-16.4053,30.9666,1518.0695,300.7067,1.5757
r12_c11,21.775,80.165,1,0,mineralized,False,1.0,REAL_GEOLOGICAL,0.4003,0.1088,-9.637,-16.6557,31.0895,1519.4657,296.7328,1.3539
r12_c12,21.775,80.175,1,0,mineralized,False,1.0,REAL_GEOLOGICAL,0.4215,0.119,-9.3505,-16.3333,31.1716,1519.4657,295.1607,1.596
r12_c13,21.775,80.185,1,0,mineralized,False,1.0,REAL_GEOLOGICAL,0.3323,0.1141,-10.3821,-17.6579,31.2978,1519.4657,296.5749,1.9166
r12_c14,21.775,80.195,1,0,mineralized,False,1.0,REAL_GEOLOGICAL,0.2717,0.1032,-11.6397,-19.4933,31.2101,1520.1604,292.7927,2.3364
r12_c15,21.775,80.205,1,0,mineralized,False,1.0,REAL_GEOLOGICAL,0.3665,0.1376,-9.4907,-17.0566,30.556,1552.9363,302.3896,1.1601
r12_c16,21.775,80.215,1,0,mineralized,False,1.0,REAL_GEOLOGICAL,0.4152,0.1425,-9.5876,-16.7444,29.9247,1552.9363,301.0331,1.0544
r12_c17,21.775,80.225,1,0,mineralized,False,1.0,REAL_GEOLOGICAL,0.4176,0.1389,-9.3863,-16.7455,29.7167,1552.9363,301.4053,1.0453
r12_c18,21.775,80.235,1,0,mineralized,False,1.0,REAL_GEOLOGICAL,0.3955,0.1657,-10.0908,-17.3348,29.6464,1552.9363,301.2133,1.0221
r12_c19,21.775,80.245,1,0,mineralized,False,1.0,REAL_GEOLOGICAL,0.4262,0.1234,-9.6095,-16.7738,29.756,1552.9363,298.9131,0.972
r12_c20,21.775,80.255,1,0,mineralized,False,1.0,REAL_GEOLOGICAL,0.3889,0.1071,-9.6168,-16.7367,29.9302,1612.1663,297.5887,1.4614
r12_c21,21.775,80.265,1,0,mineralized,False,1.0,REAL_GEOLOGICAL,0.3763,0.13,-10.1963,-17.3007,29.8479,1612.7343,300.8217,1.0524
r12_c22,21.775,80.275,1,0,mineralized,False,1.0,REAL_GEOLOGICAL,0.4897,0.1237,-9.499,-16.1376,29.4625,1612.7343,323.5968,8.1875
r12_c23,21.775,80.285,0,1,barren,False,0.0,REAL_GEOLOGICAL,0.5812,0.1348,-7.8633,-14.3822,29.1613,1612.7343,378.19,13.4734
r12_c24,21.775,80.295,0,1,barren,False,0.0,REAL_GEOLOGICAL,0.445,0.1132,-9.4768,-16.5269,29.2741,1612.7343,322.1706,4.9091
r12_c25,21.775,80.305,0,1,barren,False,0.0,REAL_GEOLOGICAL,0.3481,0.1206,-11.2512,-18.2433,29.549,1719.2475,311.9603,2.016
r12_c26,21.775,80.315,0,1,barren,False,0.0,REAL_GEOLOGICAL,0.423,0.1158,-9.6253,-16.6356,29.6579,1723.7044,313.0246,1.4885
r12_c27,21.775,80.325,0,1,barren,False,0.0,REAL_GEOLOGICAL,0.4057,0.1224,-9.9505,-17.0165,29.9334,1723.7044,316.9688,1.8646
r12_c28,21.775,80.335,0,1,barren,False,0.0,REAL_GEOLOGICAL,0.3949,0.1165,-9.5719,-16.8076,30.1218,1723.7044,321.5304,1.7786
r12_c29,21.775,80.345,0,1,barren,False,0.0,REAL_GEOLOGICAL,0.4825,0.1285,-8.9079,-15.8418,30.0452,1724.8632,317.7912,1.5568
r13_c00,21.785,80.055,0,1,barren,False,0.0,REAL_GEOLOGICAL,0.4,0.1165,-9.0536,-16.3407,30.5221,1440.9705,299.9448,1.2881
r13_c01,21.785,80.065,0,1,barren,False,0.0,REAL_GEOLOGICAL,0.3985,0.1224,-9.4188,-16.472,30.3834,1440.9705,302.608,1.4771
r13_c02,21.785,80.075,0,1,barren,False,0.0,REAL_GEOLOGICAL,0.3817,0.116,-10.615,-17.226,30.6449,1440.9705,306.0984,1.5598
r13_c03,21.785,80.085,0,1,barren,False,0.0,REAL_GEOLOGICAL,0.3681,0.1167,-9.9374,-16.8499,30.7204,1440.9705,309.0674,1.4948
r13_c04,21.785,80.095,1,0,mineralized,False,1.0,REAL_GEOLOGICAL,0.404,0.1386,-10.138,-16.9786,30.5292,1440.9705,306.8233,1.2591
r13_c05,21.785,80.105,1,0,mineralized,False,1.0,REAL_GEOLOGICAL,0.3711,0.1381,-9.7506,-17.0069,30.3543,1482.7621,309.4435,1.3307
r13_c06,21.785,80.115,1,0,mineralized,False,1.0,REAL_GEOLOGICAL,0.3977,0.1392,-10.2579,-17.1281,30.3343,1483.0874,311.3043,1.2234
r13_c07,21.785,80.125,1,0,mineralized,False,1.0,REAL_GEOLOGICAL,0.3893,0.1217,-10.0186,-17.3553,30.4494,1483.0874,314.8614,1.477
r13_c08,21.785,80.135,1,0,mineralized,False,1.0,REAL_GEOLOGICAL,0.3814,0.1235,-9.9813,-16.8918,30.6807,1483.0874,311.3314,1.3199
r13_c09,21.785,80.145,1,0,mineralized,False,1.0,REAL_GEOLOGICAL,0.3514,0.1245,-10.4868,-17.5421,30.8794,1483.0874,308.4026,1.269
r13_c10,21.785,80.155,1,0,mineralized,False,1.0,REAL_GEOLOGICAL,0.3215,0.1232,-9.9518,-17.227,31.1338,1518.0695,305.3886,1.2098
r13_c11,21.785,80.165,1,0,mineralized,False,1.0,REAL_GEOLOGICAL,0.2708,0.1185,-10.421,-18.0691,31.2818,1519.4657,306.5197,1.3197
r13_c12,21.785,80.175,1,0,mineralized,False,1.0,REAL_GEOLOGICAL,0.2834,0.1223,-10.4891,-18.04,31.4369,1519.4657,305.6637,1.4015
r13_c13,21.785,80.185,1,0,mineralized,False,1.0,REAL_GEOLOGICAL,0.3135,0.1061,-9.8579,-17.3853,31.4659,1519.4657,299.0119,1.537
r13_c14,21.785,80.195,1,0,mineralized,False,1.0,REAL_GEOLOGICAL,0.2929,0.0982,-11.1275,-18.6595,31.37,1520.1604,294.5909,2.3444
r13_c15,21.785,80.205,1,0,mineralized,False,1.0,REAL_GEOLOGICAL,0.3776,0.1351,-9.689,-16.9299,30.8976,1552.9363,298.7054,1.6518
r13_c16,21.785,80.215,1,0,mineralized,False,1.0,REAL_GEOLOGICAL,0.3905,0.1198,-8.8338,-16.3201,30.1992,1552.9363,302.8901,0.9218
r13_c17,21.785,80.225,1,0,mineralized,False,1.0,REAL_GEOLOGICAL,0.428,0.1168,-9.0166,-16.547,29.7112,1552.9363,302.1102,1.1323
r13_c18,21.785,80.235,1,0,mineralized,False,1.0,REAL_GEOLOGICAL,0.3931,0.1598,-9.8424,-17.2424,29.3082,1552.9363,302.0829,0.903
r13_c19,21.785,80.245,1,0,mineralized,False,1.0,REAL_GEOLOGICAL,0.4023,0.1387,-9.8822,-17.2568,29.3048,1552.9363,300.95,0.9619
r13_c20,21.785,80.255,1,0,mineralized,False,1.0,REAL_GEOLOGICAL,0.3643,0.1091,-9.0905,-17.0068,29.6065,1612.1644,298.6316,1.3988
r13_c21,21.785,80.265,1,0,mineralized,False,1.0,REAL_GEOLOGICAL,0.3808,0.1433,-10.0695,-17.2363,29.6091,1612.7343,299.9005,1.1439
r13_c22,21.785,80.275,1,0,mineralized,False,1.0,REAL_GEOLOGICAL,0.4499,0.1238,-9.6363,-16.3941,29.2252,1612.7343,311.4007,3.2735
r13_c23,21.785,80.285,1,0,mineralized,False,1.0,REAL_GEOLOGICAL,0.634,0.1193,-9.691,-15.9225,28.6035,1612.7343,408.4509,15.5005
r13_c24,21.785,80.295,0,1,barren,False,0.0,REAL_GEOLOGICAL,0.6674,0.1358,-6.2651,-12.6943,28.2655,1612.7343,487.9359,17.5232
r13_c25,21.785,80.305,0,1,barren,False,0.0,REAL_GEOLOGICAL,0.5223,0.1237,-7.6153,-14.4806,28.7317,1719.2475,348.1587,8.4097
r13_c26,21.785,80.315,0,1,barren,False,0.0,REAL_GEOLOGICAL,0.553,0.1257,-8.1203,-14.933,28.9811,1723.7044,324.4483,2.0069
r13_c27,21.785,80.325,0,1,barren,False,0.0,REAL_GEOLOGICAL,0.5776,0.131,-8.5681,-15.2465,28.8315,1723.7044,385.9271,12.9083
r13_c28,21.785,80.335,0,1,barren,False,0.0,REAL_GEOLOGICAL,0.585,0.1358,-6.6198,-13.3499,28.6753,1723.7044,433.3728,15.6153
r13_c29,21.785,80.345,0,1,barren,False,0.0,REAL_GEOLOGICAL,0.5973,0.128,-6.5424,-13.5117,28.6452,1724.8632,356.1548,9.4593
r14_c00,21.795,80.055,0,1,barren,False,0.0,REAL_GEOLOGICAL,0.4044,0.1187,-8.9106,-16.1614,30.3417,1440.9705,301.9742,1.3598
r14_c01,21.795,80.065,0,1,barren,False,0.0,REAL_GEOLOGICAL,0.3968,0.1196,-8.8042,-16.207,30.1636,1440.9705,303.6145,1.4524
r14_c02,21.795,80.075,0,1,barren,False,0.0,REAL_GEOLOGICAL,0.4097,0.1154,-9.8658,-16.6961,30.1432,1440.9705,308.0939,1.3589
r14_c03,21.795,80.085,0,1,barren,False,0.0,REAL_GEOLOGICAL,0.4456,0.1169,-10.0663,-16.8952,30.106,1440.9705,308.586,1.7741
r14_c04,21.795,80.095,1,0,mineralized,False,1.0,REAL_GEOLOGICAL,0.3766,0.1214,-10.1092,-16.745,30.2019,1440.9705,318.2113,3.5437
r14_c05,21.795,80.105,1,0,mineralized,False,1.0,REAL_GEOLOGICAL,0.3913,0.1144,-9.924,-16.7565,30.3815,1482.7622,315.5697,1.5975
r14_c06,21.795,80.115,1,0,mineralized,False,1.0,REAL_GEOLOGICAL,0.3594,0.1265,-10.5996,-17.5827,30.5899,1483.0874,315.981,1.6543
r14_c07,21.795,80.125,1,0,mineralized,False,1.0,REAL_GEOLOGICAL,0.3092,0.1123,-10.4073,-17.6294,30.8889,1483.0874,321.9216,1.8738
r14_c08,21.795,80.135,1,0,mineralized,False,1.0,REAL_GEOLOGICAL,0.3248,0.1201,-10.5714,-17.6238,31.116,1483.0874,315.5396,1.8505
r14_c09,21.795,80.145,1,0,mineralized,False,1.0,REAL_GEOLOGICAL,0.3355,0.1195,-10.2084,-17.3808,31.1599,1483.0874,308.2548,1.3282
r14_c10,21.795,80.155,1,0,mineralized,False,1.0,REAL_GEOLOGICAL,0.3135,0.1166,-10.1908,-17.3013,31.0448,1518.0695,303.201,1.4395
r14_c11,21.795,80.165,1,0,mineralized,False,1.0,REAL_GEOLOGICAL,0.3031,0.1089,-10.4115,-18.0351,30.8055,1519.4657,300.0426,2.1204
r14_c12,21.795,80.175,1,0,mineralized,False,1.0,REAL_GEOLOGICAL,0.3202,0.1109,-10.503,-18.0412,30.7914,1519.4657,299.413,2.5287
r14_c13,21.795,80.185,1,0,mineralized,False,1.0,REAL_GEOLOGICAL,0.2762,0.0795,-9.177,-17.4188,30.951,1519.4657,297.5505,2.4628
r14_c14,21.795,80.195,1,0,mineralized,False,1.0,REAL_GEOLOGICAL,0.3461,0.0984,-9.2179,-17.0323,31.1349,1520.1604,303.1201,1.5443
r14_c15,21.795,80.205,1,0,mineralized,False,1.0,REAL_GEOLOGICAL,0.3742,0.0938,-9.5616,-17.082,31.0821,1552.9363,300.7651,1.2951
r14_c16,21.795,80.215,1,0,mineralized,False,1.0,REAL_GEOLOGICAL,0.382,0.1107,-8.9933,-16.2972,30.4306,1552.9363,303.5059,1.2761
r14_c17,21.795,80.225,1,0,mineralized,False,1.0,REAL_GEOLOGICAL,0.3927,0.1691,-10.0418,-17.4183,29.4711,1552.9363,303.5376,1.0248
r14_c18,21.795,80.235,1,0,mineralized,False,1.0,REAL_GEOLOGICAL,0.3795,0.1892,-10.268,-17.5938,28.9532,1552.9363,302.7853,0.936
r14_c19,21.795,80.245,1,0,mineralized,False,1.0,REAL_GEOLOGICAL,0.3772,0.1983,-10.5173,-17.8528,28.8673,1552.9363,302.2939,0.8832
r14_c20,21.795,80.255,1,0,mineralized,False,1.0,REAL_GEOLOGICAL,0.4009,0.1529,-9.8536,-17.104,29.0556,1612.1644,300.3323,1.1089
r14_c21,21.795,80.265,1,0,mineralized,False,1.0,REAL_GEOLOGICAL,0.3973,0.1269,-9.6791,-16.8084,29.2859,1612.7343,299.9855,1.4805
r14_c22,21.795,80.275,1,0,mineralized,False,1.0,REAL_GEOLOGICAL,0.3787,0.1375,-10.2052,-17.1493,29.287,1612.7343,306.4584,1.2862
r14_c23,21.795,80.285,1,0,mineralized,False,1.0,REAL_GEOLOGICAL,0.5669,0.1068,-8.6198,-15.2266,28.7239,1612.7343,328.3252,4.7327
r14_c24,21.795,80.295,0,1,barren,False,0.0,REAL_GEOLOGICAL,0.6604,0.1223,-8.8821,-15.2234,28.0037,1612.7343,435.0436,15.7557
r14_c25,21.795,80.305,0,1,barren,False,0.0,REAL_GEOLOGICAL,0.6468,0.133,-6.6057,-13.2451,27.7581,1719.2475,423.0912,18.4426
r14_c26,21.795,80.315,0,1,barren,False,0.0,REAL_GEOLOGICAL,0.6453,0.1276,-7.6169,-14.1722,27.7531,1723.7044,471.0512,17.1289
r14_c27,21.795,80.325,0,1,barren,False,0.0,REAL_GEOLOGICAL,0.6522,0.1083,-8.7555,-15.1767,27.4139,1723.7044,607.2954,15.379
r14_c28,21.795,80.335,0,1,barren,False,0.0,REAL_GEOLOGICAL,0.6576,0.1273,-7.7462,-14.1265,27.2501,1723.7044,700.6022,8.6428
r14_c29,21.795,80.345,0,1,barren,False,0.0,REAL_GEOLOGICAL,0.6579,0.1252,-6.853,-13.3113,27.3703,1724.8651,672.4054,13.8325
r15_c00,21.805,80.055,0,1,barren,False,0.0,REAL_GEOLOGICAL,0.44,0.1427,-9.1778,-16.2283,30.3086,1493.9262,302.6625,1.2452
r15_c01,21.805,80.065,0,1,barren,False,0.0,REAL_GEOLOGICAL,0.4321,0.1223,-9.1799,-16.3164,29.9635,1493.9263,304.7375,1.3946
r15_c02,21.805,80.075,0,1,barren,False,0.0,REAL_GEOLOGICAL,0.4484,0.1097,-9.6034,-16.3364,29.7511,1493.9257,310.1379,1.3167
r15_c03,21.805,80.085,0,1,barren,False,0.0,REAL_GEOLOGICAL,0.5397,0.1059,-9.0845,-15.6803,29.644,1493.9262,312.6928,1.1404
r15_c04,21.805,80.095,1,0,mineralized,False,1.0,REAL_GEOLOGICAL,0.4555,0.1178,-9.7165,-16.3021,29.8218,1493.9279,313.6228,1.2529
r15_c05,21.805,80.105,1,0,mineralized,False,1.0,REAL_GEOLOGICAL,0.3002,0.1075,-10.6359,-17.7732,30.4369,1508.2186,322.7342,2.2349
r15_c06,21.805,80.115,1,0,mineralized,False,1.0,REAL_GEOLOGICAL,0.3032,0.1071,-10.5468,-17.7632,31.0295,1508.3288,326.6749,2.413
r15_c07,21.805,80.125,1,0,mineralized,False,1.0,REAL_GEOLOGICAL,0.389,0.1316,-10.0816,-16.9471,31.3022,1508.3277,335.0157,4.6548
r15_c08,21.805,80.135,1,0,mineralized,False,1.0,REAL_GEOLOGICAL,0.3493,0.1265,-10.0114,-16.9536,31.3762,1508.328,321.0315,2.1873
r15_c09,21.805,80.145,1,0,mineralized,False,1.0,REAL_GEOLOGICAL,0.3272,0.1046,-9.2883,-16.9104,31.3802,1508.328,310.3894,1.3531
r15_c10,21.805,80.155,1,0,mineralized,False,1.0,REAL_GEOLOGICAL,0.3075,0.0971,-8.6287,-16.741,30.9854,1539.6273,300.4936,1.9066
r15_c11,21.805,80.165,1,0,mineralized,False,1.0,REAL_GEOLOGICAL,0.406,0.1213,-9.0539,-16.1575,30.2934,1540.8767,304.2195,2.3655
r15_c12,21.805,80.175,1,0,mineralized,False,1.0,REAL_GEOLOGICAL,0.4165,0.1109,-8.6463,-15.694,30.1931,1540.8776,304.8067,1.626
r15_c13,21.805,80.185,1,0,mineralized,False,1.0,REAL_GEOLOGICAL,0.2927,0.088,-7.2808,-16.4673,30.6098,1540.878,307.0877,1.6388
r15_c14,21.805,80.195,1,0,mineralized,False,1.0,REAL_GEOLOGICAL,0.2717,0.0616,-5.3167,-15.5285,30.837,1541.5606,305.5633,1.2939
r15_c15,21.805,80.205,1,0,mineralized,False,1.0,REAL_GEOLOGICAL,0.279,0.0678,-7.4322,-15.6486,30.7024,1573.7735,306.6996,1.2973
r15_c16,21.805,80.215,1,0,mineralized,False,1.0,REAL_GEOLOGICAL,0.407,0.1335,-9.6303,-16.878,30.0089,1573.7733,303.6776,1.0733
r15_c17,21.805,80.225,1,0,mineralized,False,1.0,REAL_GEOLOGICAL,0.3779,0.1769,-10.2608,-17.6413,29.1819,1573.7735,303.6579,0.952
r15_c18,21.805,80.235,1,0,mineralized,False,1.0,REAL_GEOLOGICAL,0.3868,0.1476,-9.4839,-17.1338,28.9601,1573.7735,302.4191,1.0955
r15_c19,21.805,80.245,1,0,mineralized,False,1.0,REAL_GEOLOGICAL,0.4044,0.1373,-9.642,-16.9546,29.1308,1573.7736,301.2264,1.3135
r15_c20,21.805,80.255,1,0,mineralized,False,1.0,REAL_GEOLOGICAL,0.4174,0.1265,-9.642,-16.7528,29.3217,1583.909,299.624,1.1326
r15_c21,21.805,80.265,1,0,mineralized,False,1.0,REAL_GEOLOGICAL,0.3944,0.1237,-9.8675,-16.833,29.4764,1584.0049,301.9937,1.2665
r15_c22,21.805,80.275,1,0,mineralized,False,1.0,REAL_GEOLOGICAL,0.4116,0.1214,-9.7922,-16.6133,29.5795,1584.005,306.0492,1.1604
r15_c23,21.805,80.285,1,0,mineralized,False,1.0,REAL_GEOLOGICAL,0.4602,0.114,-9.292,-16.2579,29.2789,1584.0059,316.8641,1.2192
r15_c24,21.805,80.295,0,1,barren,False,0.0,REAL_GEOLOGICAL,0.5318,0.1169,-9.5865,-16.239,28.5215,1584.0058,365.2958,9.2798
r15_c25,21.805,80.305,0,1,barren,False,0.0,REAL_GEOLOGICAL,0.5877,0.1232,-9.329,-15.8247,27.7477,1804.557,440.6724,14.5459
r15_c26,21.805,80.315,0,1,barren,False,0.0,REAL_GEOLOGICAL,0.6902,0.1217,-8.4606,-14.7962,27.1319,1813.7889,519.6938,17.9264
r15_c27,21.805,80.325,0,1,barren,False,0.0,REAL_GEOLOGICAL,0.6888,0.1173,-8.6931,-15.023,26.6994,1813.7889,610.0473,17.4885
r15_c28,21.805,80.335,0,1,barren,False,0.0,REAL_GEOLOGICAL,0.7017,0.1101,-7.948,-14.4569,26.4175,1813.7908,699.368,9.064
r15_c29,21.805,80.345,0,1,barren,False,0.0,REAL_GEOLOGICAL,0.7009,0.1111,-7.525,-14.0978,26.3985,1811.849,707.0826,7.4845
r16_c00,21.815,80.055,0,1,barren,False,0.0,REAL_GEOLOGICAL,0.4169,0.126,-9.2006,-16.2804,30.4576,1495.641,305.3872,1.0253
r16_c01,21.815,80.065,0,1,barren,False,0.0,REAL_GEOLOGICAL,0.4085,0.1241,-9.532,-16.5167,30.1097,1495.641,306.625,1.3669
r16_c02,21.815,80.075,0,1,barren,False,0.0,REAL_GEOLOGICAL,0.4313,0.115,-9.5529,-16.5081,29.7855,1495.641,312.4027,1.5355
r16_c03,21.815,80.085,0,1,barren,False,0.0,REAL_GEOLOGICAL,0.4974,0.0975,-9.381,-15.8704,29.5462,1495.641,318.6964,1.4928
r16_c04,21.815,80.095,1,0,mineralized,False,1.0,REAL_GEOLOGICAL,0.4579,0.1134,-9.5376,-16.3542,29.5472,1495.641,317.6971,1.3699
r16_c05,21.815,80.105,1,0,mineralized,False,1.0,REAL_GEOLOGICAL,0.3453,0.1232,-10.0277,-17.8416,29.9987,1509.041,318.9989,1.5978
r16_c06,21.815,80.115,1,0,mineralized,False,1.0,REAL_GEOLOGICAL,0.2877,0.1178,-11.2534,-18.6303,30.6664,1509.1453,322.2082,1.4658
r16_c07,21.815,80.125,1,0,mineralized,False,1.0,REAL_GEOLOGICAL,0.3192,0.112,-10.4766,-17.7144,30.9412,1509.1453,324.5243,2.7817
r16_c08,21.815,80.135,1,0,mineralized,False,1.0,REAL_GEOLOGICAL,0.3103,0.1082,-10.2703,-17.6707,31.0486,1509.1453,317.3234,1.6531
r16_c09,21.815,80.145,1,0,mineralized,False,1.0,REAL_GEOLOGICAL,0.3353,0.1094,-9.1029,-16.8237,31.2264,1509.1453,312.797,1.7034
r16_c10,21.815,80.155,1,0,mineralized,False,1.0,REAL_GEOLOGICAL,0.3998,0.1169,-8.7463,-15.7838,30.8566,1540.3248,305.4522,1.9328
r16_c11,21.815,80.165,1,0,mineralized,False,1.0,REAL_GEOLOGICAL,0.4753,0.1134,-9.262,-16.0709,30.2121,1541.5702,310.3156,2.526
r16_c12,21.815,80.175,1,0,mineralized,False,1.0,REAL_GEOLOGICAL,0.4128,0.0781,-7.7606,-15.0633,30.2304,1541.5702,315.4746,2.1315
r16_c13,21.815,80.185,1,0,mineralized,False,1.0,REAL_GEOLOGICAL,0.2554,0.0443,-5.5713,-14.7378,30.736,1541.5702,315.9451,1.4463
r16_c14,21.815,80.195,1,0,mineralized,False,1.0,REAL_GEOLOGICAL,0.2398,0.0474,-5.4169,-14.3942,30.9533,1542.2526,310.5941,1.4196
r16_c15,21.815,80.205,1,0,mineralized,False,1.0,REAL_GEOLOGICAL,0.3834,0.1002,-8.609,-16.2339,30.5099,1574.4482,305.1742,1.1561
r16_c16,21.815,80.215,1,0,mineralized,False,1.0,REAL_GEOLOGICAL,0.4089,0.1511,-9.9515,-17.1069,29.7532,1574.4482,304.669,0.84
r16_c17,21.815,80.225,1,0,mineralized,False,1.0,REAL_GEOLOGICAL,0.4041,0.1613,-9.8802,-17.1047,29.1055,1574.4482,303.6983,0.968
r16_c18,21.815,80.235,1,0,mineralized,False,1.0,REAL_GEOLOGICAL,0.392,0.1532,-10.083,-17.3913,29.1016,1574.4482,303.1194,0.9283
r16_c19,21.815,80.245,1,0,mineralized,False,1.0,REAL_GEOLOGICAL,0.3881,0.1189,-9.8316,-17.1946,29.4666,1574.4482,300.237,1.1078
r16_c20,21.815,80.255,1,0,mineralized,False,1.0,REAL_GEOLOGICAL,0.3937,0.1256,-9.9375,-16.9818,29.6756,1582.9934,300.7281,1.2021
r16_c21,21.815,80.265,1,0,mineralized,False,1.0,REAL_GEOLOGICAL,0.3805,0.1415,-9.9911,-17.3049,29.6626,1583.0756,304.9355,1.2056
r16_c22,21.815,80.275,1,0,mineralized,False,1.0,REAL_GEOLOGICAL,0.4581,0.1184,-9.4926,-16.2808,29.5903,1583.0756,312.7817,3.2535
r16_c23,21.815,80.285,1,0,mineralized,False,1.0,REAL_GEOLOGICAL,0.4675,0.12,-9.2884,-16.1606,29.4511,1583.0756,317.6481,2.0784
r16_c24,21.815,80.295,0,1,barren,False,0.0,REAL_GEOLOGICAL,0.6372,0.1217,-8.1045,-14.7127,28.9277,1583.0756,350.592,7.4923
r16_c25,21.815,80.305,0,1,barren,False,0.0,REAL_GEOLOGICAL,0.6391,0.1223,-8.7096,-15.1489,28.3229,1807.3225,374.8888,10.1978
r16_c26,21.815,80.315,0,1,barren,False,0.0,REAL_GEOLOGICAL,0.6906,0.1256,-9.1983,-15.4334,27.5011,1816.7059,479.9985,13.5701
r16_c27,21.815,80.325,0,1,barren,False,0.0,REAL_GEOLOGICAL,0.7155,0.108,-8.4836,-14.8398,26.773,1816.7059,625.0091,10.6127
r16_c28,21.815,80.335,0,1,barren,False,0.0,REAL_GEOLOGICAL,0.7042,0.106,-7.2661,-13.965,26.4187,1816.7059,648.3855,4.9585
r16_c29,21.815,80.345,0,1,barren,False,0.0,REAL_GEOLOGICAL,0.7106,0.111,-7.8629,-14.4569,26.3215,1814.667,668.7049,6.0845
r17_c00,21.825,80.055,0,1,barren,False,0.0,REAL_GEOLOGICAL,0.4104,0.1277,-8.894,-16.3686,30.4456,1495.641,308.8422,1.3168
r17_c01,21.825,80.065,0,1,barren,False,0.0,REAL_GEOLOGICAL,0.4097,0.1293,-9.309,-16.4266,30.1454,1495.641,305.8966,1.0601
r17_c02,21.825,80.075,0,1,barren,False,0.0,REAL_GEOLOGICAL,0.4022,0.1368,-9.2418,-16.5361,29.8554,1495.641,306.9243,1.204
r17_c03,21.825,80.085,0,1,barren,False,0.0,REAL_GEOLOGICAL,0.4195,0.1258,-9.7588,-16.5954,29.5097,1495.641,312.657,1.7732
r17_c04,21.825,80.095,0,1,barren,False,0.0,REAL_GEOLOGICAL,0.422,0.1324,-9.6861,-16.432,29.3163,1495.641,313.7979,1.4016
r17_c05,21.825,80.105,1,0,mineralized,False,1.0,REAL_GEOLOGICAL,0.3978,0.1196,-9.8119,-16.9163,29.5605,1509.0409,319.1791,1.6644
r17_c06,21.825,80.115,1,0,mineralized,False,1.0,REAL_GEOLOGICAL,0.3194,0.1118,-10.0542,-17.4199,30.1236,1509.1453,324.0687,1.9913
r17_c07,21.825,80.125,1,0,mineralized,False,1.0,REAL_GEOLOGICAL,0.3674,0.1211,-10.0713,-17.0858,30.4623,1509.1453,317.5555,1.2683
r17_c08,21.825,80.135,1,0,mineralized,False,1.0,REAL_GEOLOGICAL,0.3727,0.1181,-9.8315,-17.0212,30.4586,1509.1453,312.2656,1.1821
r17_c09,21.825,80.145,1,0,mineralized,False,1.0,REAL_GEOLOGICAL,0.3668,0.1256,-10.2594,-17.2816,30.7947,1509.1453,308.7965,1.4507
r17_c10,21.825,80.155,1,0,mineralized,False,1.0,REAL_GEOLOGICAL,0.3254,0.1039,-10.0296,-17.2103,31.0559,1540.3264,303.8914,2.132
r17_c11,21.825,80.165,1,0,mineralized,False,1.0,REAL_GEOLOGICAL,0.3115,0.1041,-11.1043,-18.416,30.9899,1541.5702,301.5676,2.6188
r17_c12,21.825,80.175,1,0,mineralized,False,1.0,REAL_GEOLOGICAL,0.3001,0.0691,-8.1678,-16.4878,31.0285,1541.5702,308.9846,1.4326
r17_c13,21.825,80.185,1,0,mineralized,False,1.0,REAL_GEOLOGICAL,0.2712,0.054,-7.3921,-15.7925,31.07,1541.5702,309.5117,1.2854
r17_c14,21.825,80.195,1,0,mineralized,False,1.0,REAL_GEOLOGICAL,0.3543,0.0767,-8.7145,-16.2579,30.7774,1542.2528,306.8398,1.2702
r17_c15,21.825,80.205,1,0,mineralized,False,1.0,REAL_GEOLOGICAL,0.3617,0.0907,-8.7655,-15.9741,30.2587,1574.4482,305.3448,1.0544
r17_c16,21.825,80.215,1,0,mineralized,False,1.0,REAL_GEOLOGICAL,0.3741,0.1125,-8.8106,-16.5625,29.8513,1574.4482,304.1109,1.0765
r17_c17,21.825,80.225,1,0,mineralized,False,1.0,REAL_GEOLOGICAL,0.4024,0.1288,-9.6448,-16.8493,29.5237,1574.4482,302.8616,1.1127
r17_c18,21.825,80.235,1,0,mineralized,False,1.0,REAL_GEOLOGICAL,0.4278,0.1256,-9.4077,-16.4947,29.3977,1574.4482,301.733,0.9784
r17_c19,21.825,80.245,1,0,mineralized,False,1.0,REAL_GEOLOGICAL,0.3923,0.109,-9.2812,-16.5758,29.5351,1574.4482,301.4838,1.1898
r17_c20,21.825,80.255,1,0,mineralized,False,1.0,REAL_GEOLOGICAL,0.3638,0.1479,-10.0756,-17.2644,29.745,1582.9937,302.9252,0.9538
r17_c21,21.825,80.265,1,0,mineralized,False,1.0,REAL_GEOLOGICAL,0.3838,0.1142,-9.7417,-16.6941,29.8045,1583.0756,306.5514,1.8695
r17_c22,21.825,80.275,1,0,mineralized,False,1.0,REAL_GEOLOGICAL,0.5617,0.1135,-8.5422,-15.2448,29.6776,1583.0756,320.7966,3.7667
r17_c23,21.825,80.285,0,1,barren,False,0.0,REAL_GEOLOGICAL,0.4255,0.1255,-9.1251,-16.3145,29.6209,1583.0756,313.8648,1.6574
r17_c24,21.825,80.295,0,1,barren,False,0.0,REAL_GEOLOGICAL,0.443,0.1135,-9.2934,-16.1945,29.4523,1583.0756,319.1499,2.2097
r17_c25,21.825,80.305,0,1,barren,False,0.0,REAL_GEOLOGICAL,0.4259,0.1212,-9.5504,-16.3671,29.1018,1807.3193,326.3259,2.3267
r17_c26,21.825,80.315,0,1,barren,False,0.0,REAL_GEOLOGICAL,0.6458,0.1293,-9.2416,-15.7158,28.1324,1816.7059,405.976,12.1347
r17_c27,21.825,80.325,0,1,barren,False,0.0,REAL_GEOLOGICAL,0.7015,0.1198,-8.689,-15.1843,27.076,1816.7059,560.0743,10.5232
r17_c28,21.825,80.335,0,1,barren,False,0.0,REAL_GEOLOGICAL,0.7061,0.1045,-7.7133,-14.3713,26.6138,1816.7059,628.0538,3.7754
r17_c29,21.825,80.345,0,1,barren,False,0.0,REAL_GEOLOGICAL,0.7131,0.1095,-7.4532,-14.1048,26.6458,1814.6697,647.2573,6.6781
r18_c00,21.835,80.055,0,1,barren,False,0.0,REAL_GEOLOGICAL,0.4226,0.1181,-9.5541,-16.5495,30.4056,1495.641,312.13,1.3399
r18_c01,21.835,80.065,0,1,barren,False,0.0,REAL_GEOLOGICAL,0.4265,0.1327,-9.3296,-16.4126,30.1194,1495.641,311.6368,1.3474
r18_c02,21.835,80.075,0,1,barren,False,0.0,REAL_GEOLOGICAL,0.4383,0.1327,-9.1286,-16.1904,29.837,1495.641,310.1392,1.3213
r18_c03,21.835,80.085,0,1,barren,False,0.0,REAL_GEOLOGICAL,0.4474,0.1298,-9.3146,-16.3598,29.5095,1495.641,312.9155,1.6183
r18_c04,21.835,80.095,0,1,barren,False,0.0,REAL_GEOLOGICAL,0.4205,0.1256,-9.8228,-16.6259,29.3866,1495.641,313.8195,1.2843
r18_c05,21.835,80.105,1,0,mineralized,False,1.0,REAL_GEOLOGICAL,0.5255,0.1164,-9.395,-16.0944,29.6435,1509.041,322.6243,1.6181
r18_c06,21.835,80.115,1,0,mineralized,False,1.0,REAL_GEOLOGICAL,0.3469,0.1167,-10.8313,-18.0633,30.0515,1509.1453,323.3933,1.7337
r18_c07,21.835,80.125,1,0,mineralized,False,1.0,REAL_GEOLOGICAL,0.3918,0.1232,-9.9276,-17.1283,30.1622,1509.1453,318.7432,1.532
r18_c08,21.835,80.135,1,0,mineralized,False,1.0,REAL_GEOLOGICAL,0.4374,0.1281,-9.3843,-16.3936,30.0307,1509.1453,313.619,1.2015
r18_c09,21.835,80.145,1,0,mineralized,False,1.0,REAL_GEOLOGICAL,0.3509,0.1169,-10.0689,-17.3445,30.4567,1509.1453,311.6361,1.5596
r18_c10,21.835,80.155,1,0,mineralized,False,1.0,REAL_GEOLOGICAL,0.2956,0.1105,-9.4567,-17.509,30.8433,1540.3258,310.3092,1.623
r18_c11,21.835,80.165,1,0,mineralized,False,1.0,REAL_GEOLOGICAL,0.3051,0.0987,-10.9311,-18.6471,31.1785,1541.5702,302.1572,1.7354
r18_c12,21.835,80.175,1,0,mineralized,False,1.0,REAL_GEOLOGICAL,0.352,0.1152,-10.9597,-18.2434,31.0052,1541.5702,301.9631,1.7683
r18_c13,21.835,80.185,1,0,mineralized,False,1.0,REAL_GEOLOGICAL,0.3468,0.1028,-9.3399,-16.9379,30.5753,1541.5702,307.838,1.0001
r18_c14,21.835,80.195,1,0,mineralized,False,1.0,REAL_GEOLOGICAL,0.3986,0.1245,-9.9729,-17.0859,30.1408,1542.2526,306.5192,0.9269
r18_c15,21.835,80.205,1,0,mineralized,False,1.0,REAL_GEOLOGICAL,0.4108,0.1503,-9.7188,-16.985,29.6642,1574.4482,306.1688,0.9142
r18_c16,21.835,80.215,1,0,mineralized,False,1.0,REAL_GEOLOGICAL,0.4154,0.1204,-9.2747,-16.3198,29.467,1574.4482,304.3763,1.1797
r18_c17,21.835,80.225,1,0,mineralized,False,1.0,REAL_GEOLOGICAL,0.3486,0.1138,-9.079,-16.2701,29.5865,1574.4482,308.6725,2.7748
r18_c18,21.835,80.235,1,0,mineralized,False,1.0,REAL_GEOLOGICAL,0.3571,0.1395,-9.9816,-17.2458,29.7118,1574.4482,304.388,0.9937
r18_c19,21.835,80.245,1,0,mineralized,False,1.0,REAL_GEOLOGICAL,0.3792,0.109,-9.575,-16.7489,29.7236,1574.4482,303.5339,1.188
r18_c20,21.835,80.255,1,0,mineralized,False,1.0,REAL_GEOLOGICAL,0.3881,0.1339,-10.1826,-17.1056,29.8347,1582.9937,304.3904,0.9241
r18_c21,21.835,80.265,1,0,mineralized,False,1.0,REAL_GEOLOGICAL,0.4054,0.1212,-9.5089,-16.4194,29.862,1583.0756,305.5615,1.2478
r18_c22,21.835,80.275,1,0,mineralized,False,1.0,REAL_GEOLOGICAL,0.3928,0.1218,-9.7615,-16.6798,29.9286,1583.0756,308.7594,1.2331
r18_c23,21.835,80.285,0,1,barren,False,0.0,REAL_GEOLOGICAL,0.4009,0.122,-9.7256,-16.8033,29.8844,1583.0756,317.0041,2.6495
r18_c24,21.835,80.295,0,1,barren,False,0.0,REAL_GEOLOGICAL,0.4679,0.1167,-9.2059,-16.1904,29.5349,1583.0756,325.3141,3.7488
r18_c25,21.835,80.305,0,1,barren,False,0.0,REAL_GEOLOGICAL,0.6058,0.1208,-8.6097,-15.1931,28.8912,1807.3225,382.0795,11.5266
r18_c26,21.835,80.315,0,1,barren,False,0.0,REAL_GEOLOGICAL,0.6715,0.1262,-8.7262,-15.1955,27.9644,1816.7059,436.418,15.4581
r18_c27,21.835,80.325,0,1,barren,False,0.0,REAL_GEOLOGICAL,0.7142,0.1089,-8.2426,-14.7747,27.097,1816.7059,577.3317,8.5903
r18_c28,21.835,80.335,0,1,barren,False,0.0,REAL_GEOLOGICAL,0.7058,0.098,-7.5341,-14.1754,26.6894,1816.7059,606.6804,3.5372
r18_c29,21.835,80.345,0,1,barren,False,0.0,REAL_GEOLOGICAL,0.6689,0.1053,-7.5825,-14.344,26.8174,1814.667,608.1761,4.1759
r19_c00,21.845,80.055,0,1,barren,False,0.0,REAL_GEOLOGICAL,0.4456,0.1161,-9.4758,-16.3505,30.3601,1495.9866,316.5065,1.3955
r19_c01,21.845,80.065,0,1,barren,False,0.0,REAL_GEOLOGICAL,0.3632,0.1185,-10.5136,-17.6996,30.2721,1495.9862,317.4104,1.6087
r19_c02,21.845,80.075,0,1,barren,False,0.0,REAL_GEOLOGICAL,0.3618,0.1177,-10.0518,-17.2402,30.2908,1495.9867,313.6566,1.5195
r19_c03,21.845,80.085,0,1,barren,False,0.0,REAL_GEOLOGICAL,0.4822,0.1274,-9.4899,-16.2651,29.9958,1495.9862,317.2546,1.5917
r19_c04,21.845,80.095,0,1,barren,False,0.0,REAL_GEOLOGICAL,0.3931,0.1189,-10.2913,-16.94,30.027,1495.9866,321.3268,1.7965
r19_c05,21.845,80.105,0,1,barren,False,0.0,REAL_GEOLOGICAL,0.4299,0.1235,-9.9813,-16.631,30.3398,1509.4937,322.7933,1.4545
r19_c06,21.845,80.115,1,0,mineralized,False,1.0,REAL_GEOLOGICAL,0.4089,0.1157,-9.991,-16.9258,30.3281,1509.5986,323.3818,1.7639
r19_c07,21.845,80.125,1,0,mineralized,False,1.0,REAL_GEOLOGICAL,0.3882,0.1198,-9.5348,-16.8684,30.0847,1509.5993,317.9027,1.7993
r19_c08,21.845,80.135,1,0,mineralized,False,1.0,REAL_GEOLOGICAL,0.3461,0.1212,-9.7926,-17.3808,30.1027,1509.5986,318.9453,1.4952
r19_c09,21.845,80.145,1,0,mineralized,False,1.0,REAL_GEOLOGICAL,0.3361,0.1155,-9.5925,-17.1321,30.2146,1509.5991,314.6319,1.2748
r19_c10,21.845,80.155,1,0,mineralized,False,1.0,REAL_GEOLOGICAL,0.3974,0.1209,-9.6427,-16.7079,30.2304,1540.852,310.2351,1.1248
r19_c11,21.845,80.165,1,0,mineralized,False,1.0,REAL_GEOLOGICAL,0.3467,0.1044,-10.8489,-17.8952,30.2813,1542.1,301.7711,2.3516
r19_c12,21.845,80.175,1,0,mineralized,False,1.0,REAL_GEOLOGICAL,0.4212,0.1314,-9.4803,-16.7659,30.0157,1542.0993,306.2187,1.3711
r19_c13,21.845,80.185,1,0,mineralized,False,1.0,REAL_GEOLOGICAL,0.4008,0.1379,-9.4565,-16.787,29.6252,1542.0994,308.1052,0.9785
r19_c14,21.845,80.195,1,0,mineralized,False,1.0,REAL_GEOLOGICAL,0.379,0.1331,-9.933,-17.2216,29.4493,1542.8082,307.5525,0.8481
r19_c15,21.845,80.205,1,0,mineralized,False,1.0,REAL_GEOLOGICAL,0.3955,0.147,-9.9322,-17.2388,29.1796,1576.2429,307.1822,0.848
r19_c16,21.845,80.215,1,0,mineralized,False,1.0,REAL_GEOLOGICAL,0.3885,0.1618,-9.9252,-17.09,29.0781,1576.2454,305.8286,0.977
r19_c17,21.845,80.225,1,0,mineralized,False,1.0,REAL_GEOLOGICAL,0.4101,0.1199,-9.0264,-15.9173,29.3693,1576.2429,314.553,3.3945
r19_c18,21.845,80.235,1,0,mineralized,False,1.0,REAL_GEOLOGICAL,0.3703,0.0751,-7.5051,-14.7966,29.9111,1576.2449,319.0695,3.1671
r19_c19,21.845,80.245,1,0,mineralized,False,1.0,REAL_GEOLOGICAL,0.3523,0.1053,-9.8411,-16.8283,30.2622,1576.2449,306.2448,1.5535
r19_c20,21.845,80.255,1,0,mineralized,False,1.0,REAL_GEOLOGICAL,0.354,0.1405,-10.888,-17.8023,30.1882,1584.769,306.88,1.0067
r19_c21,21.845,80.265,1,0,mineralized,False,1.0,REAL_GEOLOGICAL,0.3877,0.16,-10.1467,-17.1888,29.8267,1584.8515,308.3743,1.13
r19_c22,21.845,80.275,0,1,barren,False,0.0,REAL_GEOLOGICAL,0.4339,0.1224,-9.4647,-16.1905,29.695,1584.8495,309.321,1.3548
r19_c23,21.845,80.285,0,1,barren,False,0.0,REAL_GEOLOGICAL,0.5309,0.1247,-8.8636,-15.5876,29.4963,1584.8514,317.008,2.2609
r19_c24,21.845,80.295,0,1,barren,False,0.0,REAL_GEOLOGICAL,0.6248,0.1265,-7.635,-14.5064,28.9991,1584.8495,327.7992,3.5453
r19_c25,21.845,80.305,0,1,barren,False,0.0,REAL_GEOLOGICAL,0.6373,0.1121,-9.8089,-16.1119,28.3025,1805.6757,411.9885,14.6453
r19_c26,21.845,80.315,0,1,barren,False,0.0,REAL_GEOLOGICAL,0.6894,0.1168,-8.2726,-14.5411,27.5929,1814.9159,524.8927,14.4459
r19_c27,21.845,80.325,0,1,barren,False,0.0,REAL_GEOLOGICAL,0.707,0.1189,-7.8088,-14.2234,27.1043,1814.9179,579.9947,9.3523
r19_c28,21.845,80.335,0,1,barren,False,0.0,REAL_GEOLOGICAL,0.6924,0.1076,-7.7692,-14.3952,26.8711,1814.9154,577.2144,8.7208
r19_c29,21.845,80.345,0,1,barren,False,0.0,REAL_GEOLOGICAL,0.6868,0.1077,-7.885,-14.6338,26.9159,1812.8871,595.0818,5.5381
r20_c00,21.855,80.055,0,1,barren,False,0.0,REAL_GEOLOGICAL,0.4284,0.1235,-9.2494,-16.4606,30.6281,1508.0684,323.4793,1.528
r20_c01,21.855,80.065,0,1,barren,False,0.0,REAL_GEOLOGICAL,0.3737,0.1152,-9.3867,-16.7282,30.7334,1508.0684,322.0379,1.5027
r20_c02,21.855,80.075,0,1,barren,False,0.0,REAL_GEOLOGICAL,0.3363,0.1164,-10.8375,-18.1046,30.8968,1508.0684,319.2223,1.6055
r20_c03,21.855,80.085,0,1,barren,False,0.0,REAL_GEOLOGICAL,0.3694,0.117,-10.4055,-17.5457,30.7734,1508.0684,318.7069,1.5353
r20_c04,21.855,80.095,0,1,barren,False,0.0,REAL_GEOLOGICAL,0.3015,0.114,-11.4466,-18.4103,30.7335,1508.0684,322.6422,1.6764
r20_c05,21.855,80.105,0,1,barren,False,0.0,REAL_GEOLOGICAL,0.3451,0.1181,-10.6541,-17.3183,30.8527,1525.33,320.7597,1.731
r20_c06,21.855,80.115,1,0,mineralized,False,1.0,REAL_GEOLOGICAL,0.3635,0.1142,-10.4676,-17.4545,30.5516,1525.4644,318.5378,1.8244
r20_c07,21.855,80.125,1,0,mineralized,False,1.0,REAL_GEOLOGICAL,0.4362,0.1108,-9.7201,-16.573,30.2274,1525.4644,313.3734,2.0132
r20_c08,21.855,80.135,1,0,mineralized,False,1.0,REAL_GEOLOGICAL,0.3715,0.1245,-10.2803,-17.4154,30.1674,1525.4644,317.0647,1.5141
r20_c09,21.855,80.145,1,0,mineralized,False,1.0,REAL_GEOLOGICAL,0.3946,0.1242,-10.0604,-17.0583,30.1293,1525.4644,313.6605,1.2833
r20_c10,21.855,80.155,1,0,mineralized,False,1.0,REAL_GEOLOGICAL,0.3886,0.1123,-9.6804,-16.7322,29.958,1559.2643,309.3574,1.3787
r20_c11,21.855,80.165,1,0,mineralized,False,1.0,REAL_GEOLOGICAL,0.4576,0.1233,-8.6431,-15.7498,29.8048,1560.6137,301.9662,1.6926
r20_c12,21.855,80.175,1,0,mineralized,False,1.0,REAL_GEOLOGICAL,0.4065,0.106,-9.7938,-17.155,29.6307,1560.6137,300.141,2.2164
r20_c13,21.855,80.185,1,0,mineralized,False,1.0,REAL_GEOLOGICAL,0.4028,0.1236,-9.2765,-16.6028,29.4723,1560.6137,307.3148,1.298
r20_c14,21.855,80.195,1,0,mineralized,False,1.0,REAL_GEOLOGICAL,0.3756,0.1419,-9.8871,-17.3454,29.3001,1562.2422,308.2072,0.8477
r20_c15,21.855,80.205,1,0,mineralized,False,1.0,REAL_GEOLOGICAL,0.3918,0.1544,-9.8301,-17.1848,29.1622,1639.0509,307.5593,0.9622
r20_c16,21.855,80.215,1,0,mineralized,False,1.0,REAL_GEOLOGICAL,0.4058,0.1218,-9.4153,-16.6487,29.3059,1639.0509,306.409,1.1296
r20_c17,21.855,80.225,1,0,mineralized,False,1.0,REAL_GEOLOGICAL,0.3444,0.1176,-9.3647,-16.7084,29.6777,1639.0509,310.113,2.5815
r20_c18,21.855,80.235,1,0,mineralized,False,1.0,REAL_GEOLOGICAL,0.4679,0.1192,-8.3147,-15.209,30.0688,1639.0509,356.9446,9.5737
r20_c19,21.855,80.245,1,0,mineralized,False,1.0,REAL_GEOLOGICAL,0.299,0.0964,-10.9597,-18.284,30.3552,1639.0509,310.9928,1.3556
r20_c20,21.855,80.255,1,0,mineralized,False,1.0,REAL_GEOLOGICAL,0.3593,0.1105,-9.9159,-17.0818,30.2991,1646.855,309.3775,1.2744
r20_c21,21.855,80.265,1,0,mineralized,False,1.0,REAL_GEOLOGICAL,0.4069,0.1135,-10.2803,-17.0714,29.899,1646.9301,311.2353,1.4156
r20_c22,21.855,80.275,0,1,barren,False,0.0,REAL_GEOLOGICAL,0.4568,0.1048,-9.1533,-15.8629,29.6049,1646.9301,311.1861,1.7144
r20_c23,21.855,80.285,0,1,barren,False,0.0,REAL_GEOLOGICAL,0.5235,0.1246,-8.887,-15.42,29.4471,1646.9301,313.989,1.7849
r20_c24,21.855,80.295,0,1,barren,False,0.0,REAL_GEOLOGICAL,0.5315,0.1191,-8.7145,-15.3669,29.2774,1646.9301,318.6336,1.7358
r20_c25,21.855,80.305,0,1,barren,False,0.0,REAL_GEOLOGICAL,0.4528,0.1249,-9.6029,-16.2664,28.9817,1748.1093,323.061,2.5397
r20_c26,21.855,80.315,0,1,barren,False,0.0,REAL_GEOLOGICAL,0.5503,0.1238,-9.9523,-16.3861,28.4588,1752.3444,358.3034,9.1219
r20_c27,21.855,80.325,0,1,barren,False,0.0,REAL_GEOLOGICAL,0.6747,0.1128,-8.2144,-14.6924,27.694,1752.3444,418.8114,17.8278
r20_c28,21.855,80.335,0,1,barren,False,0.0,REAL_GEOLOGICAL,0.6691,0.138,-8.3386,-14.9949,27.1511,1752.3444,514.8358,15.9237
r20_c29,21.855,80.345,0,1,barren,False,0.0,REAL_GEOLOGICAL,0.6996,0.1108,-7.7917,-14.5761,27.1354,1750.6208,587.6312,5.2185
r21_c00,21.865,80.055,0,1,barren,False,0.0,REAL_GEOLOGICAL,0.371,0.1159,-9.8155,-17.0651,30.8959,1508.0684,327.4134,1.5303
r21_c01,21.865,80.065,0,1,barren,False,0.0,REAL_GEOLOGICAL,0.3285,0.1156,-10.8468,-18.2599,30.924,1508.0684,327.7512,1.8509
r21_c02,21.865,80.075,0,1,barren,False,0.0,REAL_GEOLOGICAL,0.2954,0.1181,-11.3697,-19.0101,30.8811,1508.0684,323.6963,1.9032
r21_c03,21.865,80.085,0,1,barren,False,0.0,REAL_GEOLOGICAL,0.3874,0.1204,-10.2415,-17.2399,30.5518,1508.0684,320.9992,1.1531
r21_c04,21.865,80.095,0,1,barren,False,0.0,REAL_GEOLOGICAL,0.3625,0.115,-10.4219,-17.3612,30.5052,1508.0684,318.0817,1.2925
r21_c05,21.865,80.105,0,1,barren,False,0.0,REAL_GEOLOGICAL,0.3395,0.1107,-10.6292,-17.5095,30.5747,1525.33,313.9095,1.4884
r21_c06,21.865,80.115,0,1,barren,False,0.0,REAL_GEOLOGICAL,0.4066,0.1199,-10.0172,-16.9849,30.4264,1525.4644,310.3169,1.455
r21_c07,21.865,80.125,1,0,mineralized,False,1.0,REAL_GEOLOGICAL,0.4397,0.111,-9.647,-16.5291,30.2535,1525.4644,308.802,1.4527
r21_c08,21.865,80.135,1,0,mineralized,False,1.0,REAL_GEOLOGICAL,0.3794,0.1108,-10.2809,-17.4465,30.1766,1525.4644,309.5192,2.0736
r21_c09,21.865,80.145,1,0,mineralized,False,1.0,REAL_GEOLOGICAL,0.3983,0.1117,-10.1657,-17.1246,29.9984,1525.4644,314.0457,2.0635
r21_c10,21.865,80.155,1,0,mineralized,False,1.0,REAL_GEOLOGICAL,0.3788,0.1142,-9.922,-16.9923,29.7413,1559.2647,311.2031,1.755
r21_c11,21.865,80.165,1,0,mineralized,False,1.0,REAL_GEOLOGICAL,0.4698,0.1228,-8.5703,-15.8689,29.5726,1560.6137,302.6501,1.9236
r21_c12,21.865,80.175,1,0,mineralized,False,1.0,REAL_GEOLOGICAL,0.3913,0.1141,-9.6396,-16.9384,29.6568,1560.6137,302.5993,2.1244
r21_c13,21.865,80.185,1,0,mineralized,False,1.0,REAL_GEOLOGICAL,0.3807,0.1313,-9.9089,-17.2151,29.7501,1560.6137,307.9993,1.1512
r21_c14,21.865,80.195,1,0,mineralized,False,1.0,REAL_GEOLOGICAL,0.3581,0.1644,-10.2766,-17.6546,29.473,1562.2417,308.5639,0.8167
r21_c15,21.865,80.205,1,0,mineralized,False,1.0,REAL_GEOLOGICAL,0.3819,0.1311,-9.6721,-17.0388,29.336,1639.0509,307.7367,1.059
r21_c16,21.865,80.215,1,0,mineralized,False,1.0,REAL_GEOLOGICAL,0.3742,0.1201,-9.5699,-16.9587,29.574,1639.0509,309.6157,1.2987
r21_c17,21.865,80.225,1,0,mineralized,False,1.0,REAL_GEOLOGICAL,0.3487,0.1264,-11.194,-18.2024,29.7816,1639.0509,313.1813,2.3063
r21_c18,21.865,80.235,1,0,mineralized,False,1.0,REAL_GEOLOGICAL,0.5772,0.1395,-8.2485,-14.8945,29.6984,1639.0509,403.1182,17.1231
r21_c19,21.865,80.245,1,0,mineralized,False,1.0,REAL_GEOLOGICAL,0.4386,0.1208,-9.0678,-15.9808,29.7057,1639.0509,326.9643,4.3813
r21_c20,21.865,80.255,1,0,mineralized,False,1.0,REAL_GEOLOGICAL,0.3511,0.1122,-10.5215,-17.4822,29.9307,1646.8553,312.7159,1.5078
r21_c21,21.865,80.265,0,1,barren,False,0.0,REAL_GEOLOGICAL,0.3842,0.1114,-9.9467,-17.03,29.9303,1646.9301,313.111,1.1052
r21_c22,21.865,80.275,0,1,barren,False,0.0,REAL_GEOLOGICAL,0.4166,0.1123,-9.4423,-16.341,29.5981,1646.9301,315.102,1.6494
r21_c23,21.865,80.285,0,1,barren,False,0.0,REAL_GEOLOGICAL,0.4774,0.1155,-9.3705,-15.9205,29.4452,1646.9301,316.1807,2.0002
r21_c24,21.865,80.295,0,1,barren,False,0.0,REAL_GEOLOGICAL,0.5626,0.123,-8.3823,-15.0713,29.2261,1646.9301,321.0043,1.4435
r21_c25,21.865,80.305,0,1,barren,False,0.0,REAL_GEOLOGICAL,0.6446,0.1145,-8.0083,-14.667,28.6566,1748.1106,331.1325,3.6606
r21_c26,21.865,80.315,0,1,barren,False,0.0,REAL_GEOLOGICAL,0.6427,0.1322,-8.5403,-15.0122,28.1582,1752.3444,391.0659,11.9861
r21_c27,21.865,80.325,0,1,barren,False,0.0,REAL_GEOLOGICAL,0.6549,0.1453,-8.4296,-14.9422,27.6348,1752.3444,525.212,14.978
r21_c28,21.865,80.335,0,1,barren,False,0.0,REAL_GEOLOGICAL,0.6794,0.115,-7.6526,-14.3878,27.3013,1752.3444,586.3461,4.1606
r21_c29,21.865,80.345,0,1,barren,False,0.0,REAL_GEOLOGICAL,0.6348,0.1116,-8.0477,-14.8779,27.5383,1750.6214,604.9103,3.2257
r22_c00,21.875,80.055,0,1,barren,False,0.0,REAL_GEOLOGICAL,0.3688,0.1191,-9.4918,-16.7215,30.8648,1508.0684,322.9731,1.2544
r22_c01,21.875,80.065,0,1,barren,False,0.0,REAL_GEOLOGICAL,0.3872,0.1247,-9.9626,-16.9936,30.4215,1508.0684,323.4667,1.5816
r22_c02,21.875,80.075,0,1,barren,False,0.0,REAL_GEOLOGICAL,0.4071,0.1264,-9.5433,-16.6769,29.9788,1508.0684,320.7573,1.5789
r22_c03,21.875,80.085,0,1,barren,False,0.0,REAL_GEOLOGICAL,0.4255,0.1354,-9.4509,-16.3755,29.6818,1508.0684,315.7217,1.188
r22_c04,21.875,80.095,0,1,barren,False,0.0,REAL_GEOLOGICAL,0.3764,0.132,-10.3233,-17.2387,29.8973,1508.0684,314.2887,1.2155
r22_c05,21.875,80.105,0,1,barren,False,0.0,REAL_GEOLOGICAL,0.4043,0.115,-10.1527,-17.1282,30.3562,1525.33,310.2429,1.5621
r22_c06,21.875,80.115,0,1,barren,False,0.0,REAL_GEOLOGICAL,0.3564,0.1224,-9.7176,-17.2705,30.3152,1525.4644,312.9138,1.2509
r22_c07,21.875,80.125,0,1,barren,False,0.0,REAL_GEOLOGICAL,0.4027,0.1267,-9.5918,-16.7771,30.0269,1525.4644,311.8615,1.1978
r22_c08,21.875,80.135,0,1,barren,False,0.0,REAL_GEOLOGICAL,0.4083,0.1209,-9.5316,-16.6632,29.7573,1525.4644,308.1647,1.3053
r22_c09,21.875,80.145,1,0,mineralized,False,1.0,REAL_GEOLOGICAL,0.4453,0.1207,-9.4564,-16.3904,29.3778,1525.4644,306.472,1.2613
r22_c10,21.875,80.155,1,0,mineralized,False,1.0,REAL_GEOLOGICAL,0.4599,0.1139,-9.1636,-16.0002,29.2724,1559.2647,304.6941,1.9047
r22_c11,21.875,80.165,1,0,mineralized,False,1.0,REAL_GEOLOGICAL,0.4198,0.1132,-9.9164,-16.9124,29.4375,1560.6137,302.3122,1.4831
r22_c12,21.875,80.175,1,0,mineralized,False,1.0,REAL_GEOLOGICAL,0.343,0.1137,-11.4403,-18.8196,29.6822,1560.6137,300.4823,2.2285
r22_c13,21.875,80.185,1,0,mineralized,False,1.0,REAL_GEOLOGICAL,0.3924,0.1147,-9.434,-16.7566,29.7845,1560.6137,305.3449,1.4829
r22_c14,21.875,80.195,1,0,mineralized,False,1.0,REAL_GEOLOGICAL,0.3693,0.1565,-10.1491,-17.4643,29.5391,1562.2417,309.5789,0.8452
r22_c15,21.875,80.205,1,0,mineralized,False,1.0,REAL_GEOLOGICAL,0.3726,0.1358,-10.1035,-17.3913,29.443,1639.0509,309.1765,1.0729
r22_c16,21.875,80.215,1,0,mineralized,False,1.0,REAL_GEOLOGICAL,0.3688,0.1268,-10.6138,-17.6534,29.5212,1639.0509,312.0749,1.5702
r22_c17,21.875,80.225,1,0,mineralized,False,1.0,REAL_GEOLOGICAL,0.3992,0.1128,-10.5201,-17.2271,29.4309,1639.0509,316.1427,1.6718
r22_c18,21.875,80.235,1,0,mineralized,False,1.0,REAL_GEOLOGICAL,0.5609,0.1214,-9.5534,-16.0389,28.991,1639.0509,377.9274,10.4199
r22_c19,21.875,80.245,0,1,barren,False,0.0,REAL_GEOLOGICAL,0.6414,0.1306,-6.5128,-13.2783,28.7844,1639.0509,383.5925,13.3972
r22_c20,21.875,80.255,0,1,barren,False,0.0,REAL_GEOLOGICAL,0.4784,0.1347,-9.1844,-15.9799,29.0537,1646.8553,323.2737,2.0277
r22_c21,21.875,80.265,0,1,barren,False,0.0,REAL_GEOLOGICAL,0.3905,0.1228,-10.4494,-17.3642,29.2669,1646.9301,319.4578,1.3134
r22_c22,21.875,80.275,0,1,barren,False,0.0,REAL_GEOLOGICAL,0.4169,0.1221,-10.1373,-16.9103,29.067,1646.9301,318.9027,1.5513
r22_c23,21.875,80.285,0,1,barren,False,0.0,REAL_GEOLOGICAL,0.4898,0.1147,-9.0191,-15.699,28.8448,1646.9301,319.7197,2.3943
r22_c24,21.875,80.295,0,1,barren,False,0.0,REAL_GEOLOGICAL,0.5316,0.1439,-8.6137,-15.3396,28.5834,1646.9301,327.0753,2.2345
r22_c25,21.875,80.305,0,1,barren,False,0.0,REAL_GEOLOGICAL,0.6456,0.1374,-8.8352,-15.3098,28.0457,1748.1106,392.5812,11.3256
r22_c26,21.875,80.315,0,1,barren,False,0.0,REAL_GEOLOGICAL,0.6641,0.1487,-8.5369,-14.891,27.5092,1752.3444,528.266,9.1157
r22_c27,21.875,80.325,0,1,barren,False,0.0,REAL_GEOLOGICAL,0.671,0.1158,-7.8266,-14.4274,27.1907,1752.3444,584.1909,6.8536
r22_c28,21.875,80.335,0,1,barren,False,0.0,REAL_GEOLOGICAL,0.6787,0.0896,-7.6343,-14.3345,27.1906,1752.3444,596.2994,3.3176
r22_c29,21.875,80.345,0,1,barren,False,0.0,REAL_GEOLOGICAL,0.4236,0.1187,-9.379,-16.1652,27.6466,1750.6185,595.2389,3.1113
r23_c00,21.885,80.055,0,1,barren,False,0.0,REAL_GEOLOGICAL,0.3813,0.1275,-9.4435,-16.9167,30.8122,1508.0684,320.674,1.2727
r23_c01,21.885,80.065,0,1,barren,False,0.0,REAL_GEOLOGICAL,0.4189,0.1465,-9.6886,-16.6072,30.0388,1508.0684,317.5465,1.0679
r23_c02,21.885,80.075,0,1,barren,False,0.0,REAL_GEOLOGICAL,0.4412,0.134,-9.3469,-16.265,29.5959,1508.0684,315.6974,1.047
r23_c03,21.885,80.085,0,1,barren,False,0.0,REAL_GEOLOGICAL,0.3996,0.1291,-9.5995,-16.6882,29.6628,1508.0684,314.1779,1.1234
r23_c04,21.885,80.095,0,1,barren,False,0.0,REAL_GEOLOGICAL,0.3996,0.1195,-9.8082,-16.8744,29.9973,1508.0684,312.8286,1.3511
r23_c05,21.885,80.105,0,1,barren,False,0.0,REAL_GEOLOGICAL,0.3975,0.1393,-9.8677,-17.0804,30.1698,1525.33,315.5295,1.0911
r23_c06,21.885,80.115,0,1,barren,False,0.0,REAL_GEOLOGICAL,0.3836,0.1413,-9.7797,-17.157,30.0047,1525.4644,316.2768,0.9828
r23_c07,21.885,80.125,0,1,barren,False,0.0,REAL_GEOLOGICAL,0.4405,0.1282,-9.7037,-16.7478,29.5782,1525.4644,314.8392,1.1381
r23_c08,21.885,80.135,0,1,barren,False,0.0,REAL_GEOLOGICAL,0.4263,0.1375,-9.735,-16.7006,29.2293,1525.4644,311.6971,1.1183
r23_c09,21.885,80.145,0,1,barren,False,0.0,REAL_GEOLOGICAL,0.4184,0.1349,-9.5404,-16.7786,29.046,1525.4644,310.3671,1.0926
r23_c10,21.885,80.155,0,1,barren,False,0.0,REAL_GEOLOGICAL,0.4425,0.1197,-9.2782,-16.2198,29.0946,1559.2647,306.7915,1.2418
r23_c11,21.885,80.165,1,0,mineralized,False,1.0,REAL_GEOLOGICAL,0.4292,0.1252,-9.5477,-16.5854,29.2808,1560.6137,304.8958,1.2862
r23_c12,21.885,80.175,1,0,mineralized,False,1.0,REAL_GEOLOGICAL,0.3367,0.1026,-11.1497,-18.8251,29.5674,1560.6137,301.5395,2.5566
r23_c13,21.885,80.185,1,0,mineralized,False,1.0,REAL_GEOLOGICAL,0.3791,0.1174,-9.5389,-17.0747,29.7804,1560.6137,308.9884,1.2621
r23_c14,21.885,80.195,1,0,mineralized,False,1.0,REAL_GEOLOGICAL,0.3571,0.1542,-10.2206,-17.809,29.6899,1562.2417,310.2518,0.8968
r23_c15,21.885,80.205,1,0,mineralized,False,1.0,REAL_GEOLOGICAL,0.3728,0.1394,-10.2021,-17.407,29.5024,1639.0509,312.0907,1.2429
r23_c16,21.885,80.215,1,0,mineralized,False,1.0,REAL_GEOLOGICAL,0.4047,0.1185,-9.963,-16.7552,29.3727,1639.0509,316.9066,1.459
r23_c17,21.885,80.225,0,1,barren,False,0.0,REAL_GEOLOGICAL,0.6031,0.1245,-8.2505,-14.8157,28.9638,1639.0509,340.2407,5.5662
r23_c18,21.885,80.235,0,1,barren,False,0.0,REAL_GEOLOGICAL,0.633,0.1553,-7.8508,-14.3956,28.3947,1639.0509,378.5003,12.1244
r23_c19,21.885,80.245,0,1,barren,False,0.0,REAL_GEOLOGICAL,0.6467,0.1492,-7.5491,-14.0465,28.1914,1639.0509,397.8112,15.2942
r23_c20,21.885,80.255,0,1,barren,False,0.0,REAL_GEOLOGICAL,0.652,0.1467,-7.16,-13.8736,28.3899,1646.8551,361.153,7.8078
r23_c21,21.885,80.265,0,1,barren,False,0.0,REAL_GEOLOGICAL,0.5921,0.1296,-8.13,-14.9687,28.5587,1646.9301,332.182,1.6469
r23_c22,21.885,80.275,0,1,barren,False,0.0,REAL_GEOLOGICAL,0.4175,0.1275,-10.4071,-17.1961,28.4946,1646.9301,327.737,1.9887
r23_c23,21.885,80.285,0,1,barren,False,0.0,REAL_GEOLOGICAL,0.116,0.1888,-16.4528,-22.7525,28.2406,1646.9301,323.5727,1.0494
r23_c24,21.885,80.295,0,1,barren,False,0.0,REAL_GEOLOGICAL,0.5091,0.1631,-10.9516,-17.2813,27.7006,1646.9301,374.6657,10.8425
r23_c25,21.885,80.305,0,1,barren,False,0.0,REAL_GEOLOGICAL,0.6679,0.1452,-9.0618,-15.2709,27.3333,1748.1106,506.0495,16.0582
r23_c26,21.885,80.315,0,1,barren,False,0.0,REAL_GEOLOGICAL,0.6815,0.1267,-8.1895,-14.6218,27.1415,1752.3444,588.4075,9.8178
r23_c27,21.885,80.325,0,1,barren,False,0.0,REAL_GEOLOGICAL,0.6818,0.096,-7.1778,-13.8568,27.0146,1752.3444,603.8606,5.1125
r23_c28,21.885,80.335,0,1,barren,False,0.0,REAL_GEOLOGICAL,0.6919,0.0983,-7.4804,-14.2052,27.0005,1752.3444,608.8135,3.7688
r23_c29,21.885,80.345,0,1,barren,False,0.0,REAL_GEOLOGICAL,0.5548,0.1074,-8.2655,-14.928,27.2953,1750.6214,592.2624,4.7678
r24_c00,21.895,80.055,0,1,barren,False,0.0,REAL_GEOLOGICAL,0.3415,0.1245,-9.0279,-16.9569,30.6229,1508.0684,324.0556,1.01
r24_c01,21.895,80.065,0,1,barren,False,0.0,REAL_GEOLOGICAL,0.3855,0.1483,-9.3169,-16.8625,30.2178,1508.0684,321.2199,0.9818
r24_c02,21.895,80.075,0,1,barren,False,0.0,REAL_GEOLOGICAL,0.3928,0.1324,-9.4667,-16.5835,29.8191,1508.0684,317.7682,1.0772
r24_c03,21.895,80.085,0,1,barren,False,0.0,REAL_GEOLOGICAL,0.4025,0.1423,-9.4003,-16.6285,29.83,1508.0684,317.0659,0.9005
r24_c04,21.895,80.095,0,1,barren,False,0.0,REAL_GEOLOGICAL,0.4019,0.1412,-9.7767,-16.9804,29.999,1508.0684,315.2887,0.9877
r24_c05,21.895,80.105,0,1,barren,False,0.0,REAL_GEOLOGICAL,0.3842,0.1603,-10.148,-17.4511,29.8492,1525.33,316.5257,0.9205
r24_c06,21.895,80.115,0,1,barren,False,0.0,REAL_GEOLOGICAL,0.4114,0.1645,-10.0926,-17.3606,29.4252,1525.4644,316.4983,1.1798
r24_c07,21.895,80.125,0,1,barren,False,0.0,REAL_GEOLOGICAL,0.4289,0.1596,-10.2142,-17.3475,28.9645,1525.4644,315.1719,1.086
r24_c08,21.895,80.135,0,1,barren,False,0.0,REAL_GEOLOGICAL,0.4193,0.1488,-9.9442,-17.0082,28.8358,1525.4644,314.261,0.9925
r24_c09,21.895,80.145,0,1,barren,False,0.0,REAL_GEOLOGICAL,0.379,0.0977,-9.1536,-16.6807,29.0804,1525.4644,308.9335,1.6326
r24_c10,21.895,80.155,0,1,barren,False,0.0,REAL_GEOLOGICAL,0.4204,0.1245,-9.4373,-16.5415,29.2826,1559.2643,310.8387,1.2576
r24_c11,21.895,80.165,0,1,barren,False,0.0,REAL_GEOLOGICAL,0.4004,0.1383,-9.7894,-17.1409,29.277,1560.6137,306.4526,1.1961
r24_c12,21.895,80.175,0,1,barren,False,0.0,REAL_GEOLOGICAL,0.3511,0.1009,-10.7222,-18.2513,29.4538,1560.6137,301.7719,2.3579
r24_c13,21.895,80.185,0,1,barren,False,0.0,REAL_GEOLOGICAL,0.3616,0.1132,-10.183,-17.4917,29.7758,1560.6137,314.2398,2.1151
r24_c14,21.895,80.195,0,1,barren,False,0.0,REAL_GEOLOGICAL,0.3706,0.1346,-10.1606,-17.3401,29.7296,1562.2422,314.7707,1.9537
r24_c15,21.895,80.205,0,1,barren,False,0.0,REAL_GEOLOGICAL,0.3892,0.1207,-10.3988,-17.1914,29.5521,1639.0509,315.618,1.5642
r24_c16,21.895,80.215,0,1,barren,False,0.0,REAL_GEOLOGICAL,0.3519,0.0988,-10.4704,-17.4573,29.4274,1639.0509,324.1691,1.8149
r24_c17,21.895,80.225,0,1,barren,False,0.0,REAL_GEOLOGICAL,0.589,0.1072,-8.1136,-14.8341,28.8775,1639.0509,335.3504,1.5729
r24_c18,21.895,80.235,0,1,barren,False,0.0,REAL_GEOLOGICAL,0.6465,0.1324,-8.8239,-15.345,28.115,1639.0509,383.9031,9.2844
r24_c19,21.895,80.245,0,1,barren,False,0.0,REAL_GEOLOGICAL,0.6484,0.1579,-7.992,-14.4051,27.8407,1639.0509,507.7402,21.9754
r24_c20,21.895,80.255,0,1,barren,False,0.0,REAL_GEOLOGICAL,0.6197,0.1713,-6.4932,-13.0858,27.9293,1646.8553,467.6096,18.3977
r24_c21,21.895,80.265,0,1,barren,False,0.0,REAL_GEOLOGICAL,0.6469,0.1455,-7.0473,-13.8019,28.0573,1646.9301,370.6835,9.0729
r24_c22,21.895,80.275,0,1,barren,False,0.0,REAL_GEOLOGICAL,0.5945,0.1199,-8.1298,-14.8018,27.988,1646.9301,348.6662,4.6376
r24_c23,21.895,80.285,0,1,barren,False,0.0,REAL_GEOLOGICAL,0.5449,0.1242,-9.5797,-16.3282,27.7532,1646.9301,343.3356,2.4321
r24_c24,21.895,80.295,0,1,barren,False,0.0,REAL_GEOLOGICAL,0.6005,0.1098,-8.8141,-15.236,27.3507,1646.9301,341.4017,3.7119
r24_c25,21.895,80.305,0,1,barren,False,0.0,REAL_GEOLOGICAL,0.6553,0.133,-8.9688,-15.3607,27.014,1748.1093,413.5169,16.0597
r24_c26,21.895,80.315,0,1,barren,False,0.0,REAL_GEOLOGICAL,0.638,0.1352,-8.4794,-14.9821,26.8299,1752.3444,569.1698,14.7448
r24_c27,21.895,80.325,0,1,barren,False,0.0,REAL_GEOLOGICAL,0.6781,0.1086,-8.1704,-14.6659,26.7521,1752.3444,619.0356,8.2866
r24_c28,21.895,80.335,0,1,barren,False,0.0,REAL_GEOLOGICAL,0.6794,0.1191,-7.1335,-13.7592,26.8603,1752.3444,653.2394,9.9383
r24_c29,21.895,80.345,0,1,barren,False,0.0,REAL_GEOLOGICAL,0.6578,0.1017,-7.203,-13.959,26.977,1750.6209,587.7271,4.5899
r25_c00,21.905,80.055,0,1,barren,False,0.0,REAL_GEOLOGICAL,0.3579,0.1324,-9.305,-16.9681,30.6291,1514.3783,325.4664,1.0197
r25_c01,21.905,80.065,0,1,barren,False,0.0,REAL_GEOLOGICAL,0.3606,0.1318,-9.2451,-16.8861,30.4311,1514.3785,321.2303,1.014
r25_c02,21.905,80.075,0,1,barren,False,0.0,REAL_GEOLOGICAL,0.3764,0.1305,-9.2149,-16.6211,30.1168,1514.3785,320.8164,1.0875
r25_c03,21.905,80.085,0,1,barren,False,0.0,REAL_GEOLOGICAL,0.3943,0.1621,-9.4763,-16.9123,29.902,1514.3785,318.7752,0.9704
r25_c04,21.905,80.095,0,1,barren,False,0.0,REAL_GEOLOGICAL,0.4016,0.1516,-9.7298,-17.2279,29.7056,1514.3785,317.5881,0.9677
r25_c05,21.905,80.105,0,1,barren,False,0.0,REAL_GEOLOGICAL,0.4309,0.1498,-9.7336,-16.9804,29.3655,1540.3788,316.4393,1.2114
r25_c06,21.905,80.115,0,1,barren,False,0.0,REAL_GEOLOGICAL,0.4252,0.113,-9.7188,-16.8214,29.1017,1540.5815,311.631,1.4918
r25_c07,21.905,80.125,0,1,barren,False,0.0,REAL_GEOLOGICAL,0.434,0.1074,-9.6034,-16.7672,28.9058,1540.5815,310.1154,1.486
r25_c08,21.905,80.135,0,1,barren,False,0.0,REAL_GEOLOGICAL,0.457,0.1173,-9.156,-15.9271,28.8438,1540.5815,309.8141,1.5328
r25_c09,21.905,80.145,0,1,barren,False,0.0,REAL_GEOLOGICAL,0.4456,0.1116,-9.0295,-15.9381,28.9878,1540.5815,305.0338,1.5172
r25_c10,21.905,80.155,0,1,barren,False,0.0,REAL_GEOLOGICAL,0.395,0.1158,-10.4829,-17.6539,29.2241,1577.8635,304.8335,1.9487
r25_c11,21.905,80.165,0,1,barren,False,0.0,REAL_GEOLOGICAL,0.3714,0.1131,-11.0571,-18.4001,29.2761,1579.352,304.4683,2.2172
r25_c12,21.905,80.175,0,1,barren,False,0.0,REAL_GEOLOGICAL,0.4657,0.1148,-9.5742,-16.7711,29.2378,1579.352,303.6964,2.1893
r25_c13,21.905,80.185,0,1,barren,False,0.0,REAL_GEOLOGICAL,0.4926,0.1144,-8.8843,-15.9484,29.2952,1579.352,307.713,1.6854
r25_c14,21.905,80.195,0,1,barren,False,0.0,REAL_GEOLOGICAL,0.5337,0.1222,-8.6474,-15.568,29.2547,1584.0228,319.1834,2.0513
r25_c15,21.905,80.205,0,1,barren,False,0.0,REAL_GEOLOGICAL,0.4906,0.1256,-9.0439,-16.0095,29.1063,1804.4695,326.1988,2.0769
r25_c16,21.905,80.215,0,1,barren,False,0.0,REAL_GEOLOGICAL,0.4832,0.1139,-9.1696,-16.1262,28.9281,1804.4693,330.7921,2.2154
r25_c17,21.905,80.225,0,1,barren,False,0.0,REAL_GEOLOGICAL,0.6085,0.1217,-8.0929,-14.8971,28.5074,1804.4642,351.0156,4.7482
r25_c18,21.905,80.235,0,1,barren,False,0.0,REAL_GEOLOGICAL,0.5987,0.1159,-8.23,-15.0375,28.0149,1804.4642,365.2794,4.8146
r25_c19,21.905,80.245,0,1,barren,False,0.0,REAL_GEOLOGICAL,0.6612,0.1236,-8.5745,-15.1825,27.6019,1804.4695,407.8681,10.5079
r25_c20,21.905,80.255,0,1,barren,False,0.0,REAL_GEOLOGICAL,0.6837,0.1436,-9.1323,-15.524,27.2879,1770.2304,576.5387,17.239
r25_c21,21.905,80.265,0,1,barren,False,0.0,REAL_GEOLOGICAL,0.6624,0.1474,-6.3478,-12.9997,27.2169,1769.9022,551.1611,15.2165
r25_c22,21.905,80.275,0,1,barren,False,0.0,REAL_GEOLOGICAL,0.6358,0.1612,-7.3085,-13.8369,27.3308,1769.9022,547.1868,17.3029
r25_c23,21.905,80.285,0,1,barren,False,0.0,REAL_GEOLOGICAL,0.6312,0.1649,-5.8075,-12.4285,27.4186,1769.9022,500.5609,17.3216
r25_c24,21.905,80.295,0,1,barren,False,0.0,REAL_GEOLOGICAL,0.6367,0.1493,-8.4019,-14.8415,27.2699,1769.9022,493.196,18.0075
r25_c25,21.905,80.305,0,1,barren,False,0.0,REAL_GEOLOGICAL,0.6973,0.1171,-7.4154,-14.0018,26.8904,1675.098,563.5876,13.8426
r25_c26,21.905,80.315,0,1,barren,False,0.0,REAL_GEOLOGICAL,0.7098,0.1049,-7.202,-14.0329,26.5524,1671.129,545.356,8.0623
r25_c27,21.905,80.325,0,1,barren,False,0.0,REAL_GEOLOGICAL,0.7047,0.1053,-7.7881,-14.5186,26.4177,1671.129,578.2102,5.5886
r25_c28,21.905,80.335,0,1,barren,False,0.0,REAL_GEOLOGICAL,0.6745,0.1046,-7.6378,-14.2604,26.5259,1671.1291,617.3715,6.7405
r25_c29,21.905,80.345,0,1,barren,False,0.0,REAL_GEOLOGICAL,0.6328,0.1295,-7.6233,-14.3844,26.8319,1672.2892,597.5445,7.2598
r26_c00,21.915,80.055,0,1,barren,False,0.0,REAL_GEOLOGICAL,0.3422,0.1252,-9.3812,-17.1009,30.4358,1514.3961,327.4663,1.0879
r26_c01,21.915,80.065,0,1,barren,False,0.0,REAL_GEOLOGICAL,0.3382,0.1253,-9.4745,-17.0274,30.4292,1514.3961,325.1332,1.027
r26_c02,21.915,80.075,0,1,barren,False,0.0,REAL_GEOLOGICAL,0.3785,0.1468,-9.5103,-16.984,30.0808,1514.3961,323.0949,1.0429
r26_c03,21.915,80.085,0,1,barren,False,0.0,REAL_GEOLOGICAL,0.3888,0.1258,-9.0648,-16.7088,29.886,1514.3961,317.9062,1.1606
r26_c04,21.915,80.095,0,1,barren,False,0.0,REAL_GEOLOGICAL,0.4061,0.1097,-9.3935,-16.922,29.7553,1514.3961,315.0831,1.472
r26_c05,21.915,80.105,0,1,barren,False,0.0,REAL_GEOLOGICAL,0.4251,0.1098,-9.9593,-16.8385,29.4407,1540.4203,312.3022,1.3109
r26_c06,21.915,80.115,0,1,barren,False,0.0,REAL_GEOLOGICAL,0.4122,0.1189,-10.1005,-17.3055,29.1586,1540.6237,312.8601,1.3742
r26_c07,21.915,80.125,0,1,barren,False,0.0,REAL_GEOLOGICAL,0.4499,0.1318,-9.783,-16.7725,28.9205,1540.6237,312.2473,1.3407
r26_c08,21.915,80.135,0,1,barren,False,0.0,REAL_GEOLOGICAL,0.4941,0.1204,-9.0823,-15.7055,28.7927,1540.6237,309.394,1.4227
r26_c09,21.915,80.145,0,1,barren,False,0.0,REAL_GEOLOGICAL,0.4373,0.1184,-9.7143,-16.6973,28.8799,1540.6237,306.3987,1.8392
r26_c10,21.915,80.155,0,1,barren,False,0.0,REAL_GEOLOGICAL,0.3541,0.1126,-11.2442,-18.4767,29.0481,1577.916,304.2467,2.4083
r26_c11,21.915,80.165,0,1,barren,False,0.0,REAL_GEOLOGICAL,0.4437,0.1346,-9.8527,-16.7582,29.2253,1579.4043,305.2599,1.2122
r26_c12,21.915,80.175,0,1,barren,False,0.0,REAL_GEOLOGICAL,0.4765,0.1266,-9.4681,-16.4625,29.2467,1579.4043,308.2646,1.2902
r26_c13,21.915,80.185,0,1,barren,False,0.0,REAL_GEOLOGICAL,0.5213,0.1202,-8.5779,-15.4776,29.3234,1579.4043,309.5997,1.4122
r26_c14,21.915,80.195,0,1,barren,False,0.0,REAL_GEOLOGICAL,0.5454,0.1406,-8.3886,-15.3577,29.2458,1584.0853,315.356,1.559
r26_c15,21.915,80.205,0,1,barren,False,0.0,REAL_GEOLOGICAL,0.5012,0.12,-8.6444,-15.6179,29.0456,1804.9315,320.0859,1.871
r26_c16,21.915,80.215,0,1,barren,False,0.0,REAL_GEOLOGICAL,0.5799,0.1285,-7.8257,-14.8669,28.6646,1804.9315,332.1549,1.8421
r26_c17,21.915,80.225,0,1,barren,False,0.0,REAL_GEOLOGICAL,0.5836,0.126,-7.895,-14.9025,28.2838,1804.9315,342.6721,1.7754
r26_c18,21.915,80.235,0,1,barren,False,0.0,REAL_GEOLOGICAL,0.6122,0.1175,-7.9522,-14.8962,27.9709,1804.9315,356.0536,1.8737
r26_c19,21.915,80.245,0,1,barren,False,0.0,REAL_GEOLOGICAL,0.6475,0.1355,-8.3806,-15.0113,27.5411,1804.9315,384.7278,7.0541
r26_c20,21.915,80.255,0,1,barren,False,0.0,REAL_GEOLOGICAL,0.6743,0.1488,-9.159,-15.5826,27.1224,1770.5762,504.4576,22.5644
r26_c21,21.915,80.265,0,1,barren,False,0.0,REAL_GEOLOGICAL,0.6842,0.1358,-7.3134,-13.9624,26.9166,1770.2457,593.8692,8.6295
r26_c22,21.915,80.275,0,1,barren,False,0.0,REAL_GEOLOGICAL,0.6931,0.1258,-8.1579,-14.7601,26.933,1770.2457,604.5467,9.2207
r26_c23,21.915,80.285,0,1,barren,False,0.0,REAL_GEOLOGICAL,0.678,0.1378,-7.3971,-14.1074,26.9745,1770.2457,612.0673,6.6103
r26_c24,21.915,80.295,0,1,barren,False,0.0,REAL_GEOLOGICAL,0.683,0.1234,-7.4887,-14.2005,26.9476,1770.2457,603.9218,10.37
r26_c25,21.915,80.305,0,1,barren,False,0.0,REAL_GEOLOGICAL,0.6622,0.1187,-6.9548,-13.766,26.8712,1674.8921,583.6711,12.2806
r26_c26,21.915,80.315,0,1,barren,False,0.0,REAL_GEOLOGICAL,0.6602,0.1242,-7.7284,-14.5282,26.7711,1670.9022,576.484,9.3812
r26_c27,21.915,80.325,0,1,barren,False,0.0,REAL_GEOLOGICAL,0.7109,0.092,-7.3037,-14.0324,26.5322,1670.9022,593.9865,4.5654
r26_c28,21.915,80.335,0,1,barren,False,0.0,REAL_GEOLOGICAL,0.6975,0.0868,-7.4497,-14.1061,26.4671,1670.9022,595.2105,4.4065
r26_c29,21.915,80.345,0,1,barren,False,0.0,REAL_GEOLOGICAL,0.6438,0.119,-7.4687,-14.185,26.7045,1672.0687,583.4037,7.37
r27_c00,21.925,80.055,0,1,barren,False,0.0,REAL_GEOLOGICAL,0.3848,0.1221,-9.2595,-16.9543,29.8046,1514.3961,327.6168,1.1869
r27_c01,21.925,80.065,0,1,barren,False,0.0,REAL_GEOLOGICAL,0.3568,0.1178,-9.2332,-16.9154,29.8696,1514.3961,324.2407,1.0963
r27_c02,21.925,80.075,0,1,barren,False,0.0,REAL_GEOLOGICAL,0.3985,0.1338,-9.3633,-16.7142,29.6917,1514.3961,319.9951,1.0433
r27_c03,21.925,80.085,0,1,barren,False,0.0,REAL_GEOLOGICAL,0.3626,0.1132,-9.6444,-17.3321,29.5606,1514.3961,316.3397,1.2136
r27_c04,21.925,80.095,0,1,barren,False,0.0,REAL_GEOLOGICAL,0.4128,0.1239,-9.5507,-16.9502,29.4193,1514.3961,316.3396,1.1967
r27_c05,21.925,80.105,0,1,barren,False,0.0,REAL_GEOLOGICAL,0.4498,0.1229,-9.5902,-16.5533,29.0971,1540.4203,314.7484,1.2513
r27_c06,21.925,80.115,0,1,barren,False,0.0,REAL_GEOLOGICAL,0.4611,0.1346,-9.8639,-16.8838,28.732,1540.6237,316.1439,1.1151
r27_c07,21.925,80.125,0,1,barren,False,0.0,REAL_GEOLOGICAL,0.4907,0.1209,-9.3908,-16.1903,28.5805,1540.6237,312.6011,1.2454
r27_c08,21.925,80.135,0,1,barren,False,0.0,REAL_GEOLOGICAL,0.4543,0.1237,-9.4448,-16.4291,28.6443,1540.6237,311.5416,1.47
r27_c09,21.925,80.145,0,1,barren,False,0.0,REAL_GEOLOGICAL,0.3483,0.1108,-11.4128,-18.6594,28.9193,1540.6237,305.1672,2.4735
r27_c10,21.925,80.155,0,1,barren,False,0.0,REAL_GEOLOGICAL,0.4406,0.1205,-9.5006,-16.3716,29.2049,1577.916,311.2946,1.4085
r27_c11,21.925,80.165,0,1,barren,False,0.0,REAL_GEOLOGICAL,0.4276,0.1265,-9.5501,-16.5644,29.3257,1579.4043,310.6357,1.7155
r27_c12,21.925,80.175,0,1,barren,False,0.0,REAL_GEOLOGICAL,0.4048,0.1268,-9.657,-16.792,29.5309,1579.4043,312.0748,1.1592
r27_c13,21.925,80.185,0,1,barren,False,0.0,REAL_GEOLOGICAL,0.4203,0.126,-9.5148,-16.4886,29.7289,1579.4043,310.1641,1.2983
r27_c14,21.925,80.195,0,1,barren,False,0.0,REAL_GEOLOGICAL,0.4877,0.1352,-9.0218,-15.9943,29.6222,1584.0854,314.0712,1.5732
r27_c15,21.925,80.205,0,1,barren,False,0.0,REAL_GEOLOGICAL,0.4659,0.1246,-9.4869,-16.2405,29.354,1804.9315,321.1984,1.6221
r27_c16,21.925,80.215,0,1,barren,False,0.0,REAL_GEOLOGICAL,0.5981,0.1235,-8.0124,-14.9536,28.7948,1804.9315,329.7028,1.6771
r27_c17,21.925,80.225,0,1,barren,False,0.0,REAL_GEOLOGICAL,0.5877,0.1236,-8.199,-14.9732,28.3042,1804.9315,336.8012,2.578
r27_c18,21.925,80.235,0,1,barren,False,0.0,REAL_GEOLOGICAL,0.5711,0.1176,-8.5317,-15.3849,27.9816,1804.9315,345.3819,2.7836
r27_c19,21.925,80.245,0,1,barren,False,0.0,REAL_GEOLOGICAL,0.6894,0.1314,-9.8998,-16.2465,27.4786,1804.9315,454.9514,17.5347
r27_c20,21.925,80.255,0,1,barren,False,0.0,REAL_GEOLOGICAL,0.7234,0.1186,-7.9023,-14.5499,26.9839,1770.5762,636.9876,11.5202
r27_c21,21.925,80.265,0,1,barren,False,0.0,REAL_GEOLOGICAL,0.708,0.1255,-7.3822,-14.2298,26.8297,1770.2457,606.6203,5.3543
r27_c22,21.925,80.275,0,1,barren,False,0.0,REAL_GEOLOGICAL,0.7029,0.1417,-7.8328,-14.5634,26.8516,1770.2457,625.1431,7.3912
r27_c23,21.925,80.285,0,1,barren,False,0.0,REAL_GEOLOGICAL,0.6905,0.1429,-7.0998,-13.9444,26.9175,1770.2457,615.3799,4.7981
r27_c24,21.925,80.295,0,1,barren,False,0.0,REAL_GEOLOGICAL,0.6928,0.1358,-7.5441,-14.331,26.8959,1770.2457,613.3835,6.4535
r27_c25,21.925,80.305,0,1,barren,False,0.0,REAL_GEOLOGICAL,0.6542,0.1342,-7.6474,-14.48,26.9619,1674.8921,605.3549,5.7501
r27_c26,21.925,80.315,0,1,barren,False,0.0,REAL_GEOLOGICAL,0.6589,0.127,-7.2295,-14.0323,27.0421,1670.9022,592.9897,7.0006
r27_c27,21.925,80.325,0,1,barren,False,0.0,REAL_GEOLOGICAL,0.6743,0.1201,-7.5581,-14.3373,26.9283,1670.9022,596.4675,6.0137
r27_c28,21.925,80.335,0,1,barren,False,0.0,REAL_GEOLOGICAL,0.6819,0.101,-7.1389,-13.9017,26.7593,1670.9022,585.107,6.2213
r27_c29,21.925,80.345,0,1,barren,False,0.0,REAL_GEOLOGICAL,0.608,0.0976,-7.8293,-14.5481,26.8047,1672.0687,567.9621,4.9308
r28_c00,21.935,80.055,0,1,barren,False,0.0,REAL_GEOLOGICAL,0.3704,0.1296,-9.3813,-16.8747,29.7575,1514.3961,326.9246,1.3182
r28_c01,21.935,80.065,0,1,barren,False,0.0,REAL_GEOLOGICAL,0.3934,0.1368,-9.4681,-16.7851,29.5755,1514.3961,323.1496,1.0293
r28_c02,21.935,80.075,0,1,barren,False,0.0,REAL_GEOLOGICAL,0.3966,0.134,-9.7181,-16.9392,29.3128,1514.3961,320.1847,0.9815
r28_c03,21.935,80.085,0,1,barren,False,0.0,REAL_GEOLOGICAL,0.3681,0.1134,-9.6967,-17.2748,29.1145,1514.3961,317.096,1.1715
r28_c04,21.935,80.095,0,1,barren,False,0.0,REAL_GEOLOGICAL,0.4177,0.1332,-9.2626,-16.6816,28.8824,1514.3961,317.7177,1.0254
r28_c05,21.935,80.105,0,1,barren,False,0.0,REAL_GEOLOGICAL,0.4541,0.1328,-9.7404,-16.748,28.7008,1540.4203,316.9648,1.1847
r28_c06,21.935,80.115,0,1,barren,False,0.0,REAL_GEOLOGICAL,0.4279,0.1332,-9.9029,-16.8627,28.7002,1540.6237,315.1476,1.4884
r28_c07,21.935,80.125,0,1,barren,False,0.0,REAL_GEOLOGICAL,0.439,0.1143,-9.9728,-16.8152,28.7619,1540.6237,309.4985,1.6375
r28_c08,21.935,80.135,0,1,barren,False,0.0,REAL_GEOLOGICAL,0.3726,0.0985,-10.5973,-17.7563,28.9455,1540.6237,308.0149,2.2757
r28_c09,21.935,80.145,0,1,barren,False,0.0,REAL_GEOLOGICAL,0.4177,0.1269,-10.0153,-17.2034,29.225,1540.6237,310.3273,1.9615
r28_c10,21.935,80.155,0,1,barren,False,0.0,REAL_GEOLOGICAL,0.3598,0.1755,-10.3092,-17.6434,29.4154,1577.916,316.0547,1.0304
r28_c11,21.935,80.165,0,1,barren,False,0.0,REAL_GEOLOGICAL,0.3567,0.1798,-10.4196,-17.6274,29.5298,1579.4043,315.0029,0.9571
r28_c12,21.935,80.175,0,1,barren,False,0.0,REAL_GEOLOGICAL,0.3945,0.1254,-9.7208,-16.8358,29.7143,1579.4043,313.1001,1.112
r28_c13,21.935,80.185,0,1,barren,False,0.0,REAL_GEOLOGICAL,0.498,0.1302,-9.0627,-15.7376,29.7497,1579.4043,315.0776,1.308
r28_c14,21.935,80.195,0,1,barren,False,0.0,REAL_GEOLOGICAL,0.4978,0.1203,-9.0938,-15.8835,29.517,1584.0853,320.7202,1.4924
r28_c15,21.935,80.205,0,1,barren,False,0.0,REAL_GEOLOGICAL,0.5702,0.1429,-8.5269,-15.2359,29.0597,1804.9315,329.3942,1.5343
r28_c16,21.935,80.215,0,1,barren,False,0.0,REAL_GEOLOGICAL,0.6272,0.1325,-8.0403,-14.8649,28.494,1804.9315,339.9396,2.7766
r28_c17,21.935,80.225,0,1,barren,False,0.0,REAL_GEOLOGICAL,0.6438,0.1447,-8.5581,-15.1829,27.965,1804.9315,382.8563,11.6689
r28_c18,21.935,80.235,0,1,barren,False,0.0,REAL_GEOLOGICAL,0.6548,0.1436,-7.823,-14.387,27.641,1804.9315,487.3852,18.6272
r28_c19,21.935,80.245,0,1,barren,False,0.0,REAL_GEOLOGICAL,0.6808,0.1407,-7.7516,-14.4275,27.3219,1804.9315,474.8498,15.5687
r28_c20,21.935,80.255,0,1,barren,False,0.0,REAL_GEOLOGICAL,0.6938,0.1262,-8.4135,-15.0901,26.9498,1770.5751,562.6974,10.6958
r28_c21,21.935,80.265,0,1,barren,False,0.0,REAL_GEOLOGICAL,0.7026,0.1237,-7.8344,-14.645,26.8352,1770.2457,612.439,4.8682
r28_c22,21.935,80.275,0,1,barren,False,0.0,REAL_GEOLOGICAL,0.7127,0.1245,-7.701,-14.5181,26.8027,1770.2457,645.9534,6.6446
r28_c23,21.935,80.285,0,1,barren,False,0.0,REAL_GEOLOGICAL,0.7053,0.1288,-7.3304,-14.2028,26.8472,1770.2457,625.7259,3.7697
r28_c24,21.935,80.295,0,1,barren,False,0.0,REAL_GEOLOGICAL,0.6933,0.1363,-7.6838,-14.5143,26.8962,1770.2457,620.4741,3.4065
r28_c25,21.935,80.305,0,1,barren,False,0.0,REAL_GEOLOGICAL,0.6875,0.1411,-7.6607,-14.4993,26.9267,1674.8951,610.1108,3.665
r28_c26,21.935,80.315,0,1,barren,False,0.0,REAL_GEOLOGICAL,0.6736,0.123,-7.2382,-14.0289,26.992,1670.9022,629.6326,12.5619
r28_c27,21.935,80.325,0,1,barren,False,0.0,REAL_GEOLOGICAL,0.6568,0.1217,-7.1027,-13.9159,27.0243,1670.9022,580.6147,8.1227
r28_c28,21.935,80.335,0,1,barren,False,0.0,REAL_GEOLOGICAL,0.6524,0.1067,-7.4933,-14.212,26.9764,1670.9022,571.182,6.7184
r28_c29,21.935,80.345,0,1,barren,False,0.0,REAL_GEOLOGICAL,0.6481,0.1358,-7.6895,-14.5039,26.9444,1672.0687,581.1899,5.8283
r29_c00,21.945,80.055,0,1,barren,False,0.0,REAL_GEOLOGICAL,0.3561,0.0964,-8.6944,-16.7671,30.0172,1514.3961,326.5943,1.4256
r29_c01,21.945,80.065,0,1,barren,False,0.0,REAL_GEOLOGICAL,0.375,0.1211,-9.6551,-16.9833,29.7337,1514.3961,322.9107,0.9534
r29_c02,21.945,80.075,0,1,barren,False,0.0,REAL_GEOLOGICAL,0.3872,0.1395,-9.8349,-16.9757,29.4221,1514.3961,319.882,0.8295
r29_c03,21.945,80.085,0,1,barren,False,0.0,REAL_GEOLOGICAL,0.3977,0.1352,-9.3759,-16.7815,29.1493,1514.3961,318.9108,1.0216
r29_c04,21.945,80.095,0,1,barren,False,0.0,REAL_GEOLOGICAL,0.41,0.1466,-9.5325,-16.8995,29.0297,1514.3961,319.1382,0.98
r29_c05,21.945,80.105,0,1,barren,False,0.0,REAL_GEOLOGICAL,0.4094,0.1248,-9.9168,-16.9868,29.1422,1540.4203,317.1343,1.4715
r29_c06,21.945,80.115,0,1,barren,False,0.0,REAL_GEOLOGICAL,0.3075,0.1036,-12.0592,-19.6865,29.2886,1540.6237,306.8381,2.5727
r29_c07,21.945,80.125,0,1,barren,False,0.0,REAL_GEOLOGICAL,0.3936,0.1099,-10.0613,-17.1874,29.303,1540.6237,308.7426,1.6982
r29_c08,21.945,80.135,0,1,barren,False,0.0,REAL_GEOLOGICAL,0.4268,0.1222,-9.4343,-16.4524,29.4257,1540.6237,314.7347,1.4901
r29_c09,21.945,80.145,0,1,barren,False,0.0,REAL_GEOLOGICAL,0.386,0.1329,-9.6712,-16.9624,29.6051,1540.6237,316.3932,1.2275
r29_c10,21.945,80.155,0,1,barren,False,0.0,REAL_GEOLOGICAL,0.3465,0.1365,-9.5963,-17.0687,29.7206,1577.9155,318.41,1.3265
r29_c11,21.945,80.165,0,1,barren,False,0.0,REAL_GEOLOGICAL,0.3883,0.1392,-9.6565,-17.021,29.7461,1579.4043,316.3239,1.1279
r29_c12,21.945,80.175,0,1,barren,False,0.0,REAL_GEOLOGICAL,0.4279,0.1142,-9.7804,-16.7926,29.6909,1579.4043,318.4328,1.4734
r29_c13,21.945,80.185,0,1,barren,False,0.0,REAL_GEOLOGICAL,0.5106,0.116,-8.8692,-15.5856,29.5063,1579.4043,323.0162,1.4577
r29_c14,21.945,80.195,0,1,barren,False,0.0,REAL_GEOLOGICAL,0.5365,0.1325,-8.9553,-15.5703,29.0646,1584.0867,330.564,1.6706
r29_c15,21.945,80.205,0,1,barren,False,0.0,REAL_GEOLOGICAL,0.6527,0.1532,-8.8435,-15.3901,28.4252,1804.9315,388.2423,11.2038
r29_c16,21.945,80.215,0,1,barren,False,0.0,REAL_GEOLOGICAL,0.6794,0.1657,-8.3403,-14.7701,27.8233,1804.9315,498.7005,14.4802
r29_c17,21.945,80.225,0,1,barren,False,0.0,REAL_GEOLOGICAL,0.6866,0.1523,-7.8938,-14.3681,27.437,1804.9315,541.8413,11.1888
r29_c18,21.945,80.235,0,1,barren,False,0.0,REAL_GEOLOGICAL,0.6807,0.1472,-7.9356,-14.5368,27.2448,1804.9315,576.5671,5.1847
r29_c19,21.945,80.245,0,1,barren,False,0.0,REAL_GEOLOGICAL,0.6831,0.1399,-7.7798,-14.5104,27.1138,1804.9315,577.4174,5.6855
r29_c20,21.945,80.255,0,1,barren,False,0.0,REAL_GEOLOGICAL,0.708,0.121,-7.4981,-14.2629,26.9815,1770.5763,604.1969,6.9447
r29_c21,21.945,80.265,0,1,barren,False,0.0,REAL_GEOLOGICAL,0.6876,0.1181,-7.5843,-14.4017,26.85,1770.2457,595.8326,3.2576
r29_c22,21.945,80.275,0,1,barren,False,0.0,REAL_GEOLOGICAL,0.6891,0.1253,-7.8416,-14.6911,26.8202,1770.2457,614.1337,4.3615
r29_c23,21.945,80.285,0,1,barren,False,0.0,REAL_GEOLOGICAL,0.7058,0.1199,-7.5199,-14.3881,26.7966,1770.2457,621.5584,4.552
r29_c24,21.945,80.295,0,1,barren,False,0.0,REAL_GEOLOGICAL,0.7034,0.1215,-7.4477,-14.262,26.7562,1770.2457,609.0368,3.2945
r29_c25,21.945,80.305,0,1,barren,False,0.0,REAL_GEOLOGICAL,0.6884,0.116,-7.233,-14.0668,26.7793,1674.8934,594.8989,3.241
r29_c26,21.945,80.315,0,1,barren,False,0.0,REAL_GEOLOGICAL,0.6818,0.1254,-7.3166,-14.124,26.8474,1670.9022,583.0563,3.7283
r29_c27,21.945,80.325,0,1,barren,False,0.0,REAL_GEOLOGICAL,0.6654,0.1323,-7.3442,-14.0983,26.9887,1670.9022,570.6321,6.2004
r29_c28,21.945,80.335,0,1,barren,False,0.0,REAL_GEOLOGICAL,0.6715,0.1414,-7.8138,-14.5356,26.9609,1670.9022,576.7673,6.6445
r29_c29,21.945,80.345,0,1,barren,False,0.0,REAL_GEOLOGICAL,0.673,0.1447,-7.6293,-14.4327,26.9694,1672.0691,592.7355,4.2849
