zone_id,lat,lon,n_mineralized_obs,n_barren_obs,label_class,conflict,label,label_source
0,21.53187266960379,79.90665539228391,0,0,unknown,False,,DEMO_SYNTHETIC
1,21.540906090157925,79.90658774749691,0,0,unknown,False,,DEMO_SYNTHETIC
2,21.549939500732105,79.90652006731143,0,0,unknown,False,,DEMO_SYNTHETIC
3,21.558972901322942,79.90645235171759,0,0,unknown,False,,DEMO_SYNTHETIC
4,21.568006291927034,79.9063846007055,0,0,unknown,False,,DEMO_SYNTHETIC
5,21.577039672540987,79.90631681426527,0,0,unknown,False,,DEMO_SYNTHETIC
6,21.586073043161388,79.906248992387,0,0,unknown,False,,DEMO_SYNTHETIC
7,21.595106403784857,79.90618113506079,0,0,unknown,False,,DEMO_SYNTHETIC
8,21.60413975440799,79.90611324227673,0,0,unknown,False,,DEMO_SYNTHETIC
9,21.613173095027392,79.9060453140249,0,0,unknown,False,,DEMO_SYNTHETIC
10,21.622206425639675,79.90597735029536,0,0,unknown,False,,DEMO_SYNTHETIC
11,21.631239746241445,79.90590935107821,0,0,unknown,False,,DEMO_SYNTHETIC
12,21.640273056829308,79.90584131636349,0,0,unknown,False,,DEMO_SYNTHETIC
13,21.64930635739987,79.90577324614125,0,0,unknown,False,,DEMO_SYNTHETIC
14,21.658339647949745,79.90570514040155,0,0,unknown,False,,DEMO_SYNTHETIC
15,21.667372928475537,79.90563699913443,0,0,unknown,False,,DEMO_SYNTHETIC
16,21.676406198973876,79.90556882232993,0,0,unknown,False,,DEMO_SYNTHETIC
17,21.685439459441362,79.90550060997808,0,0,unknown,False,,DEMO_SYNTHETIC
18,21.694472709874614,79.90543236206888,0,0,unknown,False,,DEMO_SYNTHETIC
19,21.70350595027023,79.90536407859237,0,0,unknown,False,,DEMO_SYNTHETIC
20,21.71253918062485,79.90529575953855,0,0,unknown,False,,DEMO_SYNTHETIC
21,21.721572400935074,79.9052274048974,0,0,unknown,False,,DEMO_SYNTHETIC
22,21.730605611197532,79.90515901465896,0,0,unknown,False,,DEMO_SYNTHETIC
23,21.73963881140883,79.9050905888132,0,0,unknown,False,,DEMO_SYNTHETIC
24,21.7486720015656,79.90502212735008,0,0,unknown,False,,DEMO_SYNTHETIC
25,21.757705181664452,79.9049536302596,0,0,unknown,False,,DEMO_SYNTHETIC
26,21.766738351702013,79.90488509753173,0,0,unknown,False,,DEMO_SYNTHETIC
27,21.775771511674908,79.90481652915642,0,0,unknown,False,,DEMO_SYNTHETIC
28,21.78480466157975,79.90474792512363,0,0,unknown,False,,DEMO_SYNTHETIC
29,21.79383780141317,79.9046792854233,0,0,unknown,False,,DEMO_SYNTHETIC
30,21.802870931171796,79.9046106100454,0,0,unknown,False,,DEMO_SYNTHETIC
31,21.81190405085226,79.90454189897982,0,0,unknown,False,,DEMO_SYNTHETIC
32,21.820937160451166,79.90447315221654,0,0,unknown,False,,DEMO_SYNTHETIC
33,21.829970259965165,79.90440436974542,0,0,unknown,False,,DEMO_SYNTHETIC
34,21.839003349390868,79.90433555155643,0,0,unknown,False,,DEMO_SYNTHETIC
35,21.848036428724928,79.90426669763947,0,0,unknown,False,,DEMO_SYNTHETIC
36,21.857069497963955,79.90419780798442,0,0,unknown,False,,DEMO_SYNTHETIC
37,21.866102557104593,79.90412888258119,0,0,unknown,False,,DEMO_SYNTHETIC
38,21.875135606143463,79.90405992141967,0,0,unknown,False,,DEMO_SYNTHETIC
39,21.884168645077214,79.90399092448972,0,0,unknown,False,,DEMO_SYNTHETIC
40,21.89320167390247,79.90392189178124,0,0,unknown,False,,DEMO_SYNTHETIC
41,21.902234692615867,79.90385282328408,0,0,unknown,False,,DEMO_SYNTHETIC
42,21.911267701214047,79.90378371898811,0,0,unknown,False,,DEMO_SYNTHETIC
43,21.92030069969365,79.9037145788832,0,0,unknown,False,,DEMO_SYNTHETIC
44,21.929333688051305,79.90364540295917,0,0,unknown,False,,DEMO_SYNTHETIC
45,21.93836666628366,79.90357619120587,0,0,unknown,False,,DEMO_SYNTHETIC
46,21.94739963438735,79.90350694361315,0,0,unknown,False,,DEMO_SYNTHETIC
47,21.95643259235901,79.90343766017081,0,0,unknown,False,,DEMO_SYNTHETIC
48,21.965465540195304,79.9033683408687,0,0,unknown,False,,DEMO_SYNTHETIC
49,21.97449847789286,79.90329898569661,0,0,unknown,False,,DEMO_SYNTHETIC
50,21.983531405448314,79.90322959464436,0,0,unknown,False,,DEMO_SYNTHETIC
51,21.99256432285833,79.90316016770174,0,1,barren,False,0.0,DEMO_SYNTHETIC
52,22.00159723011954,79.90309070485856,0,0,unknown,False,,DEMO_SYNTHETIC
53,22.010630127228602,79.9030212061046,0,0,unknown,False,,DEMO_SYNTHETIC
54,22.019663014182154,79.90295167142963,0,0,unknown,False,,DEMO_SYNTHETIC
55,22.02869589097686,79.90288210082343,0,0,unknown,False,,DEMO_SYNTHETIC
56,22.037728757609347,79.90281249427578,0,0,unknown,False,,DEMO_SYNTHETIC
57,22.04676161407629,79.90274285177642,0,0,unknown,False,,DEMO_SYNTHETIC
58,22.05579446037433,79.90267317331511,0,0,unknown,False,,DEMO_SYNTHETIC
59,22.06482729650011,79.90260345888159,0,0,unknown,False,,DEMO_SYNTHETIC
60,21.53193566484259,79.91631023711925,0,0,unknown,False,,DEMO_SYNTHETIC
61,21.54096911439913,79.91624318938734,0,0,unknown,False,,DEMO_SYNTHETIC
62,21.550002553979187,79.91617610656934,0,0,unknown,False,,DEMO_SYNTHETIC
63,21.55903598357939,79.91610898865544,0,0,unknown,False,,DEMO_SYNTHETIC
64,21.56806940319632,79.91604183563585,0,0,unknown,False,,DEMO_SYNTHETIC
65,21.577102812826578,79.91597464750079,0,0,unknown,False,,DEMO_SYNTHETIC
66,21.58613621246678,79.91590742424042,0,0,unknown,False,,DEMO_SYNTHETIC
67,21.59516960211354,79.91584016584493,0,0,unknown,False,,DEMO_SYNTHETIC
68,21.604202981763436,79.91577287230447,0,0,unknown,False,,DEMO_SYNTHETIC
69,21.613236351413104,79.91570554360926,0,0,unknown,False,,DEMO_SYNTHETIC
70,21.62226971105914,79.91563817974944,0,0,unknown,False,,DEMO_SYNTHETIC
71,21.631303060698155,79.91557078071516,0,0,unknown,False,,DEMO_SYNTHETIC
72,21.640336400326756,79.91550334649656,0,0,unknown,False,,DEMO_SYNTHETIC
73,21.649369729941558,79.91543587708381,0,0,unknown,False,,DEMO_SYNTHETIC
74,21.658403049539174,79.91536837246703,0,0,unknown,False,,DEMO_SYNTHETIC
75,21.66743635911621,79.91530083263635,0,0,unknown,False,,DEMO_SYNTHETIC
76,21.676469658669287,79.91523325758189,0,0,unknown,False,,DEMO_SYNTHETIC
77,21.685502948195023,79.91516564729378,0,0,unknown,False,,DEMO_SYNTHETIC
78,21.69453622769003,79.91509800176212,0,0,unknown,False,,DEMO_SYNTHETIC
79,21.703569497150912,79.91503032097701,0,0,unknown,False,,DEMO_SYNTHETIC
80,21.712602756574316,79.91496260492855,0,0,unknown,False,,DEMO_SYNTHETIC
81,21.721636005956828,79.91489485360684,0,0,unknown,False,,DEMO_SYNTHETIC
82,21.730669245295093,79.91482706700195,0,0,unknown,False,,DEMO_SYNTHETIC
83,21.739702474585723,79.91475924510397,0,0,unknown,False,,DEMO_SYNTHETIC
84,21.748735693825335,79.91469138790295,0,0,unknown,False,,DEMO_SYNTHETIC
85,21.75776890301056,79.91462349538898,0,0,unknown,False,,DEMO_SYNTHETIC
86,21.766802102138016,79.9145555675521,0,0,unknown,False,,DEMO_SYNTHETIC
87,21.77583529120433,79.91448760438236,0,0,unknown,False,,DEMO_SYNTHETIC
88,21.784868470206117,79.91441960586981,0,0,unknown,False,,DEMO_SYNTHETIC
89,21.793901639140024,79.91435157200449,0,0,unknown,False,,DEMO_SYNTHETIC
90,21.80293479800266,79.91428350277643,0,0,unknown,False,,DEMO_SYNTHETIC
91,21.811967946790663,79.91421539817564,0,0,unknown,False,,DEMO_SYNTHETIC
92,21.82100108550066,79.91414725819214,0,0,unknown,False,,DEMO_SYNTHETIC
93,21.83003421412928,79.91407908281599,0,0,unknown,False,,DEMO_SYNTHETIC
94,21.839067332673146,79.91401087203711,0,0,unknown,False,,DEMO_SYNTHETIC
95,21.84810044112891,79.91394262584556,0,0,unknown,False,,DEMO_SYNTHETIC
96,21.857133539493187,79.9138743442313,0,0,unknown,False,,DEMO_SYNTHETIC
97,21.866166627762627,79.91380602718434,0,0,unknown,False,,DEMO_SYNTHETIC
98,21.87519970593385,79.91373767469463,0,0,unknown,False,,DEMO_SYNTHETIC
99,21.884232774003497,79.91366928675215,0,0,unknown,False,,DEMO_SYNTHETIC
100,21.893265831968204,79.91360086334687,0,0,unknown,False,,DEMO_SYNTHETIC
101,21.90229887982461,79.91353240446875,0,0,unknown,False,,DEMO_SYNTHETIC
102,21.911331917569363,79.91346391010772,0,0,unknown,False,,DEMO_SYNTHETIC
103,21.920364945199083,79.91339538025376,0,0,unknown,False,,DEMO_SYNTHETIC
104,21.929397962710425,79.91332681489678,0,0,unknown,False,,DEMO_SYNTHETIC
105,21.938430970100036,79.91325821402671,0,0,unknown,False,,DEMO_SYNTHETIC
106,21.947463967364545,79.91318957763349,0,0,unknown,False,,DEMO_SYNTHETIC
107,21.95649695450059,79.91312090570702,0,0,unknown,False,,DEMO_SYNTHETIC
108,21.965529931504832,79.91305219823721,0,0,unknown,False,,DEMO_SYNTHETIC
109,21.974562898373915,79.91298345521399,0,0,unknown,False,,DEMO_SYNTHETIC
110,21.983595855104475,79.91291467662724,0,0,unknown,False,,DEMO_SYNTHETIC
111,21.99262880169317,79.91284586246685,0,0,unknown,False,,DEMO_SYNTHETIC
112,22.00166173813664,79.9127770127227,0,0,unknown,False,,DEMO_SYNTHETIC
113,22.010694664431536,79.91270812738466,0,0,unknown,False,,DEMO_SYNTHETIC
114,22.01972758057451,79.91263920644262,0,0,unknown,False,,DEMO_SYNTHETIC
115,22.028760486562216,79.91257024988643,0,0,unknown,False,,DEMO_SYNTHETIC
116,22.037793382391303,79.91250125770596,0,0,unknown,False,,DEMO_SYNTHETIC
117,22.046826268058428,79.91243222989104,0,0,unknown,False,,DEMO_SYNTHETIC
118,22.055859143560237,79.91236316643153,0,0,unknown,False,,DEMO_SYNTHETIC
119,22.064892008893384,79.91229406731726,0,0,unknown,False,,DEMO_SYNTHETIC
120,21.53199810156819,79.92596511703088,0,0,unknown,False,,DEMO_SYNTHETIC
121,21.541031579870022,79.92589866636386,0,0,unknown,False,,DEMO_SYNTHETIC
122,21.550065048198828,79.92583218092312,0,0,unknown,False,,DEMO_SYNTHETIC
123,21.559098506551205,79.92576566069897,0,0,unknown,False,,DEMO_SYNTHETIC
124,21.568131954923768,79.92569910568172,0,0,unknown,False,,DEMO_SYNTHETIC
125,21.577165393313116,79.92563251586161,0,0,unknown,False,,DEMO_SYNTHETIC
126,21.58619882171585,79.92556589122896,0,0,unknown,False,,DEMO_SYNTHETIC
127,21.595232240128592,79.925499231774,0,0,unknown,False,,DEMO_SYNTHETIC
128,21.60426564854794,79.92543253748701,0,0,unknown,False,,DEMO_SYNTHETIC
129,21.613299046970514,79.92536580835825,0,0,unknown,False,,DEMO_SYNTHETIC
130,21.622332435392916,79.92529904437797,0,0,unknown,False,,DEMO_SYNTHETIC
131,21.631365813811758,79.9252322455364,0,0,unknown,False,,DEMO_SYNTHETIC
132,21.64039918222365,79.92516541182381,0,0,unknown,False,,DEMO_SYNTHETIC
133,21.64943254062521,79.92509854323039,0,0,unknown,False,,DEMO_SYNTHETIC
134,21.65846588901305,79.9250316397464,0,0,unknown,False,,DEMO_SYNTHETIC
135,21.667499227383786,79.92496470136203,0,0,unknown,False,,DEMO_SYNTHETIC
136,21.67653255573404,79.9248977280675,0,0,unknown,False,,DEMO_SYNTHETIC
137,21.68556587406042,79.92483071985302,0,1,barren,False,0.0,DEMO_SYNTHETIC
138,21.69459918235954,79.92476367670879,0,0,unknown,False,,DEMO_SYNTHETIC
139,21.70363248062803,79.92469659862499,0,0,unknown,False,,DEMO_SYNTHETIC
140,21.712665768862504,79.92462948559181,1,0,mineralized,False,1.0,DEMO_SYNTHETIC
141,21.72169904705959,79.92456233759943,0,0,unknown,False,,DEMO_SYNTHETIC
142,21.7307323152159,79.92449515463802,0,0,unknown,False,,DEMO_SYNTHETIC
143,21.73976557332807,79.92442793669775,0,0,unknown,False,,DEMO_SYNTHETIC
144,21.748798821392707,79.92436068376878,0,0,unknown,False,,DEMO_SYNTHETIC
145,21.757832059406443,79.92429339584126,0,0,unknown,False,,DEMO_SYNTHETIC
146,21.76686528736591,79.92422607290531,0,0,unknown,False,,DEMO_SYNTHETIC
147,21.775898505267726,79.9241587149511,0,0,unknown,False,,DEMO_SYNTHETIC
148,21.784931713108517,79.92409132196877,0,0,unknown,False,,DEMO_SYNTHETIC
149,21.79396491088492,79.92402389394843,1,0,mineralized,False,1.0,DEMO_SYNTHETIC
150,21.802998098593562,79.92395643088018,0,0,unknown,False,,DEMO_SYNTHETIC
151,21.81203127623107,79.92388893275417,0,0,unknown,False,,DEMO_SYNTHETIC
152,21.821064443794075,79.92382139956048,0,0,unknown,False,,DEMO_SYNTHETIC
153,21.830097601279217,79.92375383128922,0,0,unknown,False,,DEMO_SYNTHETIC
154,21.83913074868311,79.92368622793047,0,0,unknown,False,,DEMO_SYNTHETIC
155,21.848163886002418,79.92361858947434,0,0,unknown,False,,DEMO_SYNTHETIC
156,21.857197013233755,79.92355091591091,0,0,unknown,False,,DEMO_SYNTHETIC
157,21.866230130373754,79.9234832072302,0,0,unknown,False,,DEMO_SYNTHETIC
158,21.875263237419063,79.92341546342236,0,0,unknown,False,,DEMO_SYNTHETIC
159,21.88429633436632,79.92334768447738,0,0,unknown,False,,DEMO_SYNTHETIC
160,21.89332942121216,79.92327987038536,0,0,unknown,False,,DEMO_SYNTHETIC
161,21.902362497953217,79.92321202113631,0,0,unknown,False,,DEMO_SYNTHETIC
162,21.911395564586144,79.9231441367203,0,0,unknown,False,,DEMO_SYNTHETIC
163,21.92042862110758,79.92307621712733,0,0,unknown,False,,DEMO_SYNTHETIC
164,21.929461667514158,79.92300826234747,0,0,unknown,False,,DEMO_SYNTHETIC
165,21.938494703802533,79.92294027237071,0,0,unknown,False,,DEMO_SYNTHETIC
166,21.947527729969345,79.92287224718707,0,0,unknown,False,,DEMO_SYNTHETIC
167,21.95656074601123,79.92280418678655,0,0,unknown,False,,DEMO_SYNTHETIC
168,21.96559375192486,79.92273609115917,0,0,unknown,False,,DEMO_SYNTHETIC
169,21.97462674770686,79.92266796029492,0,0,unknown,False,,DEMO_SYNTHETIC
170,21.98365973335388,79.92259979418377,0,0,unknown,False,,DEMO_SYNTHETIC
171,21.992692708862588,79.9225315928157,0,0,unknown,False,,DEMO_SYNTHETIC
172,22.001725674229608,79.9224633561807,0,0,unknown,False,,DEMO_SYNTHETIC
173,22.01075862945161,79.92239508426873,0,0,unknown,False,,DEMO_SYNTHETIC
174,22.01979157452524,79.92232677706976,0,0,unknown,False,,DEMO_SYNTHETIC
175,22.028824509447155,79.92225843457372,0,0,unknown,False,,DEMO_SYNTHETIC
176,22.037857434214,79.92219005677057,0,0,unknown,False,,DEMO_SYNTHETIC
177,22.04689034882244,79.92212164365026,0,0,unknown,False,,DEMO_SYNTHETIC
178,22.05592325326913,79.92205319520271,0,0,unknown,False,,DEMO_SYNTHETIC
179,22.064956147550717,79.92198471141785,0,0,unknown,False,,DEMO_SYNTHETIC
180,21.532059979772203,79.93562003170653,0,0,unknown,False,,DEMO_SYNTHETIC
181,21.541093486562215,79.93555417811409,0,0,unknown,False,,DEMO_SYNTHETIC
182,21.550126983382608,79.93548829006032,0,0,unknown,False,,DEMO_SYNTHETIC
183,21.559160470229997,79.93542236753564,0,0,unknown,False,,DEMO_SYNTHETIC
184,21.568193947100987,79.93535641053042,0,0,unknown,False,,DEMO_SYNTHETIC
185,21.577227413992176,79.935290419035,0,0,unknown,False,,DEMO_SYNTHETIC
186,21.586260870900187,79.93522439303977,0,0,unknown,False,,DEMO_SYNTHETIC
187,21.595294317821622,79.93515833253508,0,0,unknown,False,,DEMO_SYNTHETIC
188,21.604327754753083,79.9350922375113,0,0,unknown,False,,DEMO_SYNTHETIC
189,21.613361181691197,79.93502610795875,0,0,unknown,False,,DEMO_SYNTHETIC
190,21.622394598632567,79.93495994386777,0,0,unknown,False,,DEMO_SYNTHETIC
191,21.631428005573813,79.9348937452287,0,1,barren,False,0.0,DEMO_SYNTHETIC
192,21.640461402511548,79.93482751203186,0,0,unknown,False,,DEMO_SYNTHETIC
193,21.649494789442382,79.93476124426756,0,0,unknown,False,,DEMO_SYNTHETIC
194,21.658528166362935,79.93469494192613,0,0,unknown,False,,DEMO_SYNTHETIC
195,21.66756153326982,79.93462860499787,0,0,unknown,False,,DEMO_SYNTHETIC
196,21.67659489015966,79.93456223347307,0,0,unknown,False,,DEMO_SYNTHETIC
197,21.685628237029075,79.93449582734203,0,0,unknown,False,,DEMO_SYNTHETIC
198,21.694661573874683,79.93442938659503,0,0,unknown,False,,DEMO_SYNTHETIC
199,21.7036949006931,79.93436291122237,0,0,unknown,False,,DEMO_SYNTHETIC
200,21.71272821748096,79.93429640121428,0,0,unknown,False,,DEMO_SYNTHETIC
201,21.721761524234868,79.93422985656106,0,0,unknown,False,,DEMO_SYNTHETIC
202,21.730794820951463,79.93416327725298,0,0,unknown,False,,DEMO_SYNTHETIC
203,21.739828107627375,79.93409666328026,0,0,unknown,False,,DEMO_SYNTHETIC
204,21.748861384259207,79.93403001463315,0,0,unknown,False,,DEMO_SYNTHETIC
205,21.757894650843607,79.93396333130192,0,0,unknown,False,,DEMO_SYNTHETIC
206,21.766927907377188,79.9338966132768,0,0,unknown,False,,DEMO_SYNTHETIC
207,21.775961153856592,79.933829860548,0,0,unknown,False,,DEMO_SYNTHETIC
208,21.784994390278428,79.93376307310574,0,0,unknown,False,,DEMO_SYNTHETIC
209,21.794027616639358,79.93369625094024,0,0,unknown,False,,DEMO_SYNTHETIC
210,21.803060832935984,79.93362939404172,0,0,unknown,False,,DEMO_SYNTHETIC
211,21.812094039164947,79.93356250240036,0,0,unknown,False,,DEMO_SYNTHETIC
212,21.821127235322894,79.93349557600637,0,0,unknown,False,,DEMO_SYNTHETIC
213,21.830160421406436,79.93342861484993,0,0,unknown,False,,DEMO_SYNTHETIC
214,21.83919359741223,79.93336161892123,0,0,unknown,False,,DEMO_SYNTHETIC
215,21.848226763336903,79.93329458821044,0,0,unknown,False,,DEMO_SYNTHETIC
216,21.857259919177086,79.93322752270772,0,0,unknown,False,,DEMO_SYNTHETIC
217,21.86629306492942,79.93316042240326,0,0,unknown,False,,DEMO_SYNTHETIC
218,21.87532620059056,79.93309328728719,0,0,unknown,False,,DEMO_SYNTHETIC
219,21.884359326157124,79.93302611734968,0,1,barren,False,0.0,DEMO_SYNTHETIC
220,21.89339244162576,79.93295891258084,0,0,unknown,False,,DEMO_SYNTHETIC
221,21.902425546993115,79.93289167297085,0,0,unknown,False,,DEMO_SYNTHETIC
222,21.911458642255827,79.9328243985098,0,0,unknown,False,,DEMO_SYNTHETIC
223,21.92049172741055,79.93275708918783,0,0,unknown,False,,DEMO_SYNTHETIC
224,21.929524802453912,79.93268974499505,0,0,unknown,False,,DEMO_SYNTHETIC
225,21.938557867382574,79.93262236592159,0,0,unknown,False,,DEMO_SYNTHETIC
226,21.947590922193168,79.93255495195753,0,0,unknown,False,,DEMO_SYNTHETIC
227,21.95662396688235,79.93248750309297,0,0,unknown,False,,DEMO_SYNTHETIC
228,21.96565700144678,79.932420019318,0,0,unknown,False,,DEMO_SYNTHETIC
229,21.974690025883085,79.93235250062271,0,0,unknown,False,,DEMO_SYNTHETIC
230,21.98372304018792,79.9322849469972,0,0,unknown,False,,DEMO_SYNTHETIC
231,21.992756044357957,79.93221735843149,0,0,unknown,False,,DEMO_SYNTHETIC
232,22.00178903838983,79.93214973491567,0,0,unknown,False,,DEMO_SYNTHETIC
233,22.010822022280195,79.9320820764398,0,0,unknown,False,,DEMO_SYNTHETIC
234,22.01985499602571,79.93201438299394,0,0,unknown,False,,DEMO_SYNTHETIC
235,22.028887959623027,79.93194665456811,0,0,unknown,False,,DEMO_SYNTHETIC
236,22.037920913068803,79.93187889115235,0,0,unknown,False,,DEMO_SYNTHETIC
237,22.046953856359693,79.93181109273671,0,0,unknown,False,,DEMO_SYNTHETIC
238,22.055986789492362,79.93174325931118,0,0,unknown,False,,DEMO_SYNTHETIC
239,22.065019712463467,79.93167539086582,0,0,unknown,False,,DEMO_SYNTHETIC
240,21.532121299446324,79.9452749808339,0,0,unknown,False,,DEMO_SYNTHETIC
241,21.5411548344674,79.94520972432562,0,0,unknown,False,,DEMO_SYNTHETIC
242,21.550188359522238,79.94514443366845,0,0,unknown,False,,DEMO_SYNTHETIC
243,21.559221874607452,79.94507910885285,0,0,unknown,False,,DEMO_SYNTHETIC
244,21.56825537971966,79.94501374986928,0,0,unknown,False,,DEMO_SYNTHETIC
245,21.57728887485545,79.9449483567082,0,0,unknown,False,,DEMO_SYNTHETIC
246,21.58632236001145,79.94488292936006,0,1,barren,False,0.0,DEMO_SYNTHETIC
247,21.59535583518427,79.9448174678153,0,0,unknown,False,,DEMO_SYNTHETIC
248,21.604389300370517,79.94475197206437,0,0,unknown,False,,DEMO_SYNTHETIC
249,21.61342275556681,79.94468644209768,0,0,unknown,False,,DEMO_SYNTHETIC
250,21.622456200769758,79.94462087790568,0,0,unknown,False,,DEMO_SYNTHETIC
251,21.631489635975978,79.94455527947876,0,0,unknown,False,,DEMO_SYNTHETIC
252,21.64052306118209,79.94448964680736,0,0,unknown,False,,DEMO_SYNTHETIC
253,21.649556476384706,79.94442397988188,0,0,unknown,False,,DEMO_SYNTHETIC
254,21.658589881580454,79.9443582786927,0,0,unknown,False,,DEMO_SYNTHETIC
255,21.667623276765934,79.94429254323025,0,1,barren,False,0.0,DEMO_SYNTHETIC
256,21.676656661937788,79.94422677348487,0,0,unknown,False,,DEMO_SYNTHETIC
257,21.685690037092623,79.94416096944698,0,0,unknown,False,,DEMO_SYNTHETIC
258,21.694723402227066,79.94409513110695,0,0,unknown,False,,DEMO_SYNTHETIC
259,21.703756757337736,79.94402925845512,0,0,unknown,False,,DEMO_SYNTHETIC
260,21.71279010242127,79.94396335148187,0,0,unknown,False,,DEMO_SYNTHETIC
261,21.72182343747427,79.94389741017757,0,0,unknown,False,,DEMO_SYNTHETIC
262,21.73085676249338,79.94383143453253,0,0,unknown,False,,DEMO_SYNTHETIC
263,21.739890077475234,79.94376542453712,0,0,unknown,False,,DEMO_SYNTHETIC
264,21.748923382416432,79.94369938018167,0,0,unknown,False,,DEMO_SYNTHETIC
265,21.757956677313626,79.94363330145652,0,0,unknown,False,,DEMO_SYNTHETIC
266,21.766989962163436,79.94356718835196,0,0,unknown,False,,DEMO_SYNTHETIC
267,21.776023236962498,79.94350104085834,0,0,unknown,False,,DEMO_SYNTHETIC
268,21.78505650170743,79.94343485896594,0,0,unknown,False,,DEMO_SYNTHETIC
269,21.794089756394886,79.94336864266509,0,0,unknown,False,,DEMO_SYNTHETIC
270,21.80312300102148,79.94330239194606,0,0,unknown,False,,DEMO_SYNTHETIC
271,21.812156235583856,79.94323610679918,0,0,unknown,False,,DEMO_SYNTHETIC
272,21.821189460078653,79.9431697872147,0,0,unknown,False,,DEMO_SYNTHETIC
273,21.8302226745025,79.9431034331829,0,0,unknown,False,,DEMO_SYNTHETIC
274,21.83925587885203,79.94303704469407,0,0,unknown,False,,DEMO_SYNTHETIC
275,21.848289073123894,79.94297062173845,0,0,unknown,False,,DEMO_SYNTHETIC
276,21.857322257314728,79.94290416430631,0,0,unknown,False,,DEMO_SYNTHETIC
277,21.86635543142116,79.94283767238792,0,0,unknown,False,,DEMO_SYNTHETIC
278,21.875388595439848,79.9427711459735,0,0,unknown,False,,DEMO_SYNTHETIC
279,21.884421749367423,79.94270458505328,0,1,barren,False,0.0,DEMO_SYNTHETIC
280,21.89345489320053,79.94263798961751,0,0,unknown,False,,DEMO_SYNTHETIC
281,21.90248802693581,79.94257135965643,0,0,unknown,False,,DEMO_SYNTHETIC
282,21.911521150569918,79.94250469516021,0,0,unknown,False,,DEMO_SYNTHETIC
283,21.920554264099493,79.94243799611912,0,0,unknown,False,,DEMO_SYNTHETIC
284,21.929587367521183,79.94237126252332,0,0,unknown,False,,DEMO_SYNTHETIC
285,21.938620460831633,79.94230449436306,0,0,unknown,False,,DEMO_SYNTHETIC
286,21.9476535440275,79.94223769162848,0,0,unknown,False,,DEMO_SYNTHETIC
287,21.956686617105422,79.94217085430978,0,0,unknown,False,,DEMO_SYNTHETIC
288,21.965719680062058,79.94210398239716,0,0,unknown,False,,DEMO_SYNTHETIC
289,21.974752732894054,79.94203707588078,0,0,unknown,False,,DEMO_SYNTHETIC
290,21.983785775598072,79.94197013475079,0,0,unknown,False,,DEMO_SYNTHETIC
291,21.992818808170757,79.94190315899739,0,0,unknown,False,,DEMO_SYNTHETIC
292,22.001851830608764,79.9418361486107,0,0,unknown,False,,DEMO_SYNTHETIC
293,22.010884842908748,79.94176910358088,0,1,barren,False,0.0,DEMO_SYNTHETIC
294,22.019917845067372,79.94170202389807,0,0,unknown,False,,DEMO_SYNTHETIC
295,22.02895083708128,79.9416349095524,0,0,unknown,False,,DEMO_SYNTHETIC
296,22.037983818947154,79.94156776053403,0,0,unknown,False,,DEMO_SYNTHETIC
297,22.047016790661626,79.94150057683301,0,0,unknown,False,,DEMO_SYNTHETIC
298,22.056049752221373,79.94143335843951,0,0,unknown,False,,DEMO_SYNTHETIC
299,22.065082703623055,79.94136610534363,0,0,unknown,False,,DEMO_SYNTHETIC
300,21.53218206058232,79.95492996410061,0,0,unknown,False,,DEMO_SYNTHETIC
301,21.54121562357733,79.95486530468605,0,0,unknown,False,,DEMO_SYNTHETIC
302,21.550249176609455,79.954800611435,0,0,unknown,False,,DEMO_SYNTHETIC
303,21.559282719675316,79.95473588433802,0,0,unknown,False,,DEMO_SYNTHETIC
304,21.56831625277152,79.95467112338567,0,0,unknown,False,,DEMO_SYNTHETIC
305,21.577349775894668,79.95460632856846,0,1,barren,False,0.0,DEMO_SYNTHETIC
306,21.58638328904139,79.95454149987695,0,0,unknown,False,,DEMO_SYNTHETIC
307,21.595416792208283,79.95447663730168,0,0,unknown,False,,DEMO_SYNTHETIC
308,21.604450285391977,79.95441174083317,0,0,unknown,False,,DEMO_SYNTHETIC
309,21.61348376858907,79.95434681046191,0,0,unknown,False,,DEMO_SYNTHETIC
310,21.622517241796196,79.95428184617846,0,0,unknown,False,,DEMO_SYNTHETIC
311,21.631550705009964,79.95421684797331,0,0,unknown,False,,DEMO_SYNTHETIC
312,21.640584158226986,79.95415181583695,0,0,unknown,False,,DEMO_SYNTHETIC
313,21.649617601443897,79.95408674975987,0,0,unknown,False,,DEMO_SYNTHETIC
314,21.658651034657307,79.95402164973258,0,0,unknown,False,,DEMO_SYNTHETIC
315,21.66768445786383,79.95395651574552,0,0,unknown,False,,DEMO_SYNTHETIC
316,21.676717871060106,79.95389134778921,0,0,unknown,False,,DEMO_SYNTHETIC
317,21.685751274242747,79.9538261458541,0,0,unknown,False,,DEMO_SYNTHETIC
318,21.69478466740838,79.95376090993065,0,0,unknown,False,,DEMO_SYNTHETIC
319,21.703818050553625,79.95369564000931,0,0,unknown,False,,DEMO_SYNTHETIC
320,21.71285142367512,79.95363033608054,0,0,unknown,False,,DEMO_SYNTHETIC
321,21.721884786769472,79.95356499813478,0,0,unknown,False,,DEMO_SYNTHETIC
322,21.730918139833324,79.95349962616247,0,0,unknown,False,,DEMO_SYNTHETIC
323,21.739951482863304,79.95343422015404,0,0,unknown,False,,DEMO_SYNTHETIC
324,21.74898481585604,79.9533687800999,0,0,unknown,False,,DEMO_SYNTHETIC
325,21.758018138808158,79.95330330599049,0,0,unknown,False,,DEMO_SYNTHETIC
326,21.7670514517163,79.95323779781619,0,0,unknown,False,,DEMO_SYNTHETIC
327,21.776084754577088,79.95317225556744,0,0,unknown,False,,DEMO_SYNTHETIC
328,21.785118047387154,79.95310667923461,0,0,unknown,False,,DEMO_SYNTHETIC
329,21.794151330143148,79.95304106880809,0,0,unknown,False,,DEMO_SYNTHETIC
330,21.80318460284169,79.9529754242783,0,0,unknown,False,,DEMO_SYNTHETIC
331,21.81221786547942,79.95290974563561,0,0,unknown,False,,DEMO_SYNTHETIC
332,21.821251118052984,79.95284403287035,1,0,mineralized,False,1.0,DEMO_SYNTHETIC
333,21.83028436055901,79.95277828597293,0,0,unknown,False,,DEMO_SYNTHETIC
334,21.839317592994135,79.95271250493369,0,0,unknown,False,,DEMO_SYNTHETIC
335,21.848350815355015,79.95264668974299,0,0,unknown,False,,DEMO_SYNTHETIC
336,21.857384027638275,79.95258084039118,0,0,unknown,False,,DEMO_SYNTHETIC
337,21.86641722984057,79.9525149568686,0,0,unknown,False,,DEMO_SYNTHETIC
338,21.87545042195853,79.95244903916557,0,0,unknown,False,,DEMO_SYNTHETIC
339,21.884483603988812,79.95238308727244,0,0,unknown,False,,DEMO_SYNTHETIC
340,21.89351677592805,79.95231710117952,0,0,unknown,False,,DEMO_SYNTHETIC
341,21.902549937772893,79.95225108087712,0,0,unknown,False,,DEMO_SYNTHETIC
342,21.91158308951999,79.95218502635554,0,0,unknown,False,,DEMO_SYNTHETIC
343,21.92061623116599,79.9521189376051,0,0,unknown,False,,DEMO_SYNTHETIC
344,21.92964936270754,79.95205281461611,0,0,unknown,False,,DEMO_SYNTHETIC
345,21.938682484141292,79.95198665737881,0,0,unknown,False,,DEMO_SYNTHETIC
346,21.9477155954639,79.95192046588353,0,0,unknown,False,,DEMO_SYNTHETIC
347,21.956748696671998,79.95185424012053,0,0,unknown,False,,DEMO_SYNTHETIC
348,21.96578178776226,79.95178798008007,0,0,unknown,False,,DEMO_SYNTHETIC
349,21.97481486873133,79.9517216857524,0,1,barren,False,0.0,DEMO_SYNTHETIC
350,21.983847939575853,79.95165535712783,0,0,unknown,False,,DEMO_SYNTHETIC
351,21.992881000292513,79.95158899419657,0,0,unknown,False,,DEMO_SYNTHETIC
352,22.001914050877936,79.95152259694886,0,0,unknown,False,,DEMO_SYNTHETIC
353,22.0109470913288,79.95145616537496,0,0,unknown,False,,DEMO_SYNTHETIC
354,22.019980121641748,79.95138969946508,0,0,unknown,False,,DEMO_SYNTHETIC
355,22.029013141813447,79.95132319920945,0,0,unknown,False,,DEMO_SYNTHETIC
356,22.03804615184056,79.95125666459829,0,0,unknown,False,,DEMO_SYNTHETIC
357,22.04707915171975,79.95119009562183,0,0,unknown,False,,DEMO_SYNTHETIC
358,22.05611214144767,79.95112349227024,0,0,unknown,False,,DEMO_SYNTHETIC
359,22.065145121020983,79.95105685453373,0,1,barren,False,0.0,DEMO_SYNTHETIC
360,21.532242263172026,79.96458498119439,0,0,unknown,False,,DEMO_SYNTHETIC
361,21.541275853883846,79.96452091888298,0,1,barren,False,0.0,DEMO_SYNTHETIC
362,21.550309434636105,79.9644568230475,0,0,unknown,False,,DEMO_SYNTHETIC
363,21.55934300542542,79.96439269367858,0,0,unknown,False,,DEMO_SYNTHETIC
364,21.568376566248407,79.96432853076688,0,0,unknown,False,,DEMO_SYNTHETIC
365,21.577410117101664,79.96426433430302,0,0,unknown,False,,DEMO_SYNTHETIC
366,21.586443657981818,79.96420010427762,0,0,unknown,False,,DEMO_SYNTHETIC
367,21.59547718888547,79.96413584068131,0,0,unknown,False,,DEMO_SYNTHETIC
368,21.604510709809258,79.96407154350469,0,0,unknown,False,,DEMO_SYNTHETIC
369,21.613544220749795,79.96400721273838,0,0,unknown,False,,DEMO_SYNTHETIC
370,21.62257772170369,79.96394284837298,0,0,unknown,False,,DEMO_SYNTHETIC
371,21.631611212667565,79.96387845039906,0,0,unknown,False,,DEMO_SYNTHETIC
372,21.64064469363804,79.96381401880726,0,0,unknown,False,,DEMO_SYNTHETIC
373,21.649678164611736,79.96374955358809,0,0,unknown,False,,DEMO_SYNTHETIC
374,21.65871162558528,79.96368505473217,0,0,unknown,False,,DEMO_SYNTHETIC
375,21.66774507655529,79.96362052223007,0,0,unknown,False,,DEMO_SYNTHETIC
376,21.676778517518393,79.96355595607234,0,0,unknown,False,,DEMO_SYNTHETIC
377,21.685811948471223,79.96349135624953,0,0,unknown,False,,DEMO_SYNTHETIC
378,21.694845369410384,79.96342672275223,0,0,unknown,False,,DEMO_SYNTHETIC
379,21.70387878033252,79.96336205557093,0,0,unknown,False,,DEMO_SYNTHETIC
380,21.71291218123426,79.96329735469621,0,0,unknown,False,,DEMO_SYNTHETIC
381,21.72194557211221,79.96323262011856,0,0,unknown,False,,DEMO_SYNTHETIC
382,21.730978952963028,79.96316785182854,0,0,unknown,False,,DEMO_SYNTHETIC
383,21.74001232378334,79.96310304981665,0,0,unknown,False,,DEMO_SYNTHETIC
384,21.74904568456976,79.9630382140734,0,0,unknown,False,,DEMO_SYNTHETIC
385,21.758079035318943,79.96297334458933,0,0,unknown,False,,DEMO_SYNTHETIC
386,21.7671123760275,79.9629084413549,0,0,unknown,False,,DEMO_SYNTHETIC
387,21.776145706692088,79.9628435043606,0,0,unknown,False,,DEMO_SYNTHETIC
388,21.78517902730932,79.96277853359695,0,0,unknown,False,,DEMO_SYNTHETIC
389,21.794212337875855,79.96271352905441,0,0,unknown,False,,DEMO_SYNTHETIC
390,21.803245638388322,79.96264849072345,0,0,unknown,False,,DEMO_SYNTHETIC
391,21.812278928843348,79.96258341859456,0,0,unknown,False,,DEMO_SYNTHETIC
392,21.821312209237583,79.96251831265818,0,0,unknown,False,,DEMO_SYNTHETIC
393,21.83034547956767,79.96245317290476,0,0,unknown,False,,DEMO_SYNTHETIC
394,21.839378739830238,79.96238799932478,0,0,unknown,False,,DEMO_SYNTHETIC
395,21.848411990021948,79.96232279190863,0,0,unknown,False,,DEMO_SYNTHETIC
396,21.857445230139426,79.96225755064681,0,0,unknown,False,,DEMO_SYNTHETIC
397,21.86647846017932,79.96219227552972,0,0,unknown,False,,DEMO_SYNTHETIC
398,21.87551168013829,79.96212696654777,0,1,barren,False,0.0,DEMO_SYNTHETIC
399,21.884544890012958,79.96206162369138,0,1,barren,False,0.0,DEMO_SYNTHETIC
400,21.893578089799988,79.96199624695097,0,0,unknown,False,,DEMO_SYNTHETIC
401,21.902611279496014,79.96193083631697,0,0,unknown,False,,DEMO_SYNTHETIC
402,21.911644459097708,79.96186539177971,0,0,unknown,False,,DEMO_SYNTHETIC
403,21.920677628601695,79.96179991332966,0,0,unknown,False,,DEMO_SYNTHETIC
404,21.92971078800464,79.96173440095714,0,0,unknown,False,,DEMO_SYNTHETIC
405,21.938743937303194,79.96166885465259,0,0,unknown,False,,DEMO_SYNTHETIC
406,21.947777076494003,79.96160327440631,0,0,unknown,False,,DEMO_SYNTHETIC
407,21.95681020557372,79.96153766020872,0,0,unknown,False,,DEMO_SYNTHETIC
408,21.965843324539016,79.96147201205017,0,0,unknown,False,,DEMO_SYNTHETIC
409,21.97487643338653,79.96140632992099,0,0,unknown,False,,DEMO_SYNTHETIC
410,21.983909532112918,79.96134061381156,0,0,unknown,False,,DEMO_SYNTHETIC
411,21.99294262071485,79.96127486371218,0,0,unknown,False,,DEMO_SYNTHETIC
412,22.001975699188975,79.96120907961323,0,0,unknown,False,,DEMO_SYNTHETIC
413,22.011008767531955,79.96114326150499,0,0,unknown,False,,DEMO_SYNTHETIC
414,22.020041825740442,79.96107740937782,0,0,unknown,False,,DEMO_SYNTHETIC
415,22.02907487381112,79.96101152322203,0,0,unknown,False,,DEMO_SYNTHETIC
416,22.038107911740628,79.9609456030279,0,0,unknown,False,,DEMO_SYNTHETIC
417,22.047140939525647,79.96087964878575,0,0,unknown,False,,DEMO_SYNTHETIC
418,22.056173957162827,79.96081366048587,0,0,unknown,False,,DEMO_SYNTHETIC
419,22.065206964648837,79.96074763811856,0,0,unknown,False,,DEMO_SYNTHETIC
420,21.532301907207366,79.97424003180288,0,0,unknown,False,,DEMO_SYNTHETIC
421,21.541335525378862,79.97417656660397,0,0,unknown,False,,DEMO_SYNTHETIC
422,21.550369133594092,79.97411306819342,0,0,unknown,False,,DEMO_SYNTHETIC
423,21.55940273184967,79.97404953656194,0,0,unknown,False,,DEMO_SYNTHETIC
424,21.568436320142204,79.97398597170026,0,0,unknown,False,,DEMO_SYNTHETIC
425,21.577469898468312,79.97392237359911,0,0,unknown,False,,DEMO_SYNTHETIC
426,21.586503466824613,79.9738587422492,0,0,unknown,False,,DEMO_SYNTHETIC
427,21.59553702520773,79.97379507764124,0,1,barren,False,0.0,DEMO_SYNTHETIC
428,21.604570573614264,79.97373137976592,0,0,unknown,False,,DEMO_SYNTHETIC
429,21.61360411204085,79.97366764861394,0,0,unknown,False,,DEMO_SYNTHETIC
430,21.622637640484104,79.97360388417599,0,0,unknown,False,,DEMO_SYNTHETIC
431,21.631671158940648,79.97354008644274,0,0,unknown,False,,DEMO_SYNTHETIC
432,21.640704667407096,79.97347625540486,0,0,unknown,False,,DEMO_SYNTHETIC
433,21.649738165880088,79.97341239105306,0,0,unknown,False,,DEMO_SYNTHETIC
434,21.658771654356233,79.97334849337797,0,0,unknown,False,,DEMO_SYNTHETIC
435,21.66780513283216,79.97328456237024,0,0,unknown,False,,DEMO_SYNTHETIC
436,21.676838601304503,79.97322059802055,0,0,unknown,False,,DEMO_SYNTHETIC
437,21.68587205976988,79.97315660031951,0,0,unknown,False,,DEMO_SYNTHETIC
438,21.694905508224924,79.97309256925779,0,0,unknown,False,,DEMO_SYNTHETIC
439,21.703938946666256,79.973028504826,0,0,unknown,False,,DEMO_SYNTHETIC
440,21.71297237509052,79.97296440701477,0,0,unknown,False,,DEMO_SYNTHETIC
441,21.72200579349433,79.97290027581472,0,0,unknown,False,,DEMO_SYNTHETIC
442,21.731039201874328,79.97283611121647,0,0,unknown,False,,DEMO_SYNTHETIC
443,21.740072600227144,79.97277191321062,0,0,unknown,False,,DEMO_SYNTHETIC
444,21.74910598854942,79.97270768178777,0,0,unknown,False,,DEMO_SYNTHETIC
445,21.758139366837774,79.97264341693851,0,0,unknown,False,,DEMO_SYNTHETIC
446,21.767172735088863,79.97257911865344,0,0,unknown,False,,DEMO_SYNTHETIC
447,21.776206093299297,79.97251478692314,0,0,unknown,False,,DEMO_SYNTHETIC
448,21.785239441465734,79.97245042173817,0,0,unknown,False,,DEMO_SYNTHETIC
449,21.79427277958481,79.97238602308911,0,0,unknown,False,,DEMO_SYNTHETIC
450,21.803306107653153,79.97232159096654,0,0,unknown,False,,DEMO_SYNTHETIC
451,21.81233942566741,79.972257125361,0,0,unknown,False,,DEMO_SYNTHETIC
452,21.821372733624234,79.97219262626301,1,0,mineralized,False,1.0,DEMO_SYNTHETIC
453,21.83040603152025,79.97212809366317,0,0,unknown,False,,DEMO_SYNTHETIC
454,21.839439319352106,79.97206352755198,0,0,unknown,False,,DEMO_SYNTHETIC
455,21.848472597116455,79.97199892791998,0,0,unknown,False,,DEMO_SYNTHETIC
456,21.85750586480993,79.97193429475772,0,0,unknown,False,,DEMO_SYNTHETIC
457,21.866539122429188,79.97186962805567,0,1,barren,False,0.0,DEMO_SYNTHETIC
458,21.87557236997086,79.97180492780438,0,0,unknown,False,,DEMO_SYNTHETIC
459,21.884605607431617,79.97174019399434,0,0,unknown,False,,DEMO_SYNTHETIC
460,21.893638834808087,79.97167542661606,0,0,unknown,False,,DEMO_SYNTHETIC
461,21.90267205209693,79.97161062566003,0,0,unknown,False,,DEMO_SYNTHETIC
462,21.9117052592948,79.97154579111674,0,0,unknown,False,,DEMO_SYNTHETIC
463,21.920738456398333,79.97148092297665,0,0,unknown,False,,DEMO_SYNTHETIC
464,21.929771643404198,79.97141602123025,0,0,unknown,False,,DEMO_SYNTHETIC
465,21.93880482030905,79.97135108586802,0,0,unknown,False,,DEMO_SYNTHETIC
466,21.94783798710953,79.97128611688042,0,0,unknown,False,,DEMO_SYNTHETIC
467,21.956871143802303,79.97122111425789,0,0,unknown,False,,DEMO_SYNTHETIC
468,21.965904290384028,79.97115607799087,0,0,unknown,False,,DEMO_SYNTHETIC
469,21.974937426851355,79.97109100806983,0,0,unknown,False,,DEMO_SYNTHETIC
470,21.983970553200944,79.97102590448519,0,0,unknown,False,,DEMO_SYNTHETIC
471,21.993003669429456,79.97096076722738,0,0,unknown,False,,DEMO_SYNTHETIC
472,22.002036775533554,79.97089559628684,0,0,unknown,False,,DEMO_SYNTHETIC
473,22.011069871509896,79.97083039165399,0,0,unknown,False,,DEMO_SYNTHETIC
474,22.02010295735515,79.97076515331919,0,0,unknown,False,,DEMO_SYNTHETIC
475,22.02913603306597,79.9706998812729,0,0,unknown,False,,DEMO_SYNTHETIC
476,22.038169098639028,79.9706345755055,0,0,unknown,False,,DEMO_SYNTHETIC
477,22.047202154070987,79.97056923600738,0,0,unknown,False,,DEMO_SYNTHETIC
478,22.05623519935851,79.97050386276894,0,0,unknown,False,,DEMO_SYNTHETIC
479,22.065268234498276,79.97043845578052,0,0,unknown,False,,DEMO_SYNTHETIC
480,21.53236099268033,79.98389511561376,0,0,unknown,False,,DEMO_SYNTHETIC
481,21.54139463805437,79.98383224753661,0,0,unknown,False,,DEMO_SYNTHETIC
482,21.550428273475408,79.98376934656025,0,0,unknown,False,,DEMO_SYNTHETIC
483,21.55946189894004,79.98370641267547,0,0,unknown,False,,DEMO_SYNTHETIC
484,21.5684955144449,79.98364344587311,0,0,unknown,False,,DEMO_SYNTHETIC
485,21.5775291199866,79.98358044614397,0,0,unknown,False,,DEMO_SYNTHETIC
486,21.58656271556176,79.98351741347884,0,0,unknown,False,,DEMO_SYNTHETIC
487,21.595596301167003,79.98345434786852,0,0,unknown,False,,DEMO_SYNTHETIC
488,21.60462987679893,79.98339124930379,0,0,unknown,False,,DEMO_SYNTHETIC
489,21.61366344245419,79.98332811777546,0,0,unknown,False,,DEMO_SYNTHETIC
490,21.62269699812939,79.98326495327427,0,0,unknown,False,,DEMO_SYNTHETIC
491,21.631730543821153,79.98320175579101,0,0,unknown,False,,DEMO_SYNTHETIC
492,21.64076407952611,79.98313852531645,0,0,unknown,False,,DEMO_SYNTHETIC
493,21.649797605240877,79.98307526184132,0,1,barren,False,0.0,DEMO_SYNTHETIC
494,21.65883112096209,79.98301196535638,0,0,unknown,False,,DEMO_SYNTHETIC
495,21.667864626686367,79.9829486358524,0,0,unknown,False,,DEMO_SYNTHETIC
496,21.676898122410346,79.98288527332006,0,0,unknown,False,,DEMO_SYNTHETIC
497,21.685931608130645,79.98282187775018,0,0,unknown,False,,DEMO_SYNTHETIC
498,21.6949650838439,79.9827584491334,0,0,unknown,False,,DEMO_SYNTHETIC
499,21.703998549546746,79.98269498746049,0,0,unknown,False,,DEMO_SYNTHETIC
500,21.713032005235807,79.98263149272215,0,0,unknown,False,,DEMO_SYNTHETIC
501,21.722065450907714,79.98256796490908,0,0,unknown,False,,DEMO_SYNTHETIC
502,21.731098886559103,79.98250440401199,0,0,unknown,False,,DEMO_SYNTHETIC
503,21.740132312186617,79.98244081002159,0,0,unknown,False,,DEMO_SYNTHETIC
504,21.74916572778689,79.98237718292853,0,0,unknown,False,,DEMO_SYNTHETIC
505,21.75819913335655,79.98231352272352,0,0,unknown,False,,DEMO_SYNTHETIC
506,21.767232528892237,79.98224982939722,0,0,unknown,False,,DEMO_SYNTHETIC
507,21.776265914390596,79.98218610294033,0,0,unknown,False,,DEMO_SYNTHETIC
508,21.785299289848247,79.98212234334349,0,0,unknown,False,,DEMO_SYNTHETIC
509,21.79433265526186,79.98205855059737,0,0,unknown,False,,DEMO_SYNTHETIC
510,21.803366010628057,79.9819947246926,0,0,unknown,False,,DEMO_SYNTHETIC
511,21.812399355943484,79.98193086561984,0,0,unknown,False,,DEMO_SYNTHETIC
512,21.82143269120479,79.98186697336973,0,0,unknown,False,,DEMO_SYNTHETIC
513,21.830466016408607,79.98180304793293,0,0,unknown,False,,DEMO_SYNTHETIC
514,21.839499331551586,79.9817390893,0,0,unknown,False,,DEMO_SYNTHETIC
515,21.84853263663038,79.98167509746162,0,0,unknown,False,,DEMO_SYNTHETIC
516,21.85756593164163,79.98161107240837,0,0,unknown,False,,DEMO_SYNTHETIC
517,21.86659921658198,79.98154701413088,0,0,unknown,False,,DEMO_SYNTHETIC
518,21.87563249144809,79.98148292261975,0,0,unknown,False,,DEMO_SYNTHETIC
519,21.8846657562366,79.98141879786556,0,0,unknown,False,,DEMO_SYNTHETIC
520,21.893699010944164,79.98135463985889,0,0,unknown,False,,DEMO_SYNTHETIC
521,21.90273225556743,79.98129044859037,0,1,barren,False,0.0,DEMO_SYNTHETIC
522,21.911765490103065,79.98122622405052,0,0,unknown,False,,DEMO_SYNTHETIC
523,21.920798714547708,79.98116196622995,0,0,unknown,False,,DEMO_SYNTHETIC
524,21.929831928898025,79.98109767511922,0,0,unknown,False,,DEMO_SYNTHETIC
525,21.938865133150657,79.98103335070886,0,0,unknown,False,,DEMO_SYNTHETIC
526,21.947898327302273,79.98096899298945,0,0,unknown,False,,DEMO_SYNTHETIC
527,21.956931511349524,79.98090460195152,0,0,unknown,False,,DEMO_SYNTHETIC
528,21.96596468528908,79.9808401775856,0,0,unknown,False,,DEMO_SYNTHETIC
529,21.97499784911758,79.98077571988226,0,0,unknown,False,,DEMO_SYNTHETIC
530,21.984031002831706,79.980711228832,0,0,unknown,False,,DEMO_SYNTHETIC
531,21.993064146428107,79.98064670442534,0,0,unknown,False,,DEMO_SYNTHETIC
532,22.002097279903452,79.98058214665281,0,0,unknown,False,,DEMO_SYNTHETIC
533,22.011130403254395,79.98051755550487,0,0,unknown,False,,DEMO_SYNTHETIC
534,22.020163516477606,79.98045293097209,0,0,unknown,False,,DEMO_SYNTHETIC
535,22.029196619569756,79.98038827304491,0,0,unknown,False,,DEMO_SYNTHETIC
536,22.038229712527503,79.98032358171383,0,0,unknown,False,,DEMO_SYNTHETIC
537,22.04726279534752,79.98025885696937,0,0,unknown,False,,DEMO_SYNTHETIC
538,22.05629586802647,79.98019409880196,0,0,unknown,False,,DEMO_SYNTHETIC
539,22.065328930561027,79.98012930720208,0,0,unknown,False,,DEMO_SYNTHETIC
540,21.532419519582994,79.9935502323147,0,1,barren,False,0.0,DEMO_SYNTHETIC
541,21.541453191902434,79.99348796136849,0,0,unknown,False,,DEMO_SYNTHETIC
542,21.55048685427209,79.99342565783547,0,0,unknown,False,,DEMO_SYNTHETIC
543,21.559520506688585,79.99336332170661,0,0,unknown,False,,DEMO_SYNTHETIC
544,21.568554149148543,79.99330095297273,0,0,unknown,False,,DEMO_SYNTHETIC
545,21.57758778164857,79.9932385516248,0,0,unknown,False,,DEMO_SYNTHETIC
546,21.586621404185294,79.99317611765365,0,0,unknown,False,,DEMO_SYNTHETIC
547,21.595655016755334,79.9931136510502,0,0,unknown,False,,DEMO_SYNTHETIC
548,21.604688619355304,79.99305115180529,0,0,unknown,False,,DEMO_SYNTHETIC
549,21.613722211981845,79.99298861990984,0,0,unknown,False,,DEMO_SYNTHETIC
550,21.622755794631576,79.99292605535464,0,0,unknown,False,,DEMO_SYNTHETIC
551,21.631789367301113,79.99286345813061,0,0,unknown,False,,DEMO_SYNTHETIC
552,21.640822929987092,79.99280082822858,0,0,unknown,False,,DEMO_SYNTHETIC
553,21.64985648268613,79.99273816563938,0,1,barren,False,0.0,DEMO_SYNTHETIC
554,21.658890025394864,79.99267547035386,0,0,unknown,False,,DEMO_SYNTHETIC
555,21.667923558109916,79.99261274236285,0,0,unknown,False,,DEMO_SYNTHETIC
556,21.676957080827925,79.9925499816572,0,0,unknown,False,,DEMO_SYNTHETIC
557,21.68599059354551,79.9924871882277,0,0,unknown,False,,DEMO_SYNTHETIC
558,21.69502409625932,79.99242436206517,0,0,unknown,False,,DEMO_SYNTHETIC
559,21.70405758896597,79.99236150316041,0,0,unknown,False,,DEMO_SYNTHETIC
560,21.713091071662106,79.99229861150424,0,0,unknown,False,,DEMO_SYNTHETIC
561,21.72212454434435,79.99223568708746,0,0,unknown,False,,DEMO_SYNTHETIC
562,21.731158007009345,79.99217272990084,0,0,unknown,False,,DEMO_SYNTHETIC
563,21.740191459653733,79.99210973993517,0,0,unknown,False,,DEMO_SYNTHETIC
564,21.749224902274143,79.99204671718124,1,0,mineralized,False,1.0,DEMO_SYNTHETIC
565,21.75825833486722,79.9919836616298,0,0,unknown,False,,DEMO_SYNTHETIC
566,21.7672917574296,79.99192057327161,0,0,unknown,False,,DEMO_SYNTHETIC
567,21.77632516995792,79.99185745209746,0,0,unknown,False,,DEMO_SYNTHETIC
568,21.78535857244883,79.99179429809809,0,0,unknown,False,,DEMO_SYNTHETIC
569,21.794391964898963,79.99173111126423,0,0,unknown,False,,DEMO_SYNTHETIC
570,21.803425347304966,79.99166789158664,0,0,unknown,False,,DEMO_SYNTHETIC
571,21.81245871966349,79.99160463905605,0,0,unknown,False,,DEMO_SYNTHETIC
572,21.821492081971172,79.9915413536632,0,0,unknown,False,,DEMO_SYNTHETIC
573,21.830525434224658,79.99147803539876,0,0,unknown,False,,DEMO_SYNTHETIC
574,21.8395587764206,79.9914146842535,0,0,unknown,False,,DEMO_SYNTHETIC
575,21.84859210855564,79.9913513002181,0,0,unknown,False,,DEMO_SYNTHETIC
576,21.85762543062643,79.99128788328329,0,0,unknown,False,,DEMO_SYNTHETIC
577,21.86665874262962,79.99122443343974,0,0,unknown,False,,DEMO_SYNTHETIC
578,21.87569204456187,79.99116095067815,0,0,unknown,False,,DEMO_SYNTHETIC
579,21.884725336419812,79.99109743498921,0,0,unknown,False,,DEMO_SYNTHETIC
580,21.893758618200117,79.99103388636362,0,0,unknown,False,,DEMO_SYNTHETIC
581,21.902791889899426,79.990970304792,0,0,unknown,False,,DEMO_SYNTHETIC
582,21.91182515151441,79.99090669026505,0,0,unknown,False,,DEMO_SYNTHETIC
583,21.92085840304171,79.99084304277342,0,0,unknown,False,,DEMO_SYNTHETIC
584,21.929891644477987,79.99077936230778,0,1,barren,False,0.0,DEMO_SYNTHETIC
585,21.938924875819893,79.99071564885875,0,0,unknown,False,,DEMO_SYNTHETIC
586,21.94795809706411,79.99065190241699,0,0,unknown,False,,DEMO_SYNTHETIC
587,21.956991308207257,79.99058812297312,0,0,unknown,False,,DEMO_SYNTHETIC
588,21.966024509246033,79.9905243105178,0,0,unknown,False,,DEMO_SYNTHETIC
589,21.97505770017708,79.99046046504162,0,0,unknown,False,,DEMO_SYNTHETIC
590,21.98409088099706,79.99039658653521,0,0,unknown,False,,DEMO_SYNTHETIC
591,21.99312405170265,79.99033267498918,0,0,unknown,False,,DEMO_SYNTHETIC
592,22.002157212290502,79.99026873039412,0,0,unknown,False,,DEMO_SYNTHETIC
593,22.011190362757283,79.99020475274065,0,0,unknown,False,,DEMO_SYNTHETIC
594,22.02022350309966,79.99014074201934,0,0,unknown,False,,DEMO_SYNTHETIC
595,22.029256633314304,79.9900766982208,0,0,unknown,False,,DEMO_SYNTHETIC
596,22.03828975339788,79.9900126213356,0,0,unknown,False,,DEMO_SYNTHETIC
597,22.04732286334706,79.98994851135427,0,0,unknown,False,,DEMO_SYNTHETIC
598,22.056355963158513,79.98988436826744,0,0,unknown,False,,DEMO_SYNTHETIC
599,22.065389052828905,79.98982019206565,0,0,unknown,False,,DEMO_SYNTHETIC
600,21.53247748790748,80.00320538159332,0,0,unknown,False,,DEMO_SYNTHETIC
601,21.541511186915173,80.00314370778712,0,1,barren,False,0.0,DEMO_SYNTHETIC
602,21.550544875976293,80.00308200170659,0,0,unknown,False,,DEMO_SYNTHETIC
603,21.55957855508744,80.0030202633427,0,1,barren,False,0.0,DEMO_SYNTHETIC
604,21.56861222424525,80.00295849268646,0,0,unknown,False,,DEMO_SYNTHETIC
605,21.57764588344634,80.00289668972883,0,0,unknown,False,,DEMO_SYNTHETIC
606,21.586679532687324,80.0028348544608,0,1,barren,False,0.0,DEMO_SYNTHETIC
607,21.595713171964835,80.00277298687332,0,0,unknown,False,,DEMO_SYNTHETIC
608,21.60474680127549,80.00271108695738,0,0,unknown,False,,DEMO_SYNTHETIC
609,21.61378042061592,80.00264915470392,0,0,unknown,False,,DEMO_SYNTHETIC
610,21.622814029982756,80.00258719010387,0,0,unknown,False,,DEMO_SYNTHETIC
611,21.631847629372615,80.00252519314822,0,0,unknown,False,,DEMO_SYNTHETIC
612,21.640881218782127,80.00246316382785,0,0,unknown,False,,DEMO_SYNTHETIC
613,21.649914798207924,80.00240110213376,0,0,unknown,False,,DEMO_SYNTHETIC
614,21.658948367646634,80.00233900805682,0,0,unknown,False,,DEMO_SYNTHETIC
615,21.667981927094882,80.00227688158799,0,0,unknown,False,,DEMO_SYNTHETIC
616,21.67701547654931,80.00221472271816,0,0,unknown,False,,DEMO_SYNTHETIC
617,21.686049016006557,80.00215253143824,1,0,mineralized,False,1.0,DEMO_SYNTHETIC
618,21.695082545463233,80.00209030773914,0,0,unknown,False,,DEMO_SYNTHETIC
619,21.704116064915997,80.00202805161176,0,0,unknown,False,,DEMO_SYNTHETIC
620,21.713149574361466,80.00196576304697,0,0,unknown,False,,DEMO_SYNTHETIC
621,21.722183073796284,80.00190344203568,0,0,unknown,False,,DEMO_SYNTHETIC
622,21.731216563217092,80.00184108856874,0,0,unknown,False,,DEMO_SYNTHETIC
623,21.740250042620527,80.00177870263704,0,0,unknown,False,,DEMO_SYNTHETIC
624,21.749283512003228,80.00171628423143,0,0,unknown,False,,DEMO_SYNTHETIC
625,21.758316971361825,80.00165383334281,0,0,unknown,False,,DEMO_SYNTHETIC
626,21.767350420692974,80.001591349962,0,0,unknown,False,,DEMO_SYNTHETIC
627,21.776383859993313,80.00152883407982,0,0,unknown,False,,DEMO_SYNTHETIC
628,21.785417289259488,80.00146628568717,1,0,mineralized,False,1.0,DEMO_SYNTHETIC
629,21.794450708488135,80.00140370477484,0,0,unknown,False,,DEMO_SYNTHETIC
630,21.8034841176759,80.0013410913337,0,0,unknown,False,,DEMO_SYNTHETIC
631,21.812517516819437,80.00127844535454,0,0,unknown,False,,DEMO_SYNTHETIC
632,21.821550905915398,80.00121576682818,0,0,unknown,False,,DEMO_SYNTHETIC
633,21.83058428496041,80.00115305574543,0,0,unknown,False,,DEMO_SYNTHETIC
634,21.83961765395113,80.00109031209712,0,0,unknown,False,,DEMO_SYNTHETIC
635,21.848651012884226,80.00102753587402,0,0,unknown,False,,DEMO_SYNTHETIC
636,21.857684361756327,80.00096472706693,0,0,unknown,False,,DEMO_SYNTHETIC
637,21.86671770056409,80.00090188566664,0,0,unknown,False,,DEMO_SYNTHETIC
638,21.87575102930418,80.00083901166393,0,0,unknown,False,,DEMO_SYNTHETIC
639,21.884784347973234,80.00077610504957,0,0,unknown,False,,DEMO_SYNTHETIC
640,21.89381765656792,80.00071316581433,0,0,unknown,False,,DEMO_SYNTHETIC
641,21.90285095508488,80.00065019394897,0,0,unknown,False,,DEMO_SYNTHETIC
642,21.911884243520788,80.00058718944425,0,0,unknown,False,,DEMO_SYNTHETIC
643,21.920917521872283,80.00052415229092,0,0,unknown,False,,DEMO_SYNTHETIC
644,21.92995079013604,80.00046108247972,0,0,unknown,False,,DEMO_SYNTHETIC
645,21.93898404830871,80.00039798000137,0,0,unknown,False,,DEMO_SYNTHETIC
646,21.94801729638696,80.00033484484662,0,0,unknown,False,,DEMO_SYNTHETIC
647,21.95705053436744,80.00027167700621,0,0,unknown,False,,DEMO_SYNTHETIC
648,21.966083762246825,80.00020847647083,0,0,unknown,False,,DEMO_SYNTHETIC
649,21.97511698002177,80.0001452432312,0,0,unknown,False,,DEMO_SYNTHETIC
650,21.98415018768894,80.00008197727803,0,1,barren,False,0.0,DEMO_SYNTHETIC
651,21.993183385245004,80.00001867860202,0,0,unknown,False,,DEMO_SYNTHETIC
652,22.00221657268663,79.99995534719386,0,0,unknown,False,,DEMO_SYNTHETIC
653,22.011249750010478,79.99989198304425,0,1,barren,False,0.0,DEMO_SYNTHETIC
654,22.020282917213223,79.99982858614385,0,0,unknown,False,,DEMO_SYNTHETIC
655,22.029316074291525,79.99976515648335,0,0,unknown,False,,DEMO_SYNTHETIC
656,22.03834922124207,79.99970169405341,0,0,unknown,False,,DEMO_SYNTHETIC
657,22.047382358061515,79.9996381988447,0,0,unknown,False,,DEMO_SYNTHETIC
658,22.056415484746537,79.99957467084789,0,0,unknown,False,,DEMO_SYNTHETIC
659,22.06544860129381,79.99951111005362,0,0,unknown,False,,DEMO_SYNTHETIC
660,21.532534897646023,80.01286056313728,0,0,unknown,False,,DEMO_SYNTHETIC
661,21.54156862308482,80.0127994864801,0,0,unknown,False,,DEMO_SYNTHETIC
662,21.550602338580212,80.01273837786106,0,0,unknown,False,,DEMO_SYNTHETIC
663,21.559636044128805,80.01267723727118,0,0,unknown,False,,DEMO_SYNTHETIC
664,21.56866973972723,80.01261606470155,0,0,unknown,False,,DEMO_SYNTHETIC
665,21.5777034253721,80.01255486014327,0,0,unknown,False,,DEMO_SYNTHETIC
666,21.58673710106005,80.01249362358737,0,0,unknown,False,,DEMO_SYNTHETIC
667,21.5957707667877,80.01243235502493,0,0,unknown,False,,DEMO_SYNTHETIC
668,21.604804422551673,80.01237105444697,0,0,unknown,False,,DEMO_SYNTHETIC
669,21.6138380683486,80.01230972184455,0,0,unknown,False,,DEMO_SYNTHETIC
670,21.622871704175108,80.01224835720872,0,0,unknown,False,,DEMO_SYNTHETIC
671,21.631905330027827,80.0121869605305,0,0,unknown,False,,DEMO_SYNTHETIC
672,21.64093894590339,80.01212553180089,0,0,unknown,False,,DEMO_SYNTHETIC
673,21.649972551798424,80.01206407101097,0,0,unknown,False,,DEMO_SYNTHETIC
674,21.659006147709558,80.0120025781517,0,0,unknown,False,,DEMO_SYNTHETIC
675,21.668039733633425,80.01194105321412,0,0,unknown,False,,DEMO_SYNTHETIC
676,21.677073309566662,80.0118794961892,0,0,unknown,False,,DEMO_SYNTHETIC
677,21.68610687550591,80.01181790706796,0,0,unknown,False,,DEMO_SYNTHETIC
678,21.695140431447793,80.0117562858414,0,0,unknown,False,,DEMO_SYNTHETIC
679,21.70417397738895,80.0116946325005,0,0,unknown,False,,DEMO_SYNTHETIC
680,21.71320751332603,80.01163294703622,0,0,unknown,False,,DEMO_SYNTHETIC
681,21.72224103925565,80.01157122943953,0,0,unknown,False,,DEMO_SYNTHETIC
682,21.731274555174465,80.0115094797014,0,0,unknown,False,,DEMO_SYNTHETIC
683,21.740308061079116,80.01144769781281,0,0,unknown,False,,DEMO_SYNTHETIC
684,21.74934155696624,80.0113858837647,0,0,unknown,False,,DEMO_SYNTHETIC
685,21.758375042832476,80.01132403754802,0,0,unknown,False,,DEMO_SYNTHETIC
686,21.767408518674475,80.0112621591537,0,0,unknown,False,,DEMO_SYNTHETIC
687,21.776441984488873,80.01120024857269,0,0,unknown,False,,DEMO_SYNTHETIC
688,21.785475440272318,80.01113830579591,0,0,unknown,False,,DEMO_SYNTHETIC
689,21.794508886021465,80.01107633081429,0,0,unknown,False,,DEMO_SYNTHETIC
690,21.803542321732948,80.01101432361875,0,0,unknown,False,,DEMO_SYNTHETIC
691,21.81257574740342,80.0109522842002,0,0,unknown,False,,DEMO_SYNTHETIC
692,21.82160916302953,80.01089021254955,0,0,unknown,False,,DEMO_SYNTHETIC
693,21.830642568607935,80.01082810865769,0,0,unknown,False,,DEMO_SYNTHETIC
694,21.839675964135267,80.01076597251551,0,0,unknown,False,,DEMO_SYNTHETIC
695,21.848709349608207,80.0107038041139,0,0,unknown,False,,DEMO_SYNTHETIC
696,21.85774272502338,80.01064160344376,0,0,unknown,False,,DEMO_SYNTHETIC
697,21.86677609037745,80.01057937049596,0,0,unknown,False,,DEMO_SYNTHETIC
698,21.87580944566708,80.01051710526134,0,0,unknown,False,,DEMO_SYNTHETIC
699,21.88484279088891,80.0104548077308,0,0,unknown,False,,DEMO_SYNTHETIC
700,21.89387612603961,80.01039247789515,0,0,unknown,False,,DEMO_SYNTHETIC
701,21.902909451115832,80.0103301157453,0,0,unknown,False,,DEMO_SYNTHETIC
702,21.911942766114237,80.01026772127207,0,0,unknown,False,,DEMO_SYNTHETIC
703,21.920976071031475,80.01020529446627,0,0,unknown,False,,DEMO_SYNTHETIC
704,21.93000936586423,80.01014283531879,0,0,unknown,False,,DEMO_SYNTHETIC
705,21.939042650609135,80.0100803438204,0,1,barren,False,0.0,DEMO_SYNTHETIC
706,21.948075925262877,80.01001781996194,0,0,unknown,False,,DEMO_SYNTHETIC
707,21.957109189822095,80.00995526373426,0,0,unknown,False,,DEMO_SYNTHETIC
708,21.96614244428347,80.0098926751281,0,0,unknown,False,,DEMO_SYNTHETIC
709,21.97517568864366,80.00983005413433,0,0,unknown,False,,DEMO_SYNTHETIC
710,21.984208922899345,80.0097674007437,0,0,unknown,False,,DEMO_SYNTHETIC
711,21.99324214704718,80.00970471494702,0,0,unknown,False,,DEMO_SYNTHETIC
712,22.002275361083836,80.00964199673507,0,0,unknown,False,,DEMO_SYNTHETIC
713,22.01130856500597,80.00957924609862,0,1,barren,False,0.0,DEMO_SYNTHETIC
714,22.020341758810275,80.00951646302846,0,0,unknown,False,,DEMO_SYNTHETIC
715,22.0293749424934,80.00945364751534,0,0,unknown,False,,DEMO_SYNTHETIC
716,22.038408116052043,80.00939079955003,0,0,unknown,False,,DEMO_SYNTHETIC
717,22.047441279482857,80.00932791912327,0,0,unknown,False,,DEMO_SYNTHETIC
718,22.05647443278252,80.00926500622582,0,0,unknown,False,,DEMO_SYNTHETIC
719,22.065507575947706,80.0092020608484,0,0,unknown,False,,DEMO_SYNTHETIC
720,21.532591748790907,80.02251577663422,0,0,unknown,False,,DEMO_SYNTHETIC
721,21.54162550040366,80.02245529713498,0,0,unknown,False,,DEMO_SYNTHETIC
722,21.550659242076136,80.02239478598632,0,0,unknown,False,,DEMO_SYNTHETIC
723,21.559692973804957,80.02233424317937,0,0,unknown,False,,DEMO_SYNTHETIC
724,21.568726695586754,80.02227366870532,0,0,unknown,False,,DEMO_SYNTHETIC
725,21.577760407418133,80.02221306255531,0,1,barren,False,0.0,DEMO_SYNTHETIC
726,21.58679410929573,80.0221524247205,0,0,unknown,False,,DEMO_SYNTHETIC
727,21.595827801216185,80.02209175519202,0,0,unknown,False,,DEMO_SYNTHETIC
728,21.604861483176105,80.02203105396102,0,0,unknown,False,,DEMO_SYNTHETIC
729,21.613895155172123,80.02197032101861,0,0,unknown,False,,DEMO_SYNTHETIC
730,21.622928817200883,80.02190955635595,0,0,unknown,False,,DEMO_SYNTHETIC
731,21.631962469259,80.02184875996413,0,0,unknown,False,,DEMO_SYNTHETIC
732,21.640996111343114,80.02178793183428,0,0,unknown,False,,DEMO_SYNTHETIC
733,21.650029743449867,80.0217270719575,0,0,unknown,False,,DEMO_SYNTHETIC
734,21.659063365575868,80.02166618032489,0,0,unknown,False,,DEMO_SYNTHETIC
735,21.668096977717767,80.02160525692756,0,0,unknown,False,,DEMO_SYNTHETIC
736,21.677130579872202,80.02154430175658,0,0,unknown,False,,DEMO_SYNTHETIC
737,21.6861641720358,80.02148331480304,0,0,unknown,False,,DEMO_SYNTHETIC
738,21.695197754205207,80.02142229605802,0,0,unknown,False,,DEMO_SYNTHETIC
739,21.70423132637706,80.0213612455126,0,0,unknown,False,,DEMO_SYNTHETIC
740,21.713264888547997,80.02130016315785,0,0,unknown,False,,DEMO_SYNTHETIC
741,21.72229844071465,80.0212390489848,0,0,unknown,False,,DEMO_SYNTHETIC
742,21.73133198287367,80.02117790298455,0,0,unknown,False,,DEMO_SYNTHETIC
743,21.740365515021704,80.02111672514809,0,0,unknown,False,,DEMO_SYNTHETIC
744,21.749399037155385,80.02105551546651,0,0,unknown,False,,DEMO_SYNTHETIC
745,21.758432549271358,80.02099427393084,0,0,unknown,False,,DEMO_SYNTHETIC
746,21.76746605136628,80.0209330005321,0,0,unknown,False,,DEMO_SYNTHETIC
747,21.77649954343678,80.0208716952613,0,0,unknown,False,,DEMO_SYNTHETIC
748,21.78553302547951,80.02081035810949,0,0,unknown,False,,DEMO_SYNTHETIC
749,21.794566497491125,80.02074898906767,0,0,unknown,False,,DEMO_SYNTHETIC
750,21.803599959468276,80.02068758812683,0,0,unknown,False,,DEMO_SYNTHETIC
751,21.812633411407592,80.02062615527798,1,0,mineralized,False,1.0,DEMO_SYNTHETIC
752,21.821666853305757,80.02056469051213,0,0,unknown,False,,DEMO_SYNTHETIC
753,21.830700285159388,80.02050319382026,0,0,unknown,False,,DEMO_SYNTHETIC
754,21.839733706965163,80.02044166519335,0,0,unknown,False,,DEMO_SYNTHETIC
755,21.848767118719724,80.02038010462235,0,0,unknown,False,,DEMO_SYNTHETIC
756,21.857800520419733,80.02031851209829,0,0,unknown,False,,DEMO_SYNTHETIC
757,21.866833912061836,80.02025688761206,0,0,unknown,False,,DEMO_SYNTHETIC
758,21.875867293642706,80.02019523115469,0,0,unknown,False,,DEMO_SYNTHETIC
759,21.88490066515898,80.02013354271709,0,0,unknown,False,,DEMO_SYNTHETIC
760,21.89393402660733,80.02007182229022,0,0,unknown,False,,DEMO_SYNTHETIC
761,21.902967377984403,80.02001006986502,0,0,unknown,False,,DEMO_SYNTHETIC
762,21.91200071928688,80.01994828543242,0,0,unknown,False,,DEMO_SYNTHETIC
763,21.921034050511402,80.01988646898336,0,0,unknown,False,,DEMO_SYNTHETIC
764,21.930067371654644,80.01982462050874,0,0,unknown,False,,DEMO_SYNTHETIC
765,21.93910068271327,80.01976273999949,0,0,unknown,False,,DEMO_SYNTHETIC
766,21.948133983683935,80.01970082744651,0,0,unknown,False,,DEMO_SYNTHETIC
767,21.957167274563307,80.01963888284072,0,0,unknown,False,,DEMO_SYNTHETIC
768,21.966200555348063,80.01957690617301,0,0,unknown,False,,DEMO_SYNTHETIC
769,21.97523382603486,80.01951489743429,0,0,unknown,False,,DEMO_SYNTHETIC
770,21.98426708662036,80.01945285661542,0,0,unknown,False,,DEMO_SYNTHETIC
771,21.99330033710125,80.0193907837073,0,0,unknown,False,,DEMO_SYNTHETIC
772,22.002333577474182,80.01932867870076,0,0,unknown,False,,DEMO_SYNTHETIC
773,22.011366807735836,80.01926654158673,0,0,unknown,False,,DEMO_SYNTHETIC
774,22.02040002788289,80.01920437235603,0,0,unknown,False,,DEMO_SYNTHETIC
775,22.029433237912002,80.01914217099952,0,0,unknown,False,,DEMO_SYNTHETIC
776,22.03846643781986,80.01907993750808,0,0,unknown,False,,DEMO_SYNTHETIC
777,22.047499627603134,80.0190176718725,0,0,unknown,False,,DEMO_SYNTHETIC
778,22.056532807258503,80.01895537408367,0,1,barren,False,0.0,DEMO_SYNTHETIC
779,22.06556597678263,80.01889304413241,0,0,unknown,False,,DEMO_SYNTHETIC
780,21.532648041334493,80.03217102177177,0,0,unknown,False,,DEMO_SYNTHETIC
781,21.541681818864046,80.03211113943931,0,0,unknown,False,,DEMO_SYNTHETIC
782,21.550715586456427,80.03205122576986,0,1,barren,False,0.0,DEMO_SYNTHETIC
783,21.559749344108262,80.0319912807547,0,0,unknown,False,,DEMO_SYNTHETIC
784,21.56878309181617,80.03193130438505,0,0,unknown,False,,DEMO_SYNTHETIC
785,21.57781682957678,80.03187129665217,0,0,unknown,False,,DEMO_SYNTHETIC
786,21.58685055738672,80.03181125754729,0,0,unknown,False,,DEMO_SYNTHETIC
787,21.59588427524263,80.03175118706164,0,0,unknown,False,,DEMO_SYNTHETIC
788,21.604917983141117,80.03169108518647,0,0,unknown,False,,DEMO_SYNTHETIC
789,21.613951681078838,80.03163095191294,0,0,unknown,False,,DEMO_SYNTHETIC
790,21.622985369052405,80.03157078723233,0,0,unknown,False,,DEMO_SYNTHETIC
791,21.632019047058463,80.03151059113581,0,0,unknown,False,,DEMO_SYNTHETIC
792,21.641052715093632,80.0314503636146,0,0,unknown,False,,DEMO_SYNTHETIC
793,21.650086373154558,80.03139010465985,0,0,unknown,False,,DEMO_SYNTHETIC
794,21.65912002123788,80.0313298142628,0,0,unknown,False,,DEMO_SYNTHETIC
795,21.668153659340216,80.03126949241464,0,0,unknown,False,,DEMO_SYNTHETIC
796,21.677187287458217,80.03120913910651,0,0,unknown,False,,DEMO_SYNTHETIC
797,21.68622090558853,80.03114875432958,0,0,unknown,False,,DEMO_SYNTHETIC
798,21.695254513727775,80.03108833807505,0,0,unknown,False,,DEMO_SYNTHETIC
799,21.704288111872607,80.03102789033406,0,0,unknown,False,,DEMO_SYNTHETIC
800,21.713321700019655,80.03096741109775,0,0,unknown,False,,DEMO_SYNTHETIC
801,21.72235527816557,80.03090690035731,0,0,unknown,False,,DEMO_SYNTHETIC
802,21.731388846306984,80.03084635810384,0,0,unknown,False,,DEMO_SYNTHETIC
803,21.74042240444056,80.03078578432851,1,0,mineralized,False,1.0,DEMO_SYNTHETIC
804,21.749455952562933,80.03072517902243,0,0,unknown,False,,DEMO_SYNTHETIC
805,21.75848949067074,80.03066454217674,0,0,unknown,False,,DEMO_SYNTHETIC
806,21.76752301876065,80.03060387378254,0,0,unknown,False,,DEMO_SYNTHETIC
807,21.776556536829283,80.03054317383095,0,0,unknown,False,,DEMO_SYNTHETIC
808,21.785590044873302,80.03048244231309,0,0,unknown,False,,DEMO_SYNTHETIC
809,21.79462354288937,80.03042167922003,0,0,unknown,False,,DEMO_SYNTHETIC
810,21.80365703087412,80.0303608845429,0,0,unknown,False,,DEMO_SYNTHETIC
811,21.812690508824208,80.03030005827277,0,0,unknown,False,,DEMO_SYNTHETIC
812,21.821723976736287,80.03023920040073,0,0,unknown,False,,DEMO_SYNTHETIC
813,21.830757434607012,80.03017831091786,0,0,unknown,False,,DEMO_SYNTHETIC
814,21.839790882433032,80.03011738981522,0,0,unknown,False,,DEMO_SYNTHETIC
815,21.848824320211016,80.03005643708389,0,0,unknown,False,,DEMO_SYNTHETIC
816,21.857857747937608,80.02999545271491,0,1,barren,False,0.0,DEMO_SYNTHETIC
817,21.86689116560947,80.02993443669935,0,0,unknown,False,,DEMO_SYNTHETIC
818,21.87592457322326,80.02987338902825,0,0,unknown,False,,DEMO_SYNTHETIC
819,21.884957970775638,80.02981230969266,0,0,unknown,False,,DEMO_SYNTHETIC
820,21.893991358263264,80.02975119868361,0,0,unknown,False,,DEMO_SYNTHETIC
821,21.9030247356828,80.02969005599213,0,1,barren,False,0.0,DEMO_SYNTHETIC
822,21.9120581030309,80.02962888160926,0,1,barren,False,0.0,DEMO_SYNTHETIC
823,21.921091460304247,80.02956767552597,0,0,unknown,False,,DEMO_SYNTHETIC
824,21.930124807499485,80.02950643773332,0,0,unknown,False,,DEMO_SYNTHETIC
825,21.93915814461329,80.02944516822228,0,0,unknown,False,,DEMO_SYNTHETIC
826,21.94819147164234,80.0293838669839,0,0,unknown,False,,DEMO_SYNTHETIC
827,21.95722478858326,80.02932253400913,0,0,unknown,False,,DEMO_SYNTHETIC
828,21.966258095432767,80.02926116928897,0,0,unknown,False,,DEMO_SYNTHETIC
829,21.975291392187504,80.0291997728144,0,0,unknown,False,,DEMO_SYNTHETIC
830,21.98432467884415,80.0291383445764,0,0,unknown,False,,DEMO_SYNTHETIC
831,21.993357955399368,80.02907688456594,0,0,unknown,False,,DEMO_SYNTHETIC
832,22.00239122184983,80.02901539277399,0,0,unknown,False,,DEMO_SYNTHETIC
833,22.011424478192218,80.02895386919148,0,0,unknown,False,,DEMO_SYNTHETIC
834,22.020457724423203,80.0288923138094,0,0,unknown,False,,DEMO_SYNTHETIC
835,22.02949096053946,80.02883072661866,0,0,unknown,False,,DEMO_SYNTHETIC
836,22.038524186537657,80.02876910761023,0,0,unknown,False,,DEMO_SYNTHETIC
837,22.047557402414487,80.02870745677502,0,0,unknown,False,,DEMO_SYNTHETIC
838,22.056590608166605,80.02864577410399,0,0,unknown,False,,DEMO_SYNTHETIC
839,22.06562380379071,80.02858405958803,0,0,unknown,False,,DEMO_SYNTHETIC
840,21.532703775269237,80.04182629823755,0,0,unknown,False,,DEMO_SYNTHETIC
841,21.54173757845842,80.04176701308059,0,0,unknown,False,,DEMO_SYNTHETIC
842,21.55077137171351,80.04170769689912,0,0,unknown,False,,DEMO_SYNTHETIC
843,21.55980515503113,80.04164834968448,0,0,unknown,False,,DEMO_SYNTHETIC
844,21.5688389284079,80.041588971428,0,0,unknown,False,,DEMO_SYNTHETIC
845,21.577872691840458,80.04152956212101,0,0,unknown,False,,DEMO_SYNTHETIC
846,21.586906445325425,80.04147012175484,0,0,unknown,False,,DEMO_SYNTHETIC
847,21.595940188859444,80.04141065032081,0,0,unknown,False,,DEMO_SYNTHETIC
848,21.604973922439132,80.04135114781023,0,0,unknown,False,,DEMO_SYNTHETIC
849,21.614007646061133,80.04129161421439,0,0,unknown,False,,DEMO_SYNTHETIC
850,21.623041359722077,80.04123204952461,0,0,unknown,False,,DEMO_SYNTHETIC
851,21.6320750634186,80.04117245373219,0,0,unknown,False,,DEMO_SYNTHETIC
852,21.64110875714732,80.0411128268284,0,0,unknown,False,,DEMO_SYNTHETIC
853,21.6501424409049,80.04105316880452,0,0,unknown,False,,DEMO_SYNTHETIC
854,21.65917611468797,80.04099347965186,0,0,unknown,False,,DEMO_SYNTHETIC
855,21.668209778493157,80.04093375936166,0,0,unknown,False,,DEMO_SYNTHETIC
856,21.677243432317105,80.0408740079252,0,0,unknown,False,,DEMO_SYNTHETIC
857,21.68627707615646,80.04081422533373,0,0,unknown,False,,DEMO_SYNTHETIC
858,21.69531071000786,80.04075441157852,0,0,unknown,False,,DEMO_SYNTHETIC
859,21.704344333867947,80.04069456665081,0,0,unknown,False,,DEMO_SYNTHETIC
860,21.713377947733363,80.04063469054182,0,0,unknown,False,,DEMO_SYNTHETIC
861,21.72241155160075,80.04057478324282,0,0,unknown,False,,DEMO_SYNTHETIC
862,21.73144514546676,80.04051484474503,1,0,mineralized,False,1.0,DEMO_SYNTHETIC
863,21.740478729328036,80.04045487503967,0,0,unknown,False,,DEMO_SYNTHETIC
864,21.749512303181216,80.04039487411798,0,0,unknown,False,,DEMO_SYNTHETIC
865,21.758545867022956,80.04033484197113,0,0,unknown,False,,DEMO_SYNTHETIC
866,21.76757942084991,80.04027477859037,0,0,unknown,False,,DEMO_SYNTHETIC
867,21.776612964658725,80.04021468396688,0,0,unknown,False,,DEMO_SYNTHETIC
868,21.785646498446035,80.04015455809184,0,0,unknown,False,,DEMO_SYNTHETIC
869,21.794680022208514,80.04009440095649,0,0,unknown,False,,DEMO_SYNTHETIC
870,21.803713535942805,80.04003421255197,0,0,unknown,False,,DEMO_SYNTHETIC
871,21.812747039645565,80.03997399286948,0,0,unknown,False,,DEMO_SYNTHETIC
872,21.821780533313444,80.03991374190018,0,0,unknown,False,,DEMO_SYNTHETIC
873,21.830814016943098,80.03985345963522,0,0,unknown,False,,DEMO_SYNTHETIC
874,21.839847490531184,80.0397931460658,0,0,unknown,False,,DEMO_SYNTHETIC
875,21.848880954074364,80.03973280118305,0,0,unknown,False,,DEMO_SYNTHETIC
876,21.85791440756929,80.03967242497814,0,0,unknown,False,,DEMO_SYNTHETIC
877,21.86694785101263,80.03961201744218,0,0,unknown,False,,DEMO_SYNTHETIC
878,21.87598128440104,80.03955157856632,0,0,unknown,False,,DEMO_SYNTHETIC
879,21.88501470773117,80.03949110834169,0,0,unknown,False,,DEMO_SYNTHETIC
880,21.8940481209997,80.03943060675944,0,0,unknown,False,,DEMO_SYNTHETIC
881,21.90308152420328,80.03937007381064,0,0,unknown,False,,DEMO_SYNTHETIC
882,21.91211491733858,80.03930950948646,0,0,unknown,False,,DEMO_SYNTHETIC
883,21.92114830040227,80.03924891377797,0,0,unknown,False,,DEMO_SYNTHETIC
884,21.930181673391008,80.03918828667628,0,0,unknown,False,,DEMO_SYNTHETIC
885,21.93921503630147,80.03912762817247,0,0,unknown,False,,DEMO_SYNTHETIC
886,21.94824838913031,80.03906693825766,0,0,unknown,False,,DEMO_SYNTHETIC
887,21.957281731874208,80.03900621692291,0,0,unknown,False,,DEMO_SYNTHETIC
888,21.966315064529834,80.03894546415933,0,0,unknown,False,,DEMO_SYNTHETIC
889,21.975348387093852,80.03888467995793,0,0,unknown,False,,DEMO_SYNTHETIC
890,21.98438169956294,80.03882386430985,0,0,unknown,False,,DEMO_SYNTHETIC
891,21.99341500193377,80.0387630172061,0,0,unknown,False,,DEMO_SYNTHETIC
892,22.00244829420302,80.03870213863772,0,0,unknown,False,,DEMO_SYNTHETIC
893,22.01148157636735,80.03864122859582,0,0,unknown,False,,DEMO_SYNTHETIC
894,22.020514848423446,80.0385802870714,0,0,unknown,False,,DEMO_SYNTHETIC
895,22.029548110367983,80.03851931405549,0,1,barren,False,0.0,DEMO_SYNTHETIC
896,22.038581362197647,80.03845830953915,0,0,unknown,False,,DEMO_SYNTHETIC
897,22.047614603909114,80.03839727351338,0,0,unknown,False,,DEMO_SYNTHETIC
898,22.05664783549905,80.03833620596922,0,0,unknown,False,,DEMO_SYNTHETIC
899,22.06568105696415,80.03827510689764,0,0,unknown,False,,DEMO_SYNTHETIC
900,21.53275895058764,80.05148160571919,0,0,unknown,False,,DEMO_SYNTHETIC
901,21.541792779179293,80.05142291774641,0,0,unknown,False,,DEMO_SYNTHETIC
902,21.550826597839897,80.05136419906157,0,0,unknown,False,,DEMO_SYNTHETIC
903,21.559860406566077,80.05130544965611,0,0,unknown,False,,DEMO_SYNTHETIC
904,21.568894205354454,80.05124666952146,0,0,unknown,False,,DEMO_SYNTHETIC
905,21.57792799420167,80.05118785864904,0,0,unknown,False,,DEMO_SYNTHETIC
906,21.586961773104345,80.05112901703026,0,0,unknown,False,,DEMO_SYNTHETIC
907,21.595995542059125,80.05107014465652,0,0,unknown,False,,DEMO_SYNTHETIC
908,21.60502930106263,80.05101124151923,0,0,unknown,False,,DEMO_SYNTHETIC
909,21.614063050111497,80.05095230760978,0,0,unknown,False,,DEMO_SYNTHETIC
910,21.62309678920237,80.05089334291957,0,0,unknown,False,,DEMO_SYNTHETIC
911,21.63213051833188,80.05083434743993,0,0,unknown,False,,DEMO_SYNTHETIC
912,21.641164237496664,80.05077532116229,0,1,barren,False,0.0,DEMO_SYNTHETIC
913,21.650197946693353,80.050716264078,0,0,unknown,False,,DEMO_SYNTHETIC
914,21.659231645918606,80.05065717617845,0,0,unknown,False,,DEMO_SYNTHETIC
915,21.668265335169036,80.05059805745496,0,0,unknown,False,,DEMO_SYNTHETIC
916,21.677299014441306,80.05053890789891,0,0,unknown,False,,DEMO_SYNTHETIC
917,21.68633268373205,80.05047972750164,0,0,unknown,False,,DEMO_SYNTHETIC
918,21.695366343037914,80.05042051625449,0,0,unknown,False,,DEMO_SYNTHETIC
919,21.70439999235553,80.05036127414881,0,0,unknown,False,,DEMO_SYNTHETIC
920,21.71343363168156,80.05030200117591,0,0,unknown,False,,DEMO_SYNTHETIC
921,21.72246726101264,80.05024269732714,0,0,unknown,False,,DEMO_SYNTHETIC
922,21.731500880345425,80.05018336259378,0,0,unknown,False,,DEMO_SYNTHETIC
923,21.740534489676545,80.05012399696719,0,0,unknown,False,,DEMO_SYNTHETIC
924,21.749568089002665,80.05006460043865,0,0,unknown,False,,DEMO_SYNTHETIC
925,21.75860167832043,80.05000517299945,0,0,unknown,False,,DEMO_SYNTHETIC
926,21.767635257626495,80.04994571464093,0,0,unknown,False,,DEMO_SYNTHETIC
927,21.7766688269175,80.04988622535433,0,0,unknown,False,,DEMO_SYNTHETIC
928,21.785702386190103,80.04982670513097,0,0,unknown,False,,DEMO_SYNTHETIC
929,21.79473593544096,80.04976715396211,0,0,unknown,False,,DEMO_SYNTHETIC
930,21.80376947466673,80.04970757183902,0,0,unknown,False,,DEMO_SYNTHETIC
931,21.812803003864058,80.04964795875298,0,0,unknown,False,,DEMO_SYNTHETIC
932,21.821836523029617,80.04958831469524,0,0,unknown,False,,DEMO_SYNTHETIC
933,21.83087003216004,80.04952863965707,0,0,unknown,False,,DEMO_SYNTHETIC
934,21.839903531251995,80.04946893362971,0,0,unknown,False,,DEMO_SYNTHETIC
935,21.848937020302156,80.0494091966044,0,0,unknown,False,,DEMO_SYNTHETIC
936,21.857970499307157,80.04934942857238,0,0,unknown,False,,DEMO_SYNTHETIC
937,21.86700396826369,80.04928962952489,0,0,unknown,False,,DEMO_SYNTHETIC
938,21.87603742716839,80.04922979945314,0,0,unknown,False,,DEMO_SYNTHETIC
939,21.88507087601794,80.04916993834837,0,0,unknown,False,,DEMO_SYNTHETIC
940,21.894104314808988,80.04911004620178,0,0,unknown,False,,DEMO_SYNTHETIC
941,21.903137743538203,80.04905012300458,0,0,unknown,False,,DEMO_SYNTHETIC
942,21.912171162202256,80.04899016874798,0,0,unknown,False,,DEMO_SYNTHETIC
943,21.921204570797823,80.04893018342317,0,0,unknown,False,,DEMO_SYNTHETIC
944,21.930237969321546,80.04887016702132,0,0,unknown,False,,DEMO_SYNTHETIC
945,21.93927135777012,80.04881011953367,0,0,unknown,False,,DEMO_SYNTHETIC
946,21.9483047361402,80.04875004095135,0,0,unknown,False,,DEMO_SYNTHETIC
947,21.957338104428462,80.04868993126554,0,0,unknown,False,,DEMO_SYNTHETIC
948,21.966371462631578,80.04862979046744,0,0,unknown,False,,DEMO_SYNTHETIC
949,21.975404810746213,80.04856961854819,0,0,unknown,False,,DEMO_SYNTHETIC
950,21.984438148769055,80.04850941549894,0,0,unknown,False,,DEMO_SYNTHETIC
951,21.993471476696765,80.04844918131083,0,0,unknown,False,,DEMO_SYNTHETIC
952,22.00250479452603,80.04838891597504,0,1,barren,False,0.0,DEMO_SYNTHETIC
953,22.011538102253517,80.04832861948267,0,0,unknown,False,,DEMO_SYNTHETIC
954,22.020571399875912,80.04826829182488,0,0,unknown,False,,DEMO_SYNTHETIC
955,22.029604687389885,80.04820793299278,0,0,unknown,False,,DEMO_SYNTHETIC
956,22.03863796479212,80.0481475429775,0,0,unknown,False,,DEMO_SYNTHETIC
957,22.047671232079303,80.04808712177015,0,0,unknown,False,,DEMO_SYNTHETIC
958,22.05670448924811,80.04802666936183,0,0,unknown,False,,DEMO_SYNTHETIC
959,22.065737736295215,80.04796618574366,0,0,unknown,False,,DEMO_SYNTHETIC
960,21.5328135672823,80.06113694390432,0,0,unknown,False,,DEMO_SYNTHETIC
961,21.541847421019263,80.06107885312423,0,0,unknown,False,,DEMO_SYNTHETIC
962,21.550881264828174,80.06102073194461,0,0,unknown,False,,DEMO_SYNTHETIC
963,21.559915098705673,80.06096258035691,0,0,unknown,False,,DEMO_SYNTHETIC
964,21.568948922648403,80.0609043983527,0,0,unknown,False,,DEMO_SYNTHETIC
965,21.577982736652988,80.06084618592344,0,1,barren,False,0.0,DEMO_SYNTHETIC
966,21.587016540716043,80.06078794306065,0,0,unknown,False,,DEMO_SYNTHETIC
967,21.596050334834228,80.06072966975582,0,0,unknown,False,,DEMO_SYNTHETIC
968,21.605084119004157,80.0606713660004,0,0,unknown,False,,DEMO_SYNTHETIC
969,21.61411789322248,80.06061303178595,0,0,unknown,False,,DEMO_SYNTHETIC
970,21.62315165748584,80.06055466710387,0,0,unknown,False,,DEMO_SYNTHETIC
971,21.632185411790864,80.0604962719457,0,0,unknown,False,,DEMO_SYNTHETIC
972,21.641219156134188,80.06043784630282,0,0,unknown,False,,DEMO_SYNTHETIC
973,21.650252890512455,80.06037939016676,0,0,unknown,False,,DEMO_SYNTHETIC
974,21.659286614922316,80.06032090352895,0,0,unknown,False,,DEMO_SYNTHETIC
975,21.668320329360395,80.06026238638081,0,0,unknown,False,,DEMO_SYNTHETIC
976,21.677354033823345,80.06020383871383,0,0,unknown,False,,DEMO_SYNTHETIC
977,21.686387728307817,80.06014526051942,0,0,unknown,False,,DEMO_SYNTHETIC
978,21.695421412810447,80.060086651789,0,0,unknown,False,,DEMO_SYNTHETIC
979,21.704455087327876,80.06002801251402,0,0,unknown,False,,DEMO_SYNTHETIC
980,21.713488751856765,80.05996934268589,0,0,unknown,False,,DEMO_SYNTHETIC
981,21.72252240639374,80.059910642296,0,0,unknown,False,,DEMO_SYNTHETIC
982,21.73155605093547,80.05985191133578,0,0,unknown,False,,DEMO_SYNTHETIC
983,21.740589685478596,80.05979314979663,0,0,unknown,False,,DEMO_SYNTHETIC
984,21.749623310019775,80.05973435766997,0,0,unknown,False,,DEMO_SYNTHETIC
985,21.758656924555645,80.05967553494713,0,0,unknown,False,,DEMO_SYNTHETIC
986,21.76769052908287,80.05961668161953,0,0,unknown,False,,DEMO_SYNTHETIC
987,21.7767241235981,80.05955779767856,0,0,unknown,False,,DEMO_SYNTHETIC
988,21.785757708097982,80.05949888311557,0,0,unknown,False,,DEMO_SYNTHETIC
989,21.79479128257919,80.05943993792192,0,0,unknown,False,,DEMO_SYNTHETIC
990,21.803824847038364,80.05938096208902,0,0,unknown,False,,DEMO_SYNTHETIC
991,21.812858401472166,80.05932195560818,0,0,unknown,False,,DEMO_SYNTHETIC
992,21.82189194587725,80.05926291847076,0,0,unknown,False,,DEMO_SYNTHETIC
993,21.830925480250286,80.05920385066811,0,0,unknown,False,,DEMO_SYNTHETIC
994,21.839959004587925,80.05914475219156,0,0,unknown,False,,DEMO_SYNTHETIC
995,21.84899251888683,80.05908562303246,0,0,unknown,False,,DEMO_SYNTHETIC
996,21.858026023143662,80.05902646318212,0,0,unknown,False,,DEMO_SYNTHETIC
997,21.86705951735509,80.05896727263186,0,0,unknown,False,,DEMO_SYNTHETIC
998,21.87609300151777,80.058908051373,0,0,unknown,False,,DEMO_SYNTHETIC
999,21.885126475628372,80.05884879939686,0,0,unknown,False,,DEMO_SYNTHETIC
1000,21.89415993968356,80.05878951669472,0,0,unknown,False,,DEMO_SYNTHETIC
1001,21.903193393680002,80.05873020325791,0,0,unknown,False,,DEMO_SYNTHETIC
1002,21.912226837614362,80.0586708590777,0,0,unknown,False,,DEMO_SYNTHETIC
1003,21.921260271483312,80.05861148414537,0,0,unknown,False,,DEMO_SYNTHETIC
1004,21.930293695283527,80.05855207845222,0,0,unknown,False,,DEMO_SYNTHETIC
1005,21.939327109011675,80.05849264198952,0,0,unknown,False,,DEMO_SYNTHETIC
1006,21.94836051266442,80.05843317474853,0,0,unknown,False,,DEMO_SYNTHETIC
1007,21.95739390623843,80.05837367672049,0,0,unknown,False,,DEMO_SYNTHETIC
1008,21.966427289730404,80.05831414789672,0,0,unknown,False,,DEMO_SYNTHETIC
1009,21.975460663136992,80.05825458826844,0,0,unknown,False,,DEMO_SYNTHETIC
1010,21.98449402645488,80.05819499782687,0,0,unknown,False,,DEMO_SYNTHETIC
1011,21.993527379680742,80.05813537656329,0,1,barren,False,0.0,DEMO_SYNTHETIC
1012,22.00256072281126,80.05807572446889,0,0,unknown,False,,DEMO_SYNTHETIC
1013,22.011594055843116,80.05801604153496,0,0,unknown,False,,DEMO_SYNTHETIC
1014,22.020627378772968,80.05795632775266,0,0,unknown,False,,DEMO_SYNTHETIC
1015,22.02966069159752,80.05789658311325,0,0,unknown,False,,DEMO_SYNTHETIC
1016,22.03869399431344,80.05783680760791,0,0,unknown,False,,DEMO_SYNTHETIC
1017,22.047727286917425,80.05777700122786,0,0,unknown,False,,DEMO_SYNTHETIC
1018,22.056760569406133,80.05771716396431,0,0,unknown,False,,DEMO_SYNTHETIC
1019,22.065793841776273,80.05765729580844,0,0,unknown,False,,DEMO_SYNTHETIC
1020,21.532867625345887,80.0707923124805,0,0,unknown,False,,DEMO_SYNTHETIC
1021,21.541901503970976,80.07073481890164,0,0,unknown,False,,DEMO_SYNTHETIC
1022,21.550935372670995,80.0706772952357,0,0,unknown,False,,DEMO_SYNTHETIC
1023,21.559969231442597,80.07061974147427,0,0,unknown,False,,DEMO_SYNTHETIC
1024,21.569003080282403,80.07056215760896,0,0,unknown,False,,DEMO_SYNTHETIC
1025,21.578036919187042,80.07050454363136,0,0,unknown,False,,DEMO_SYNTHETIC
1026,21.58707074815316,80.07044689953307,0,0,unknown,False,,DEMO_SYNTHETIC
1027,21.59610456717739,80.07038922530563,0,0,unknown,False,,DEMO_SYNTHETIC
1028,21.605138376256367,80.07033152094067,0,0,unknown,False,,DEMO_SYNTHETIC
1029,21.614172175386727,80.07027378642971,0,0,unknown,False,,DEMO_SYNTHETIC
1030,21.623205964565113,80.07021602176434,0,0,unknown,False,,DEMO_SYNTHETIC
1031,21.632239743788162,80.07015822693612,0,0,unknown,False,,DEMO_SYNTHETIC
1032,21.641273513052518,80.07010040193656,0,0,unknown,False,,DEMO_SYNTHETIC
1033,21.65030727235482,80.07004254675726,0,0,unknown,False,,DEMO_SYNTHETIC
1034,21.659341021691713,80.06998466138975,0,0,unknown,False,,DEMO_SYNTHETIC
1035,21.668374761059834,80.06992674582555,0,0,unknown,False,,DEMO_SYNTHETIC
1036,21.677408490455832,80.06986880005618,0,0,unknown,False,,DEMO_SYNTHETIC
1037,21.68644220987636,80.0698108240732,0,0,unknown,False,,DEMO_SYNTHETIC
1038,21.695475919318056,80.0697528178681,0,0,unknown,False,,DEMO_SYNTHETIC
1039,21.704509618777564,80.06969478143239,0,0,unknown,False,,DEMO_SYNTHETIC
1040,21.71354330825154,80.06963671475759,0,0,unknown,False,,DEMO_SYNTHETIC
1041,21.72257698773663,80.0695786178352,0,0,unknown,False,,DEMO_SYNTHETIC
1042,21.73161065722949,80.06952049065671,0,0,unknown,False,,DEMO_SYNTHETIC
1043,21.740644316726765,80.06946233321362,0,0,unknown,False,,DEMO_SYNTHETIC
1044,21.749677966225107,80.06940414549742,0,0,unknown,False,,DEMO_SYNTHETIC
1045,21.758711605721167,80.06934592749955,0,0,unknown,False,,DEMO_SYNTHETIC
1046,21.767745235211617,80.06928767921153,0,0,unknown,False,,DEMO_SYNTHETIC
1047,21.77677885469308,80.06922940062479,0,0,unknown,False,,DEMO_SYNTHETIC
1048,21.78581246416224,80.06917109173081,0,0,unknown,False,,DEMO_SYNTHETIC
1049,21.794846063615744,80.06911275252105,0,1,barren,False,0.0,DEMO_SYNTHETIC
1050,21.803879653050256,80.06905438298695,0,0,unknown,False,,DEMO_SYNTHETIC
1051,21.81291323246242,80.06899598311995,0,0,unknown,False,,DEMO_SYNTHETIC
1052,21.821946801848913,80.0689375529115,0,0,unknown,False,,DEMO_SYNTHETIC
1053,21.83098036120639,80.06887909235304,0,0,unknown,False,,DEMO_SYNTHETIC
1054,21.840013910531496,80.06882060143597,0,0,unknown,False,,DEMO_SYNTHETIC
1055,21.84904744982093,80.06876208015174,0,0,unknown,False,,DEMO_SYNTHETIC
1056,21.85808097907132,80.06870352849175,0,0,unknown,False,,DEMO_SYNTHETIC
1057,21.867114498279356,80.06864494644742,0,0,unknown,False,,DEMO_SYNTHETIC
1058,21.876148007441692,80.06858633401015,0,0,unknown,False,,DEMO_SYNTHETIC
1059,21.88518150655499,80.06852769117133,0,0,unknown,False,,DEMO_SYNTHETIC
1060,21.894214995615926,80.06846901792235,0,0,unknown,False,,DEMO_SYNTHETIC
1061,21.903248474621165,80.06841031425463,0,0,unknown,False,,DEMO_SYNTHETIC
1062,21.91228194356739,80.06835158015951,0,0,unknown,False,,DEMO_SYNTHETIC
1063,21.92131540245125,80.06829281562841,0,0,unknown,False,,DEMO_SYNTHETIC
1064,21.93034885126943,80.06823402065265,0,0,unknown,False,,DEMO_SYNTHETIC
1065,21.939382290018603,80.06817519522363,0,0,unknown,False,,DEMO_SYNTHETIC
1066,21.94841571869543,80.0681163393327,0,0,unknown,False,,DEMO_SYNTHETIC
1067,21.957449137296596,80.06805745297122,0,0,unknown,False,,DEMO_SYNTHETIC
1068,21.96648254581878,80.06799853613052,0,0,unknown,False,,DEMO_SYNTHETIC
1069,21.97551594425865,80.06793958880193,0,0,unknown,False,,DEMO_SYNTHETIC
1070,21.984549332612886,80.06788061097684,0,0,unknown,False,,DEMO_SYNTHETIC
1071,21.99358271087817,80.06782160264653,0,0,unknown,False,,DEMO_SYNTHETIC
1072,22.002616079051172,80.06776256380233,0,0,unknown,False,,DEMO_SYNTHETIC
1073,22.011649437128582,80.06770349443558,0,0,unknown,False,,DEMO_SYNTHETIC
1074,22.020682785107077,80.06764439453757,0,0,unknown,False,,DEMO_SYNTHETIC
1075,22.02971612298334,80.06758526409962,0,0,unknown,False,,DEMO_SYNTHETIC
1076,22.03874945075405,80.06752610311302,0,0,unknown,False,,DEMO_SYNTHETIC
1077,22.047782768415903,80.0674669115691,0,0,unknown,False,,DEMO_SYNTHETIC
1078,22.056816075965575,80.0674076894591,0,0,unknown,False,,DEMO_SYNTHETIC
1079,22.06584937339975,80.06734843677434,0,0,unknown,False,,DEMO_SYNTHETIC
1080,21.532921124771143,80.0804477111354,0,0,unknown,False,,DEMO_SYNTHETIC
1081,21.541955028027175,80.08039081476613,0,0,unknown,False,,DEMO_SYNTHETIC
1082,21.550988921361096,80.08033388862228,0,0,unknown,False,,DEMO_SYNTHETIC
1083,21.560022804769552,80.0802769326955,0,0,unknown,False,,DEMO_SYNTHETIC
1084,21.56905667824917,80.08021994697752,0,0,unknown,False,,DEMO_SYNTHETIC
1085,21.57809054179658,80.08016293146,0,0,unknown,False,,DEMO_SYNTHETIC
1086,21.587124395408416,80.0801058861346,0,0,unknown,False,,DEMO_SYNTHETIC
1087,21.596158239081337,80.08004881099302,0,0,unknown,False,,DEMO_SYNTHETIC
1088,21.60519207281196,80.07999170602689,0,0,unknown,False,,DEMO_SYNTHETIC
1089,21.614225896596928,80.07993457122788,0,0,unknown,False,,DEMO_SYNTHETIC
1090,21.623259710432894,80.07987740658764,0,0,unknown,False,,DEMO_SYNTHETIC
1091,21.632293514316483,80.07982021209783,0,0,unknown,False,,DEMO_SYNTHETIC
1092,21.641327308244357,80.07976298775007,0,0,unknown,False,,DEMO_SYNTHETIC
1093,21.65036109221314,80.07970573353599,1,0,mineralized,False,1.0,DEMO_SYNTHETIC
1094,21.659394866219486,80.07964844944723,0,0,unknown,False,,DEMO_SYNTHETIC
1095,21.66842863026003,80.07959113547543,0,0,unknown,False,,DEMO_SYNTHETIC
1096,21.67746238433144,80.07953379161218,0,0,unknown,False,,DEMO_SYNTHETIC
1097,21.686496128430356,80.0794764178491,0,0,unknown,False,,DEMO_SYNTHETIC
1098,21.695529862553418,80.07941901417777,0,0,unknown,False,,DEMO_SYNTHETIC
1099,21.70456358669727,80.07936158058986,0,0,unknown,False,,DEMO_SYNTHETIC
1100,21.71359730085858,80.0793041170769,0,0,unknown,False,,DEMO_SYNTHETIC
1101,21.722631005033975,80.07924662363051,0,0,unknown,False,,DEMO_SYNTHETIC
1102,21.731664699220133,80.07918910024226,1,0,mineralized,False,1.0,DEMO_SYNTHETIC
1103,21.7406983834137,80.07913154690374,0,0,unknown,False,,DEMO_SYNTHETIC
1104,21.749732057611315,80.07907396360652,0,0,unknown,False,,DEMO_SYNTHETIC
1105,21.758765721809652,80.07901635034216,0,0,unknown,False,,DEMO_SYNTHETIC
1106,21.767799376005353,80.07895870710222,0,0,unknown,False,,DEMO_SYNTHETIC
1107,21.776833020195088,80.07890103387827,0,0,unknown,False,,DEMO_SYNTHETIC
1108,21.7858666543755,80.07884333066185,0,1,barren,False,0.0,DEMO_SYNTHETIC
1109,21.794900278543256,80.0787855974445,0,0,unknown,False,,DEMO_SYNTHETIC
1110,21.80393389269502,80.07872783421776,0,1,barren,False,0.0,DEMO_SYNTHETIC
1111,21.812967496827447,80.07867004097318,0,0,unknown,False,,DEMO_SYNTHETIC
1112,21.8220010909372,80.07861221770226,0,0,unknown,False,,DEMO_SYNTHETIC
1113,21.83103467502094,80.07855436439655,0,1,barren,False,0.0,DEMO_SYNTHETIC
1114,21.840068249075333,80.07849648104757,0,0,unknown,False,,DEMO_SYNTHETIC
1115,21.849101813097043,80.07843856764678,0,0,unknown,False,,DEMO_SYNTHETIC
1116,21.85813536708273,80.07838062418574,0,0,unknown,False,,DEMO_SYNTHETIC
1117,21.86716891102908,80.07832265065593,0,0,unknown,False,,DEMO_SYNTHETIC
1118,21.876202444932737,80.07826464704884,0,0,unknown,False,,DEMO_SYNTHETIC
1119,21.88523596879038,80.07820661335595,0,0,unknown,False,,DEMO_SYNTHETIC
1120,21.894269482598673,80.07814854956875,0,0,unknown,False,,DEMO_SYNTHETIC
1121,21.90330298635429,80.07809045567875,0,0,unknown,False,,DEMO_SYNTHETIC
1122,21.912336480053913,80.07803233167735,0,0,unknown,False,,DEMO_SYNTHETIC
1123,21.9213699636942,80.07797417755607,0,0,unknown,False,,DEMO_SYNTHETIC
1124,21.930403437271828,80.07791599330636,0,0,unknown,False,,DEMO_SYNTHETIC
1125,21.939436900783473,80.07785777891968,0,1,barren,False,0.0,DEMO_SYNTHETIC
1126,21.94847035422581,80.07779953438745,0,0,unknown,False,,DEMO_SYNTHETIC
1127,21.957503797595514,80.07774125970116,0,0,unknown,False,,DEMO_SYNTHETIC
1128,21.966537230889266,80.07768295485218,0,0,unknown,False,,DEMO_SYNTHETIC
1129,21.975570654103734,80.077624619832,0,0,unknown,False,,DEMO_SYNTHETIC
1130,21.984604067235615,80.07756625463202,0,0,unknown,False,,DEMO_SYNTHETIC
1131,21.993637470281573,80.07750785924365,0,0,unknown,False,,DEMO_SYNTHETIC
1132,22.0026708632383,80.07744943365833,0,0,unknown,False,,DEMO_SYNTHETIC
1133,22.011704246102465,80.07739097786745,0,0,unknown,False,,DEMO_SYNTHETIC
1134,22.020737618870765,80.07733249186244,0,0,unknown,False,,DEMO_SYNTHETIC
1135,22.02977098153987,80.07727397563465,0,1,barren,False,0.0,DEMO_SYNTHETIC
1136,22.038804334106477,80.07721542917551,0,0,unknown,False,,DEMO_SYNTHETIC
1137,22.04783767656727,80.07715685247638,0,0,unknown,False,,DEMO_SYNTHETIC
1138,22.05687100891893,80.07709824552866,0,0,unknown,False,,DEMO_SYNTHETIC
1139,22.065904331158148,80.07703960832373,0,0,unknown,False,,DEMO_SYNTHETIC
1140,21.532974065550874,80.09010313955659,0,0,unknown,False,,DEMO_SYNTHETIC
1141,21.54200799318068,80.09004684040521,0,0,unknown,False,,DEMO_SYNTHETIC
1142,21.551041910891293,80.08999051179175,0,0,unknown,False,,DEMO_SYNTHETIC
1143,21.560075818679355,80.08993415370794,0,0,unknown,False,,DEMO_SYNTHETIC
1144,21.569109716541508,80.08987776614562,0,0,unknown,False,,DEMO_SYNTHETIC
1145,21.57814360447438,80.08982134909648,0,0,unknown,False,,DEMO_SYNTHETIC
1146,21.58717748247461,80.08976490255233,0,1,barren,False,0.0,DEMO_SYNTHETIC
1147,21.596211350538844,80.08970842650493,0,0,unknown,False,,DEMO_SYNTHETIC
1148,21.605245208663714,80.089651920946,0,0,unknown,False,,DEMO_SYNTHETIC
1149,21.614279056845877,80.08959538586728,0,0,unknown,False,,DEMO_SYNTHETIC
1150,21.62331289508196,80.08953882126053,0,0,unknown,False,,DEMO_SYNTHETIC
1151,21.632346723368602,80.0894822271175,0,0,unknown,False,,DEMO_SYNTHETIC
1152,21.64138054170246,80.08942560342987,0,0,unknown,False,,DEMO_SYNTHETIC
1153,21.650414350080176,80.0893689501894,0,0,unknown,False,,DEMO_SYNTHETIC
1154,21.6594481484984,80.08931226738778,0,0,unknown,False,,DEMO_SYNTHETIC
1155,21.668481936953768,80.08925555501673,0,0,unknown,False,,DEMO_SYNTHETIC
1156,21.677515715442937,80.08919881306798,0,0,unknown,False,,DEMO_SYNTHETIC
1157,21.686549483962555,80.08914204153321,0,0,unknown,False,,DEMO_SYNTHETIC
1158,21.69558324250927,80.0890852404041,0,0,unknown,False,,DEMO_SYNTHETIC
1159,21.70461699107973,80.08902840967234,0,0,unknown,False,,DEMO_SYNTHETIC
1160,21.7136507296706,80.08897154932964,0,0,unknown,False,,DEMO_SYNTHETIC
1161,21.72268445827851,80.08891465936766,0,0,unknown,False,,DEMO_SYNTHETIC
1162,21.73171817690013,80.08885773977808,0,0,unknown,False,,DEMO_SYNTHETIC
1163,21.740751885532127,80.08880079055255,0,0,unknown,False,,DEMO_SYNTHETIC
1164,21.749785584171125,80.08874381168276,0,0,unknown,False,,DEMO_SYNTHETIC
1165,21.758819272813806,80.08868680316033,0,0,unknown,False,,DEMO_SYNTHETIC
1166,21.76785295145682,80.08862976497694,0,0,unknown,False,,DEMO_SYNTHETIC
1167,21.776886620096818,80.0885726971242,0,0,unknown,False,,DEMO_SYNTHETIC
1168,21.78592027873046,80.0885155995938,0,0,unknown,False,,DEMO_SYNTHETIC
1169,21.794953927354435,80.08845847237733,0,0,unknown,False,,DEMO_SYNTHETIC
1170,21.80398756596537,80.08840131546644,0,0,unknown,False,,DEMO_SYNTHETIC
1171,21.813021194559937,80.08834412885273,0,1,barren,False,0.0,DEMO_SYNTHETIC
1172,21.822054813134812,80.08828691252783,0,0,unknown,False,,DEMO_SYNTHETIC
1173,21.831088421686648,80.08822966648336,0,0,unknown,False,,DEMO_SYNTHETIC
1174,21.8401220202121,80.08817239071092,0,0,unknown,False,,DEMO_SYNTHETIC
1175,21.84915560870786,80.08811508520209,0,0,unknown,False,,DEMO_SYNTHETIC
1176,21.858189187170574,80.0880577499485,0,1,barren,False,0.0,DEMO_SYNTHETIC
1177,21.867222755596924,80.08800038494171,0,0,unknown,False,,DEMO_SYNTHETIC
1178,21.87625631398358,80.0879429901733,0,0,unknown,False,,DEMO_SYNTHETIC
1179,21.8852898623272,80.08788556563488,0,0,unknown,False,,DEMO_SYNTHETIC
1180,21.894323400624454,80.08782811131798,0,0,unknown,False,,DEMO_SYNTHETIC
1181,21.903356928872025,80.0877706272142,0,0,unknown,False,,DEMO_SYNTHETIC
1182,21.912390447066585,80.08771311331508,0,0,unknown,False,,DEMO_SYNTHETIC
1183,21.921423955204812,80.08765556961218,0,0,unknown,False,,DEMO_SYNTHETIC
1184,21.930457453283367,80.08759799609706,0,0,unknown,False,,DEMO_SYNTHETIC
1185,21.93949094129894,80.08754039276126,0,0,unknown,False,,DEMO_SYNTHETIC
1186,21.948524419248194,80.08748275959628,0,0,unknown,False,,DEMO_SYNTHETIC
1187,21.95755788712782,80.08742509659373,0,0,unknown,False,,DEMO_SYNTHETIC
1188,21.96659134493449,80.08736740374506,0,0,unknown,False,,DEMO_SYNTHETIC
1189,21.97562479266489,80.08730968104183,0,0,unknown,False,,DEMO_SYNTHETIC
1190,21.98465823031569,80.08725192847555,0,0,unknown,False,,DEMO_SYNTHETIC
1191,21.993691657883584,80.08719414603773,0,0,unknown,False,,DEMO_SYNTHETIC
1192,22.00272507536525,80.08713633371987,0,0,unknown,False,,DEMO_SYNTHETIC
1193,22.011758482757365,80.08707849151347,0,0,unknown,False,,DEMO_SYNTHETIC
1194,22.020791880056628,80.08702061941004,0,0,unknown,False,,DEMO_SYNTHETIC
1195,22.02982526725971,80.08696271740104,0,0,unknown,False,,DEMO_SYNTHETIC
1196,22.038858644363305,80.08690478547796,0,0,unknown,False,,DEMO_SYNTHETIC
1197,22.04789201136411,80.08684682363227,0,0,unknown,False,,DEMO_SYNTHETIC
1198,22.056925368258796,80.08678883185546,0,1,barren,False,0.0,DEMO_SYNTHETIC
1199,22.065958715044065,80.08673081013899,0,0,unknown,False,,DEMO_SYNTHETIC
1200,21.53302644767798,80.09975859743165,0,0,unknown,False,,DEMO_SYNTHETIC
1201,21.542060399424372,80.09970289550638,0,0,unknown,False,,DEMO_SYNTHETIC
1202,21.55109434125446,80.09964716443153,0,0,unknown,False,,DEMO_SYNTHETIC
1203,21.560128273164885,80.09959140419895,0,0,unknown,False,,DEMO_SYNTHETIC
1204,21.5691621951523,80.09953561480049,0,0,unknown,False,,DEMO_SYNTHETIC
1205,21.578196107213323,80.09947979622801,0,0,unknown,False,,DEMO_SYNTHETIC
1206,21.5872300093446,80.09942394847336,0,0,unknown,False,,DEMO_SYNTHETIC
1207,21.59626390154279,80.09936807152836,0,0,unknown,False,,DEMO_SYNTHETIC
1208,21.605297783804506,80.09931216538487,0,0,unknown,False,,DEMO_SYNTHETIC
1209,21.614331656126414,80.09925623003473,0,0,unknown,False,,DEMO_SYNTHETIC
1210,21.62336551850515,80.09920026546973,0,0,unknown,False,,DEMO_SYNTHETIC
1211,21.632399370937357,80.09914427168174,0,0,unknown,False,,DEMO_SYNTHETIC
1212,21.64143321341969,80.09908824866253,0,0,unknown,False,,DEMO_SYNTHETIC
1213,21.650467045948776,80.09903219640394,0,0,unknown,False,,DEMO_SYNTHETIC
1214,21.659500868521288,80.09897611489775,0,0,unknown,False,,DEMO_SYNTHETIC
1215,21.668534681133856,80.09892000413579,0,0,unknown,False,,DEMO_SYNTHETIC
1216,21.677568483783137,80.09886386410982,0,0,unknown,False,,DEMO_SYNTHETIC
1217,21.68660227646578,80.09880769481164,0,0,unknown,False,,DEMO_SYNTHETIC
1218,21.695636059178444,80.09875149623304,0,0,unknown,False,,DEMO_SYNTHETIC
1219,21.704669831917773,80.09869526836579,0,0,unknown,False,,DEMO_SYNTHETIC
1220,21.713703594680425,80.09863901120167,0,0,unknown,False,,DEMO_SYNTHETIC
1221,21.722737347463042,80.09858272473242,0,0,unknown,False,,DEMO_SYNTHETIC
1222,21.7317710902623,80.09852640894984,0,0,unknown,False,,DEMO_SYNTHETIC
1223,21.740804823074846,80.09847006384565,0,0,unknown,False,,DEMO_SYNTHETIC
1224,21.749838545897333,80.09841368941161,0,0,unknown,False,,DEMO_SYNTHETIC
1225,21.758872258726427,80.09835728563948,0,0,unknown,False,,DEMO_SYNTHETIC
1226,21.76790596155879,80.09830085252098,0,0,unknown,False,,DEMO_SYNTHETIC
1227,21.776939654391064,80.09824439004785,0,0,unknown,False,,DEMO_SYNTHETIC
1228,21.785973337219932,80.0981878982118,0,0,unknown,False,,DEMO_SYNTHETIC
1229,21.795007010042042,80.09813137700459,0,0,unknown,False,,DEMO_SYNTHETIC
1230,21.80404067285407,80.09807482641791,0,0,unknown,False,,DEMO_SYNTHETIC
1231,21.813074325652668,80.09801824644346,0,0,unknown,False,,DEMO_SYNTHETIC
1232,21.822107968434512,80.09796163707298,0,0,unknown,False,,DEMO_SYNTHETIC
1233,21.831141601196258,80.09790499829813,0,0,unknown,False,,DEMO_SYNTHETIC
1234,21.840175223934573,80.09784833011065,0,0,unknown,False,,DEMO_SYNTHETIC
1235,21.84920883664614,80.0977916325022,0,0,unknown,False,,DEMO_SYNTHETIC
1236,21.858242439327604,80.09773490546445,0,0,unknown,False,,DEMO_SYNTHETIC
1237,21.867276031975656,80.0976781489891,0,0,unknown,False,,DEMO_SYNTHETIC
1238,21.87630961458696,80.09762136306782,0,0,unknown,False,,DEMO_SYNTHETIC
1239,21.88534318715819,80.09756454769226,0,0,unknown,False,,DEMO_SYNTHETIC
1240,21.894376749686014,80.0975077028541,0,0,unknown,False,,DEMO_SYNTHETIC
1241,21.903410302167106,80.09745082854499,0,0,unknown,False,,DEMO_SYNTHETIC
1242,21.912443844598148,80.09739392475657,0,0,unknown,False,,DEMO_SYNTHETIC
1243,21.921477376975812,80.09733699148052,0,0,unknown,False,,DEMO_SYNTHETIC
1244,21.930510899296767,80.09728002870844,0,0,unknown,False,,DEMO_SYNTHETIC
1245,21.93954441155771,80.09722303643197,0,0,unknown,False,,DEMO_SYNTHETIC
1246,21.948577913755297,80.09716601464275,0,0,unknown,False,,DEMO_SYNTHETIC
1247,21.957611405886215,80.09710896333239,0,1,barren,False,0.0,DEMO_SYNTHETIC
1248,21.966644887947158,80.09705188249251,0,0,unknown,False,,DEMO_SYNTHETIC
1249,21.975678359934797,80.09699477211473,0,0,unknown,False,,DEMO_SYNTHETIC
1250,21.984711821845806,80.09693763219065,0,0,unknown,False,,DEMO_SYNTHETIC
1251,21.993745273676893,80.09688046271185,0,0,unknown,False,,DEMO_SYNTHETIC
1252,22.00277871542472,80.09682326366996,0,0,unknown,False,,DEMO_SYNTHETIC
1253,22.011812147085983,80.09676603505655,0,0,unknown,False,,DEMO_SYNTHETIC
1254,22.02084556865736,80.0967087768632,0,0,unknown,False,,DEMO_SYNTHETIC
1255,22.029878980135553,80.0966514890815,0,0,unknown,False,,DEMO_SYNTHETIC
1256,22.038912381517232,80.09659417170299,0,0,unknown,False,,DEMO_SYNTHETIC
1257,22.047945772799103,80.0965368247193,0,0,unknown,False,,DEMO_SYNTHETIC
1258,22.05697915397785,80.09647944812191,0,0,unknown,False,,DEMO_SYNTHETIC
1259,22.066012525050162,80.09642204190244,0,0,unknown,False,,DEMO_SYNTHETIC
1260,21.533078271145428,80.10941408444818,0,1,barren,False,0.0,DEMO_SYNTHETIC
1261,21.54211224675121,80.10935897975716,0,0,unknown,False,,DEMO_SYNTHETIC
1262,21.55114621244355,80.10930384622907,0,0,unknown,False,,DEMO_SYNTHETIC
1263,21.560180168219095,80.10924868385582,0,0,unknown,False,,DEMO_SYNTHETIC
1264,21.569214114074484,80.10919349262939,0,0,unknown,False,,DEMO_SYNTHETIC
1265,21.578248050006348,80.1091382725417,0,0,unknown,False,,DEMO_SYNTHETIC
1266,21.587281976011344,80.10908302358469,0,0,unknown,False,,DEMO_SYNTHETIC
1267,21.5963158920861,80.10902774575028,0,0,unknown,False,,DEMO_SYNTHETIC
1268,21.60534979822726,80.10897243903042,0,0,unknown,False,,DEMO_SYNTHETIC
1269,21.61438369443149,80.108917103417,0,0,unknown,False,,DEMO_SYNTHETIC
1270,21.62341758069541,80.10886173890195,0,0,unknown,False,,DEMO_SYNTHETIC
1271,21.632451457015684,80.10880634547718,0,0,unknown,False,,DEMO_SYNTHETIC
1272,21.64148532338895,80.10875092313458,0,0,unknown,False,,DEMO_SYNTHETIC
1273,21.650519179811855,80.10869547186607,0,0,unknown,False,,DEMO_SYNTHETIC
1274,21.659553026281067,80.10863999166352,0,0,unknown,False,,DEMO_SYNTHETIC
1275,21.66858686279321,80.10858448251881,0,0,unknown,False,,DEMO_SYNTHETIC
1276,21.67762068934495,80.10852894442385,0,0,unknown,False,,DEMO_SYNTHETIC
1277,21.686654505932943,80.1084733773705,0,0,unknown,False,,DEMO_SYNTHETIC
1278,21.69568831255383,80.10841778135062,0,0,unknown,False,,DEMO_SYNTHETIC
1279,21.70472210920428,80.10836215635611,0,0,unknown,False,,DEMO_SYNTHETIC
1280,21.71375589588094,80.10830650237878,0,0,unknown,False,,DEMO_SYNTHETIC
1281,21.72278967258046,80.10825081941053,0,0,unknown,False,,DEMO_SYNTHETIC
1282,21.731823439299507,80.10819510744318,0,0,unknown,False,,DEMO_SYNTHETIC
1283,21.740857196034746,80.10813936646859,0,0,unknown,False,,DEMO_SYNTHETIC
1284,21.74989094278282,80.10808359647858,0,0,unknown,False,,DEMO_SYNTHETIC
1285,21.758924679540396,80.108027797465,0,0,unknown,False,,DEMO_SYNTHETIC
1286,21.767958406304132,80.10797196941965,0,0,unknown,False,,DEMO_SYNTHETIC
1287,21.7769921230707,80.1079161123344,0,0,unknown,False,,DEMO_SYNTHETIC
1288,21.786025829836753,80.107860226201,0,0,unknown,False,,DEMO_SYNTHETIC
1289,21.795059526598962,80.10780431101132,0,0,unknown,False,,DEMO_SYNTHETIC
1290,21.80409321335398,80.10774836675715,0,0,unknown,False,,DEMO_SYNTHETIC
1291,21.813126890098488,80.10769239343027,0,0,unknown,False,,DEMO_SYNTHETIC
1292,21.822160556829147,80.10763639102248,0,0,unknown,False,,DEMO_SYNTHETIC
1293,21.83119421354262,80.10758035952558,0,0,unknown,False,,DEMO_SYNTHETIC
1294,21.840227860235583,80.10752429893135,0,1,barren,False,0.0,DEMO_SYNTHETIC
1295,21.8492614969047,80.10746820923156,0,0,unknown,False,,DEMO_SYNTHETIC
1296,21.85829512354665,80.10741209041801,0,0,unknown,False,,DEMO_SYNTHETIC
1297,21.867328740158097,80.10735594248241,0,0,unknown,False,,DEMO_SYNTHETIC
1298,21.87636234673571,80.10729976541658,0,0,unknown,False,,DEMO_SYNTHETIC
1299,21.88539594327618,80.10724355921225,0,0,unknown,False,,DEMO_SYNTHETIC
1300,21.894429529776165,80.10718732386118,0,0,unknown,False,,DEMO_SYNTHETIC
1301,21.903463106232337,80.10713105935508,0,0,unknown,False,,DEMO_SYNTHETIC
1302,21.912496672641396,80.10707476568574,0,0,unknown,False,,DEMO_SYNTHETIC
1303,21.921530229000002,80.10701844284488,0,0,unknown,False,,DEMO_SYNTHETIC
1304,21.93056377530483,80.10696209082418,0,0,unknown,False,,DEMO_SYNTHETIC
1305,21.939597311552575,80.10690570961545,0,0,unknown,False,,DEMO_SYNTHETIC
1306,21.948630837739902,80.10684929921032,0,0,unknown,False,,DEMO_SYNTHETIC
1307,21.957664353863503,80.10679285960056,0,0,unknown,False,,DEMO_SYNTHETIC
1308,21.966697859920053,80.10673639077787,0,0,unknown,False,,DEMO_SYNTHETIC
1309,21.97573135590624,80.10667989273392,0,0,unknown,False,,DEMO_SYNTHETIC
1310,21.984764841818755,80.10662336546042,0,0,unknown,False,,DEMO_SYNTHETIC
1311,21.993798317654274,80.10656680894908,0,0,unknown,False,,DEMO_SYNTHETIC
1312,22.00283178340948,80.10651022319156,0,0,unknown,False,,DEMO_SYNTHETIC
1313,22.011865239081065,80.10645360817955,0,0,unknown,False,,DEMO_SYNTHETIC
1314,22.02089868466572,80.10639696390471,0,0,unknown,False,,DEMO_SYNTHETIC
1315,22.02993212016013,80.10634029035874,0,0,unknown,False,,DEMO_SYNTHETIC
1316,22.038965545560988,80.10628358753327,0,0,unknown,False,,DEMO_SYNTHETIC
1317,22.04799896086499,80.10622685541996,0,0,unknown,False,,DEMO_SYNTHETIC
1318,22.057032366068817,80.10617009401047,0,0,unknown,False,,DEMO_SYNTHETIC
1319,22.066065761169174,80.10611330329644,0,0,unknown,False,,DEMO_SYNTHETIC
1320,21.533129535946248,80.11906960029374,0,0,unknown,False,,DEMO_SYNTHETIC
1321,21.542163535154238,80.11901509284502,0,0,unknown,False,,DEMO_SYNTHETIC
1322,21.55119752445161,80.11896055687173,0,0,unknown,False,,DEMO_SYNTHETIC
1323,21.560231503835016,80.1189059923659,0,0,unknown,False,,DEMO_SYNTHETIC
1324,21.569265473301098,80.11885139931955,0,1,barren,False,0.0,DEMO_SYNTHETIC
1325,21.578299432846492,80.1187967777247,0,0,unknown,False,,DEMO_SYNTHETIC
1326,21.58733338246784,80.11874212757341,0,0,unknown,False,,DEMO_SYNTHETIC
1327,21.596367322161797,80.11868744885767,0,0,unknown,False,,DEMO_SYNTHETIC
1328,21.605401251924995,80.1186327415695,0,0,unknown,False,,DEMO_SYNTHETIC
1329,21.6144351717541,80.11857800570091,0,0,unknown,False,,DEMO_SYNTHETIC
1330,21.623469081645737,80.11852324124389,1,0,mineralized,False,1.0,DEMO_SYNTHETIC
1331,21.632502981596573,80.11846844819044,0,1,barren,False,0.0,DEMO_SYNTHETIC
1332,21.641536871603243,80.11841362653256,0,0,unknown,False,,DEMO_SYNTHETIC
1333,21.650570751662407,80.11835877626223,0,0,unknown,False,,DEMO_SYNTHETIC
1334,21.65960462177072,80.11830389737142,0,0,unknown,False,,DEMO_SYNTHETIC
1335,21.668638481924813,80.1182489898521,0,0,unknown,False,,DEMO_SYNTHETIC
1336,21.67767233212136,80.11819405369627,0,0,unknown,False,,DEMO_SYNTHETIC
1337,21.686706172357006,80.11813908889587,0,0,unknown,False,,DEMO_SYNTHETIC
1338,21.695740002628412,80.11808409544287,0,0,unknown,False,,DEMO_SYNTHETIC
1339,21.70477382293223,80.11802907332923,0,0,unknown,False,,DEMO_SYNTHETIC
1340,21.713807633265112,80.11797402254686,0,0,unknown,False,,DEMO_SYNTHETIC
1341,21.722841433623724,80.11791894308773,0,0,unknown,False,,DEMO_SYNTHETIC
1342,21.731875224004725,80.11786383494378,0,0,unknown,False,,DEMO_SYNTHETIC
1343,21.740909004404774,80.11780869810693,0,0,unknown,False,,DEMO_SYNTHETIC
1344,21.74994277482052,80.11775353256911,0,0,unknown,False,,DEMO_SYNTHETIC
1345,21.75897653524865,80.11769833832226,0,0,unknown,False,,DEMO_SYNTHETIC
1346,21.768010285685804,80.11764311535826,0,1,barren,False,0.0,DEMO_SYNTHETIC
1347,21.777044026128657,80.11758786366903,0,0,unknown,False,,DEMO_SYNTHETIC
1348,21.786077756573864,80.1175325832465,0,0,unknown,False,,DEMO_SYNTHETIC
1349,21.795111477018104,80.11747727408255,0,0,unknown,False,,DEMO_SYNTHETIC
1350,21.804145187458026,80.11742193616907,0,0,unknown,False,,DEMO_SYNTHETIC
1351,21.81317888789032,80.11736656949796,0,0,unknown,False,,DEMO_SYNTHETIC
1352,21.82221257831164,80.11731117406109,0,0,unknown,False,,DEMO_SYNTHETIC
1353,21.831246258718657,80.11725574985034,0,0,unknown,False,,DEMO_SYNTHETIC
1354,21.84027992910804,80.1172002968576,0,0,unknown,False,,DEMO_SYNTHETIC
1355,21.849313589476473,80.11714481507471,0,1,barren,False,0.0,DEMO_SYNTHETIC
1356,21.858347239820613,80.11708930449356,0,0,unknown,False,,DEMO_SYNTHETIC
1357,21.86738088013714,80.11703376510599,0,0,unknown,False,,DEMO_SYNTHETIC
1358,21.876414510422727,80.11697819690386,0,0,unknown,False,,DEMO_SYNTHETIC
1359,21.885448130674057,80.11692259987898,0,0,unknown,False,,DEMO_SYNTHETIC
1360,21.89448174088779,80.11686697402325,0,0,unknown,False,,DEMO_SYNTHETIC
1361,21.90351534106062,80.11681131932845,0,1,barren,False,0.0,DEMO_SYNTHETIC
1362,21.912548931189217,80.11675563578643,0,0,unknown,False,,DEMO_SYNTHETIC
1363,21.92158251127026,80.11669992338902,0,0,unknown,False,,DEMO_SYNTHETIC
1364,21.930616081300432,80.11664418212803,0,0,unknown,False,,DEMO_SYNTHETIC
1365,21.939649641276414,80.11658841199527,0,0,unknown,False,,DEMO_SYNTHETIC
1366,21.948683191194885,80.11653261298255,0,0,unknown,False,,DEMO_SYNTHETIC
1367,21.95771673105253,80.11647678508169,0,0,unknown,False,,DEMO_SYNTHETIC
1368,21.96675026084604,80.11642092828446,0,0,unknown,False,,DEMO_SYNTHETIC
1369,21.97578378057209,80.11636504258266,0,0,unknown,False,,DEMO_SYNTHETIC
1370,21.98481729022737,80.11630912796807,0,0,unknown,False,,DEMO_SYNTHETIC
1371,21.993850789808565,80.11625318443248,0,0,unknown,False,,DEMO_SYNTHETIC
1372,22.00288427931237,80.11619721196766,0,0,unknown,False,,DEMO_SYNTHETIC
1373,22.011917758735464,80.11614121056537,0,0,unknown,False,,DEMO_SYNTHETIC
1374,22.020951228074548,80.1160851802174,0,0,unknown,False,,DEMO_SYNTHETIC
1375,22.029984687326298,80.11602912091547,0,0,unknown,False,,DEMO_SYNTHETIC
1376,22.03901813648742,80.11597303265137,0,0,unknown,False,,DEMO_SYNTHETIC
1377,22.048051575554606,80.11591691541682,0,0,unknown,False,,DEMO_SYNTHETIC
1378,22.05708500452454,80.11586076920355,0,0,unknown,False,,DEMO_SYNTHETIC
1379,22.066118423393924,80.11580459400335,0,1,barren,False,0.0,DEMO_SYNTHETIC
1380,21.53318024207358,80.12872514465595,0,0,unknown,False,,DEMO_SYNTHETIC
1381,21.54221426462657,80.12867123445749,0,0,unknown,False,,DEMO_SYNTHETIC
1382,21.551248277271743,80.12861729604694,0,0,unknown,False,,DEMO_SYNTHETIC
1383,21.560282280005755,80.12856332941647,0,0,unknown,False,,DEMO_SYNTHETIC
1384,21.569316272825237,80.12850933455817,0,0,unknown,False,,DEMO_SYNTHETIC
1385,21.578350255726832,80.12845531146418,0,0,unknown,False,,DEMO_SYNTHETIC
1386,21.587384228707197,80.12840126012658,0,0,unknown,False,,DEMO_SYNTHETIC
1387,21.596418191762975,80.12834718053749,0,0,unknown,False,,DEMO_SYNTHETIC
1388,21.605452144890794,80.12829307268902,0,0,unknown,False,,DEMO_SYNTHETIC
1389,21.614486088087325,80.12823893657324,0,0,unknown,False,,DEMO_SYNTHETIC
1390,21.623520021349215,80.12818477218225,0,0,unknown,False,,DEMO_SYNTHETIC
1391,21.632553944673106,80.12813057950814,0,0,unknown,False,,DEMO_SYNTHETIC
1392,21.641587858055647,80.128076358543,1,0,mineralized,False,1.0,DEMO_SYNTHETIC
1393,21.6506217614935,80.12802210927886,0,0,unknown,False,,DEMO_SYNTHETIC
1394,21.65965565498331,80.12796783170782,1,0,mineralized,False,1.0,DEMO_SYNTHETIC
1395,21.668689538521733,80.12791352582194,0,0,unknown,False,,DEMO_SYNTHETIC
1396,21.67772341210542,80.12785919161327,0,0,unknown,False,,DEMO_SYNTHETIC
1397,21.686757275731036,80.12780482907387,0,0,unknown,False,,DEMO_SYNTHETIC
1398,21.695791129395232,80.12775043819578,0,0,unknown,False,,DEMO_SYNTHETIC
1399,21.70482497309466,80.12769601897104,0,0,unknown,False,,DEMO_SYNTHETIC
1400,21.713858806825993,80.12764157139169,0,0,unknown,False,,DEMO_SYNTHETIC
1401,21.72289263058587,80.12758709544974,0,0,unknown,False,,DEMO_SYNTHETIC
1402,21.73192644437098,80.12753259113725,0,0,unknown,False,,DEMO_SYNTHETIC
1403,21.74096024817796,80.12747805844623,0,0,unknown,False,,DEMO_SYNTHETIC
1404,21.749994042003483,80.1274234973687,0,0,unknown,False,,DEMO_SYNTHETIC
1405,21.759027825844214,80.12736890789664,0,0,unknown,False,,DEMO_SYNTHETIC
1406,21.768061599696814,80.12731429002207,0,0,unknown,False,,DEMO_SYNTHETIC
1407,21.77709536355795,80.12725964373699,0,0,unknown,False,,DEMO_SYNTHETIC
1408,21.786129117424274,80.12720496903341,0,0,unknown,False,,DEMO_SYNTHETIC
1409,21.79516286129248,80.1271502659033,0,0,unknown,False,,DEMO_SYNTHETIC
1410,21.804196595159222,80.12709553433862,0,0,unknown,False,,DEMO_SYNTHETIC
1411,21.813230319021162,80.12704077433139,0,0,unknown,False,,DEMO_SYNTHETIC
1412,21.822264032874987,80.12698598587357,0,0,unknown,False,,DEMO_SYNTHETIC
1413,21.83129773671736,80.12693116895711,0,0,unknown,False,,DEMO_SYNTHETIC
1414,21.84033143054494,80.126876323574,0,0,unknown,False,,DEMO_SYNTHETIC
1415,21.849365114354427,80.12682144971615,0,0,unknown,False,,DEMO_SYNTHETIC
1416,21.85839878814248,80.12676654737555,0,0,unknown,False,,DEMO_SYNTHETIC
1417,21.867432451905767,80.12671161654414,0,0,unknown,False,,DEMO_SYNTHETIC
1418,21.87646610564098,80.12665665721384,0,0,unknown,False,,DEMO_SYNTHETIC
1419,21.885499749344792,80.12660166937661,0,0,unknown,False,,DEMO_SYNTHETIC
1420,21.89453338301387,80.12654665302436,0,0,unknown,False,,DEMO_SYNTHETIC
1421,21.9035670066449,80.12649160814902,0,0,unknown,False,,DEMO_SYNTHETIC
1422,21.912600620234567,80.12643653474252,0,0,unknown,False,,DEMO_SYNTHETIC
1423,21.921634223779545,80.12638143279675,0,0,unknown,False,,DEMO_SYNTHETIC
1424,21.930667817276518,80.12632630230364,0,0,unknown,False,,DEMO_SYNTHETIC
1425,21.93970140072218,80.12627114325507,0,0,unknown,False,,DEMO_SYNTHETIC
1426,21.948734974113197,80.12621595564295,0,0,unknown,False,,DEMO_SYNTHETIC
1427,21.957768537446253,80.12616073945918,0,0,unknown,False,,DEMO_SYNTHETIC
1428,21.96680209071805,80.12610549469562,0,0,unknown,False,,DEMO_SYNTHETIC
1429,21.97583563392526,80.12605022134419,0,0,unknown,False,,DEMO_SYNTHETIC
1430,21.984869167064588,80.12599491939672,0,0,unknown,False,,DEMO_SYNTHETIC
1431,21.99390269013271,80.12593958884511,0,1,barren,False,0.0,DEMO_SYNTHETIC
1432,22.002936203126318,80.1258842296812,0,0,unknown,False,,DEMO_SYNTHETIC
1433,22.0119697060421,80.12582884189689,0,0,unknown,False,,DEMO_SYNTHETIC
1434,22.021003198876745,80.125773425484,0,0,unknown,False,,DEMO_SYNTHETIC
1435,22.030036681626957,80.12571798043439,0,0,unknown,False,,DEMO_SYNTHETIC
1436,22.03907015428943,80.1256625067399,0,0,unknown,False,,DEMO_SYNTHETIC
1437,22.048103616860846,80.12560700439236,0,0,unknown,False,,DEMO_SYNTHETIC
1438,22.05713706933791,80.12555147338362,0,0,unknown,False,,DEMO_SYNTHETIC
1439,22.066170511717306,80.12549591370549,0,0,unknown,False,,DEMO_SYNTHETIC
1440,21.533230389520583,80.13838071722233,0,0,unknown,False,,DEMO_SYNTHETIC
1441,21.542264435161385,80.13832740428198,0,0,unknown,False,,DEMO_SYNTHETIC
1442,21.551298470897134,80.13827406344208,0,0,unknown,False,,DEMO_SYNTHETIC
1443,21.56033249672448,80.13822069469487,0,0,unknown,False,,DEMO_SYNTHETIC
1444,21.569366512640087,80.13816729803251,0,0,unknown,False,,DEMO_SYNTHETIC
1445,21.578400518640564,80.13811387344724,0,0,unknown,False,,DEMO_SYNTHETIC
1446,21.58743451472258,80.13806042093124,0,0,unknown,False,,DEMO_SYNTHETIC
1447,21.59646850088279,80.1380069404767,0,0,unknown,False,,DEMO_SYNTHETIC
1448,21.605502477117824,80.13795343207582,0,0,unknown,False,,DEMO_SYNTHETIC
1449,21.614536443424342,80.13789989572078,0,0,unknown,False,,DEMO_SYNTHETIC
1450,21.62357039979899,80.13784633140375,0,0,unknown,False,,DEMO_SYNTHETIC
1451,21.632604346238434,80.13779273911689,0,1,barren,False,0.0,DEMO_SYNTHETIC
1452,21.641638282739308,80.13773911885238,0,0,unknown,False,,DEMO_SYNTHETIC
1453,21.650672209298275,80.13768547060239,1,0,mineralized,False,1.0,DEMO_SYNTHETIC
1454,21.659706125911985,80.13763179435907,0,0,unknown,False,,DEMO_SYNTHETIC
1455,21.66874003257709,80.13757809011454,0,0,unknown,False,,DEMO_SYNTHETIC
1456,21.677773929290268,80.137524357861,0,0,unknown,False,,DEMO_SYNTHETIC
1457,21.68680781604815,80.13747059759054,0,0,unknown,False,,DEMO_SYNTHETIC
1458,21.695841692847413,80.13741680929532,0,0,unknown,False,,DEMO_SYNTHETIC
1459,21.7048755596847,80.13736299296745,0,0,unknown,False,,DEMO_SYNTHETIC
1460,21.71390941655669,80.13730914859909,0,0,unknown,False,,DEMO_SYNTHETIC
1461,21.722943263460024,80.13725527618233,0,0,unknown,False,,DEMO_SYNTHETIC
1462,21.731977100391383,80.13720137570928,0,0,unknown,False,,DEMO_SYNTHETIC
1463,21.74101092734742,80.13714744717208,0,0,unknown,False,,DEMO_SYNTHETIC
1464,21.750044744324796,80.13709349056279,0,0,unknown,False,,DEMO_SYNTHETIC
1465,21.759078551320194,80.13703950587353,0,0,unknown,False,,DEMO_SYNTHETIC
1466,21.76811234833026,80.1369854930964,0,0,unknown,False,,DEMO_SYNTHETIC
1467,21.777146135351664,80.13693145222348,0,0,unknown,False,,DEMO_SYNTHETIC
1468,21.78617991238108,80.13687738324684,0,0,unknown,False,,DEMO_SYNTHETIC
1469,21.795213679415184,80.13682328615859,0,0,unknown,False,,DEMO_SYNTHETIC
1470,21.804247436450627,80.13676916095076,0,0,unknown,False,,DEMO_SYNTHETIC
1471,21.813281183484097,80.13671500761544,0,0,unknown,False,,DEMO_SYNTHETIC
1472,21.822314920512255,80.13666082614468,0,0,unknown,False,,DEMO_SYNTHETIC
1473,21.831348647531787,80.13660661653054,0,0,unknown,False,,DEMO_SYNTHETIC
1474,21.840382364539355,80.13655237876509,0,0,unknown,False,,DEMO_SYNTHETIC
1475,21.849416071531635,80.13649811284034,0,0,unknown,False,,DEMO_SYNTHETIC
1476,21.858449768505306,80.13644381874835,0,0,unknown,False,,DEMO_SYNTHETIC
1477,21.867483455457045,80.13638949648114,0,0,unknown,False,,DEMO_SYNTHETIC
1478,21.876517132383523,80.13633514603077,0,0,unknown,False,,DEMO_SYNTHETIC
1479,21.885550799281432,80.13628076738924,0,0,unknown,False,,DEMO_SYNTHETIC
1480,21.894584456147438,80.13622636054856,0,0,unknown,False,,DEMO_SYNTHETIC
1481,21.903618102978225,80.13617192550076,0,0,unknown,False,,DEMO_SYNTHETIC
1482,21.91265173977049,80.13611746223785,0,0,unknown,False,,DEMO_SYNTHETIC
1483,21.921685366520894,80.13606297075184,0,0,unknown,False,,DEMO_SYNTHETIC
1484,21.93071898322613,80.13600845103468,0,0,unknown,False,,DEMO_SYNTHETIC
1485,21.939752589882886,80.1359539030784,0,0,unknown,False,,DEMO_SYNTHETIC
1486,21.948786186487837,80.135899326875,0,0,unknown,False,,DEMO_SYNTHETIC
1487,21.95781977303768,80.13584472241642,0,0,unknown,False,,DEMO_SYNTHETIC
1488,21.966853349529103,80.13579008969468,0,0,unknown,False,,DEMO_SYNTHETIC
1489,21.97588691595878,80.13573542870172,0,0,unknown,False,,DEMO_SYNTHETIC
1490,21.984920472323417,80.1356807394295,0,0,unknown,False,,DEMO_SYNTHETIC
1491,21.9939540186197,80.13562602187001,0,0,unknown,False,,DEMO_SYNTHETIC
1492,22.002987554844317,80.1355712760152,0,0,unknown,False,,DEMO_SYNTHETIC
1493,22.012021080993957,80.13551650185698,0,0,unknown,False,,DEMO_SYNTHETIC
1494,22.02105459706532,80.13546169938733,0,0,unknown,False,,DEMO_SYNTHETIC
1495,22.030088103055103,80.1354068685982,0,0,unknown,False,,DEMO_SYNTHETIC
1496,22.039121598959994,80.13535200948148,0,0,unknown,False,,DEMO_SYNTHETIC
1497,22.048155084776692,80.13529712202913,0,0,unknown,False,,DEMO_SYNTHETIC
1498,22.057188560501896,80.13524220623306,0,0,unknown,False,,DEMO_SYNTHETIC
1499,22.066222026132298,80.1351872620852,0,0,unknown,False,,DEMO_SYNTHETIC
1500,21.53327997828055,80.14803631768049,0,0,unknown,False,,DEMO_SYNTHETIC
1501,21.54231404675195,80.14798360200604,0,0,unknown,False,,DEMO_SYNTHETIC
1502,21.55134810532104,80.14793085874457,0,0,unknown,False,,DEMO_SYNTHETIC
1503,21.56038215398447,80.14787808788839,0,0,unknown,False,,DEMO_SYNTHETIC
1504,21.569416192738878,80.14782528942978,0,0,unknown,False,,DEMO_SYNTHETIC
1505,21.578450221580923,80.14777246336102,0,0,unknown,False,,DEMO_SYNTHETIC
1506,21.58748424050724,80.14771960967444,0,0,unknown,False,,DEMO_SYNTHETIC
1507,21.596518249514492,80.14766672836225,0,0,unknown,False,,DEMO_SYNTHETIC
1508,21.60555224859931,80.1476138194168,0,0,unknown,False,,DEMO_SYNTHETIC
1509,21.614586237758363,80.1475608828303,0,0,unknown,False,,DEMO_SYNTHETIC
1510,21.623620216988307,80.14750791859505,0,0,unknown,False,,DEMO_SYNTHETIC
1511,21.63265418628578,80.14745492670329,0,0,unknown,False,,DEMO_SYNTHETIC
1512,21.64168814564744,80.14740190714728,0,0,unknown,False,,DEMO_SYNTHETIC
1513,21.650722095069952,80.14734885991926,0,0,unknown,False,,DEMO_SYNTHETIC
1514,21.65975603454996,80.1472957850115,0,0,unknown,False,,DEMO_SYNTHETIC
1515,21.66878996408412,80.1472426824162,0,0,unknown,False,,DEMO_SYNTHETIC
1516,21.67782388366911,80.14718955212562,0,0,unknown,False,,DEMO_SYNTHETIC
1517,21.686857793301563,80.14713639413198,0,0,unknown,False,,DEMO_SYNTHETIC
1518,21.695891692978158,80.1470832084275,0,0,unknown,False,,DEMO_SYNTHETIC
1519,21.704925582695548,80.1470299950044,0,0,unknown,False,,DEMO_SYNTHETIC
1520,21.713959462450404,80.1469767538549,0,0,unknown,False,,DEMO_SYNTHETIC
1521,21.72299333223937,80.1469234849712,0,0,unknown,False,,DEMO_SYNTHETIC
1522,21.73202719205912,80.14687018834547,0,0,unknown,False,,DEMO_SYNTHETIC
1523,21.74106104190633,80.14681686396997,0,0,unknown,False,,DEMO_SYNTHETIC
1524,21.750094881777652,80.14676351183685,0,0,unknown,False,,DEMO_SYNTHETIC
1525,21.759128711669753,80.1467101319383,0,0,unknown,False,,DEMO_SYNTHETIC
1526,21.76816253157931,80.14665672426652,0,0,unknown,False,,DEMO_SYNTHETIC
1527,21.777196341502982,80.14660328881367,0,0,unknown,False,,DEMO_SYNTHETIC
1528,21.786230141437443,80.14654982557192,0,0,unknown,False,,DEMO_SYNTHETIC
1529,21.795263931379367,80.14649633453344,0,0,unknown,False,,DEMO_SYNTHETIC
1530,21.804297711325418,80.14644281569038,0,0,unknown,False,,DEMO_SYNTHETIC
1531,21.81333148127228,80.14638926903491,0,0,unknown,False,,DEMO_SYNTHETIC
1532,21.822365241216612,80.14633569455917,0,0,unknown,False,,DEMO_SYNTHETIC
1533,21.831398991155098,80.1462820922553,0,0,unknown,False,,DEMO_SYNTHETIC
1534,21.84043273108441,80.14622846211546,0,0,unknown,False,,DEMO_SYNTHETIC
1535,21.849466461001228,80.14617480413176,0,0,unknown,False,,DEMO_SYNTHETIC
1536,21.858500180902226,80.14612111829636,0,0,unknown,False,,DEMO_SYNTHETIC
1537,21.867533890784085,80.14606740460135,0,0,unknown,False,,DEMO_SYNTHETIC
1538,21.876567590643482,80.14601366303886,0,0,unknown,False,,DEMO_SYNTHETIC
1539,21.885601280477104,80.145959893601,0,0,unknown,False,,DEMO_SYNTHETIC
1540,21.89463496028162,80.14590609627989,0,1,barren,False,0.0,DEMO_SYNTHETIC
1541,21.903668630053716,80.14585227106762,0,0,unknown,False,,DEMO_SYNTHETIC
1542,21.91270228979009,80.14579841795631,0,0,unknown,False,,DEMO_SYNTHETIC
1543,21.92173593948741,80.14574453693801,0,0,unknown,False,,DEMO_SYNTHETIC
1544,21.930769579142364,80.14569062800486,0,1,barren,False,0.0,DEMO_SYNTHETIC
1545,21.93980320875164,80.14563669114888,0,0,unknown,False,,DEMO_SYNTHETIC
1546,21.948836828311926,80.1455827263622,0,1,barren,False,0.0,DEMO_SYNTHETIC
1547,21.95787043781991,80.14552873363687,0,0,unknown,False,,DEMO_SYNTHETIC
1548,21.966904037272283,80.14547471296495,0,0,unknown,False,,DEMO_SYNTHETIC
1549,21.975937626665726,80.1454206643385,0,0,unknown,False,,DEMO_SYNTHETIC
1550,21.984971205996946,80.14536658774958,0,0,unknown,False,,DEMO_SYNTHETIC
1551,21.99400477526262,80.14531248319027,0,1,barren,False,0.0,DEMO_SYNTHETIC
1552,22.003038334459454,80.14525835065255,0,0,unknown,False,,DEMO_SYNTHETIC
1553,22.01207188358412,80.14520419012851,0,0,unknown,False,,DEMO_SYNTHETIC
1554,22.021105422633337,80.14515000161018,0,0,unknown,False,,DEMO_SYNTHETIC
1555,22.030138951603792,80.14509578508957,0,0,unknown,False,,DEMO_SYNTHETIC
1556,22.039172470492186,80.14504154055871,0,0,unknown,False,,DEMO_SYNTHETIC
1557,22.048205979295208,80.1449872680096,0,0,unknown,False,,DEMO_SYNTHETIC
1558,22.05723947800956,80.14493296743429,0,0,unknown,False,,DEMO_SYNTHETIC
1559,22.066272966631946,80.14487863882478,0,0,unknown,False,,DEMO_SYNTHETIC
1560,21.53332900834681,80.15769194571799,0,0,unknown,False,,DEMO_SYNTHETIC
1561,21.542363099391608,80.15763982731713,0,0,unknown,False,,DEMO_SYNTHETIC
1562,21.5513971805368,80.15758768164177,0,0,unknown,False,,DEMO_SYNTHETIC
1563,21.560431251779036,80.15753550868433,0,0,unknown,False,,DEMO_SYNTHETIC
1564,21.569465313114964,80.15748330843718,0,0,unknown,False,,DEMO_SYNTHETIC
1565,21.57849936454123,80.15743108089268,0,0,unknown,False,,DEMO_SYNTHETIC
1566,21.58753340605449,80.1573788260432,0,0,unknown,False,,DEMO_SYNTHETIC
1567,21.596567437651387,80.15732654388111,0,1,barren,False,0.0,DEMO_SYNTHETIC
1568,21.60560145932858,80.1572742343988,0,0,unknown,False,,DEMO_SYNTHETIC
1569,21.61463547108271,80.15722189758858,0,1,barren,False,0.0,DEMO_SYNTHETIC
1570,21.623669472910453,80.15716953344287,0,0,unknown,False,,DEMO_SYNTHETIC
1571,21.632703464808447,80.15711714195393,0,0,unknown,False,,DEMO_SYNTHETIC
1572,21.641737446773348,80.15706472311416,0,0,unknown,False,,DEMO_SYNTHETIC
1573,21.65077141880182,80.15701227691589,0,0,unknown,False,,DEMO_SYNTHETIC
1574,21.659805380890518,80.15695980335144,0,0,unknown,False,,DEMO_SYNTHETIC
1575,21.668839333036097,80.15690730241315,0,0,unknown,False,,DEMO_SYNTHETIC
1576,21.67787327523523,80.1568547740933,0,0,unknown,False,,DEMO_SYNTHETIC
1577,21.686907207484555,80.15680221838426,0,0,unknown,False,,DEMO_SYNTHETIC
1578,21.69594112978075,80.1567496352783,0,0,unknown,False,,DEMO_SYNTHETIC
1579,21.704975042120473,80.15669702476775,0,1,barren,False,0.0,DEMO_SYNTHETIC
1580,21.714008944500392,80.1566443868449,0,0,unknown,False,,DEMO_SYNTHETIC
1581,21.723042836917163,80.15659172150204,0,0,unknown,False,,DEMO_SYNTHETIC
1582,21.73207671936746,80.15653902873149,0,0,unknown,False,,DEMO_SYNTHETIC
1583,21.74111059184795,80.15648630852549,0,0,unknown,False,,DEMO_SYNTHETIC
1584,21.75014445435529,80.15643356087635,0,0,unknown,False,,DEMO_SYNTHETIC
1585,21.759178306886152,80.15638078577632,0,0,unknown,False,,DEMO_SYNTHETIC
1586,21.76821214943722,80.15632798321771,0,0,unknown,False,,DEMO_SYNTHETIC
1587,21.777245982005144,80.15627515319275,0,1,barren,False,0.0,DEMO_SYNTHETIC
1588,21.7862798045866,80.15622229569372,0,1,barren,False,0.0,DEMO_SYNTHETIC
1589,21.795313617178273,80.15616941071285,0,0,unknown,False,,DEMO_SYNTHETIC
1590,21.80434741977682,80.15611649824241,0,0,unknown,False,,DEMO_SYNTHETIC
1591,21.813381212378925,80.15606355827464,0,0,unknown,False,,DEMO_SYNTHETIC
1592,21.822414994981273,80.15601059080177,0,0,unknown,False,,DEMO_SYNTHETIC
1593,21.831448767580515,80.15595759581605,0,1,barren,False,0.0,DEMO_SYNTHETIC
1594,21.840482530173336,80.15590457330968,0,0,unknown,False,,DEMO_SYNTHETIC
1595,21.84951628275643,80.15585152327493,0,0,unknown,False,,DEMO_SYNTHETIC
1596,21.858550025326462,80.15579844570397,0,0,unknown,False,,DEMO_SYNTHETIC
1597,21.86758375788011,80.15574534058902,0,0,unknown,False,,DEMO_SYNTHETIC
1598,21.876617480414073,80.15569220792231,0,0,unknown,False,,DEMO_SYNTHETIC
1599,21.885651192925007,80.15563904769603,0,0,unknown,False,,DEMO_SYNTHETIC
1600,21.894684895409615,80.15558585990239,0,0,unknown,False,,DEMO_SYNTHETIC
1601,21.903718587864564,80.15553264453355,0,1,barren,False,0.0,DEMO_SYNTHETIC
1602,21.91275227028656,80.15547940158172,0,0,unknown,False,,DEMO_SYNTHETIC
1603,21.92178594267228,80.15542613103909,0,1,barren,False,0.0,DEMO_SYNTHETIC
1604,21.9308196050184,80.15537283289781,0,0,unknown,False,,DEMO_SYNTHETIC
1605,21.939853257321627,80.15531950715008,0,0,unknown,False,,DEMO_SYNTHETIC
1606,21.94888689957863,80.15526615378805,0,0,unknown,False,,DEMO_SYNTHETIC
1607,21.95792053178611,80.15521277280389,0,0,unknown,False,,DEMO_SYNTHETIC
1608,21.96695415394076,80.15515936418974,0,0,unknown,False,,DEMO_SYNTHETIC
1609,21.975987766039268,80.15510592793775,0,0,unknown,False,,DEMO_SYNTHETIC
1610,21.98502136807832,80.15505246404008,0,0,unknown,False,,DEMO_SYNTHETIC
1611,21.994054960054626,80.15499897248887,0,0,unknown,False,,DEMO_SYNTHETIC
1612,22.003088541964864,80.15494545327626,0,0,unknown,False,,DEMO_SYNTHETIC
1613,22.012122113805734,80.15489190639434,0,0,unknown,False,,DEMO_SYNTHETIC
1614,22.02115567557394,80.15483833183528,0,0,unknown,False,,DEMO_SYNTHETIC
1615,22.030189227266174,80.15478472959119,0,0,unknown,False,,DEMO_SYNTHETIC
1616,22.03922276887913,80.15473109965416,0,0,unknown,False,,DEMO_SYNTHETIC
1617,22.048256300409523,80.1546774420163,0,0,unknown,False,,DEMO_SYNTHETIC
1618,22.057289821854035,80.15462375666975,0,0,unknown,False,,DEMO_SYNTHETIC
1619,22.06632333320938,80.15457004360657,0,0,unknown,False,,DEMO_SYNTHETIC
1620,21.533377479712787,80.16734760102234,0,0,unknown,False,,DEMO_SYNTHETIC
1621,21.542411593073762,80.16729607990268,0,0,unknown,False,,DEMO_SYNTHETIC
1622,21.55144569653782,80.16724453182107,0,0,unknown,False,,DEMO_SYNTHETIC
1623,21.560479790101585,80.16719295677,0,0,unknown,False,,DEMO_SYNTHETIC
1624,21.569513873761732,80.1671413547419,0,0,unknown,False,,DEMO_SYNTHETIC
1625,21.578547947514892,80.16708972572928,0,0,unknown,False,,DEMO_SYNTHETIC
1626,21.58758201135772,80.16703806972455,0,0,unknown,False,,DEMO_SYNTHETIC
1627,21.596616065286874,80.16698638672021,0,0,unknown,False,,DEMO_SYNTHETIC
1628,21.605650109299,80.16693467670868,1,0,mineralized,False,1.0,DEMO_SYNTHETIC
1629,21.614684143390765,80.16688293968241,0,0,unknown,False,,DEMO_SYNTHETIC
1630,21.62371816755882,80.16683117563386,0,0,unknown,False,,DEMO_SYNTHETIC
1631,21.63275218179981,80.16677938455544,0,0,unknown,False,,DEMO_SYNTHETIC
1632,21.641786186110405,80.16672756643958,0,0,unknown,False,,DEMO_SYNTHETIC
1633,21.65082018048726,80.16667572127871,0,0,unknown,False,,DEMO_SYNTHETIC
1634,21.659854164927033,80.16662384906525,0,0,unknown,False,,DEMO_SYNTHETIC
1635,21.668888139426386,80.1665719497916,0,0,unknown,False,,DEMO_SYNTHETIC
1636,21.677922103981974,80.1665200234502,0,0,unknown,False,,DEMO_SYNTHETIC
1637,21.68695605859047,80.16646807003343,0,0,unknown,False,,DEMO_SYNTHETIC
1638,21.695990003248536,80.1664160895337,0,0,unknown,False,,DEMO_SYNTHETIC
1639,21.705023937952824,80.16636408194339,0,0,unknown,False,,DEMO_SYNTHETIC
1640,21.714057862700017,80.16631204725489,0,0,unknown,False,,DEMO_SYNTHETIC
1641,21.723091777486758,80.16625998546061,0,0,unknown,False,,DEMO_SYNTHETIC
1642,21.732125682309736,80.1662078965529,0,0,unknown,False,,DEMO_SYNTHETIC
1643,21.74115957716561,80.16615578052415,0,0,unknown,False,,DEMO_SYNTHETIC
1644,21.750193462051048,80.1661036373667,0,0,unknown,False,,DEMO_SYNTHETIC
1645,21.75922733696272,80.16605146707295,0,0,unknown,False,,DEMO_SYNTHETIC
1646,21.768261201897307,80.16599926963524,0,0,unknown,False,,DEMO_SYNTHETIC
1647,21.777295056851464,80.16594704504593,0,1,barren,False,0.0,DEMO_SYNTHETIC
1648,21.78632890182187,80.16589479329734,0,0,unknown,False,,DEMO_SYNTHETIC
1649,21.79536273680521,80.16584251438185,0,0,unknown,False,,DEMO_SYNTHETIC
1650,21.804396561798146,80.16579020829178,0,0,unknown,False,,DEMO_SYNTHETIC
1651,21.81343037679736,80.16573787501947,0,0,unknown,False,,DEMO_SYNTHETIC
1652,21.822464181799532,80.16568551455725,0,0,unknown,False,,DEMO_SYNTHETIC
1653,21.831497976801323,80.16563312689742,0,0,unknown,False,,DEMO_SYNTHETIC
1654,21.84053176179943,80.16558071203234,0,0,unknown,False,,DEMO_SYNTHETIC
1655,21.849565536790518,80.16552826995427,0,1,barren,False,0.0,DEMO_SYNTHETIC
1656,21.85859930177129,80.16547580065554,0,0,unknown,False,,DEMO_SYNTHETIC
1657,21.8676330567384,80.16542330412847,0,0,unknown,False,,DEMO_SYNTHETIC
1658,21.876666801688554,80.16537078036532,0,0,unknown,False,,DEMO_SYNTHETIC
1659,21.88570053661842,80.16531822935842,0,0,unknown,False,,DEMO_SYNTHETIC
1660,21.894734261524686,80.16526565110004,0,0,unknown,False,,DEMO_SYNTHETIC
1661,21.90376797640404,80.16521304558245,0,0,unknown,False,,DEMO_SYNTHETIC
1662,21.912801681253175,80.16516041279796,0,0,unknown,False,,DEMO_SYNTHETIC
1663,21.921835376068763,80.16510775273879,0,0,unknown,False,,DEMO_SYNTHETIC
1664,21.93086906084751,80.16505506539724,0,0,unknown,False,,DEMO_SYNTHETIC
1665,21.93990273558609,80.16500235076559,0,0,unknown,False,,DEMO_SYNTHETIC
1666,21.948936400281205,80.16494960883604,0,0,unknown,False,,DEMO_SYNTHETIC
1667,21.957970054929532,80.16489683960089,0,0,unknown,False,,DEMO_SYNTHETIC
1668,21.967003699527783,80.16484404305236,0,0,unknown,False,,DEMO_SYNTHETIC
1669,21.97603733407264,80.16479121918269,0,0,unknown,False,,DEMO_SYNTHETIC
1670,21.98507095856079,80.16473836798413,0,0,unknown,False,,DEMO_SYNTHETIC
1671,21.99410457298895,80.1646854894489,0,1,barren,False,0.0,DEMO_SYNTHETIC
1672,22.00313817735379,80.16463258356923,0,0,unknown,False,,DEMO_SYNTHETIC
1673,22.012171771652024,80.16457965033733,0,0,unknown,False,,DEMO_SYNTHETIC
1674,22.02120535588035,80.16452668974541,0,0,unknown,False,,DEMO_SYNTHETIC
1675,22.030238930035463,80.16447370178572,0,0,unknown,False,,DEMO_SYNTHETIC
1676,22.039272494114062,80.16442068645041,0,0,unknown,False,,DEMO_SYNTHETIC
1677,22.048306048112856,80.16436764373171,0,0,unknown,False,,DEMO_SYNTHETIC
1678,22.057339592028534,80.16431457362181,0,0,unknown,False,,DEMO_SYNTHETIC
1679,22.066373125857805,80.1642614761129,0,0,unknown,False,,DEMO_SYNTHETIC
1680,21.533425392371957,80.17700328328112,0,0,unknown,False,,DEMO_SYNTHETIC
1681,21.54245952779191,80.1769523594502,0,0,unknown,False,,DEMO_SYNTHETIC
1682,21.55149365331758,80.17690140896985,0,1,barren,False,0.0,DEMO_SYNTHETIC
1683,21.560527768945608,80.17685043183266,0,0,unknown,False,,DEMO_SYNTHETIC
1684,21.569561874672655,80.17679942803119,0,0,unknown,False,,DEMO_SYNTHETIC
1685,21.57859597049537,80.17674839755796,0,0,unknown,False,,DEMO_SYNTHETIC
1686,21.587630056410408,80.17669734040555,0,0,unknown,False,,DEMO_SYNTHETIC
1687,21.596664132414418,80.17664625656649,0,1,barren,False,0.0,DEMO_SYNTHETIC
1688,21.605698198504054,80.17659514603329,0,0,unknown,False,,DEMO_SYNTHETIC
1689,21.614732254675985,80.17654400879853,0,0,unknown,False,,DEMO_SYNTHETIC
1690,21.623766300926857,80.1764928448547,0,0,unknown,False,,DEMO_SYNTHETIC
1691,21.63280033725333,80.17644165419436,0,1,barren,False,0.0,DEMO_SYNTHETIC
1692,21.641834363652055,80.17639043680998,0,0,unknown,False,,DEMO_SYNTHETIC
1693,21.65086838011971,80.1763391926941,0,0,unknown,False,,DEMO_SYNTHETIC
1694,21.65990238665294,80.17628792183922,0,0,unknown,False,,DEMO_SYNTHETIC
1695,21.668936383248415,80.17623662423784,0,0,unknown,False,,DEMO_SYNTHETIC
1696,21.677970369902802,80.17618529988246,0,0,unknown,False,,DEMO_SYNTHETIC
1697,21.687004346612753,80.17613394876557,0,0,unknown,False,,DEMO_SYNTHETIC
1698,21.69603831337494,80.17608257087967,0,0,unknown,False,,DEMO_SYNTHETIC
1699,21.705072270186026,80.17603116621721,0,0,unknown,False,,DEMO_SYNTHETIC
1700,21.714106217042687,80.1759797347707,0,0,unknown,False,,DEMO_SYNTHETIC
1701,21.723140153941568,80.17592827653259,0,1,barren,False,0.0,DEMO_SYNTHETIC
1702,21.73217408087936,80.17587679149537,0,0,unknown,False,,DEMO_SYNTHETIC
1703,21.741207997852722,80.17582527965149,0,0,unknown,False,,DEMO_SYNTHETIC
1704,21.750241904858335,80.17577374099338,0,0,unknown,False,,DEMO_SYNTHETIC
1705,21.759275801892862,80.17572217551353,0,0,unknown,False,,DEMO_SYNTHETIC
1706,21.768309688952975,80.17567058320437,0,0,unknown,False,,DEMO_SYNTHETIC
1707,21.777343566035345,80.17561896405834,0,0,unknown,False,,DEMO_SYNTHETIC
1708,21.78637743313665,80.17556731806789,0,0,unknown,False,,DEMO_SYNTHETIC
1709,21.795411290253575,80.17551564522543,0,0,unknown,False,,DEMO_SYNTHETIC
1710,21.804445137382782,80.1754639455234,0,0,unknown,False,,DEMO_SYNTHETIC
1711,21.813478974520955,80.17541221895422,0,0,unknown,False,,DEMO_SYNTHETIC
1712,21.822512801664775,80.17536046551031,0,0,unknown,False,,DEMO_SYNTHETIC
1713,21.83154661881091,80.17530868518408,0,1,barren,False,0.0,DEMO_SYNTHETIC
1714,21.84058042595605,80.17525687796793,0,0,unknown,False,,DEMO_SYNTHETIC
1715,21.84961422309688,80.17520504385426,0,0,unknown,False,,DEMO_SYNTHETIC
1716,21.858648010230077,80.17515318283547,0,0,unknown,False,,DEMO_SYNTHETIC
1717,21.867681787352318,80.17510129490397,0,0,unknown,False,,DEMO_SYNTHETIC
1718,21.876715554460297,80.17504938005212,0,0,unknown,False,,DEMO_SYNTHETIC
1719,21.885749311550693,80.1749974382723,0,0,unknown,False,,DEMO_SYNTHETIC
1720,21.8947830586202,80.1749454695569,0,0,unknown,False,,DEMO_SYNTHETIC
1721,21.903816795665488,80.1748934738983,0,0,unknown,False,,DEMO_SYNTHETIC
1722,21.912850522683264,80.17484145128884,0,0,unknown,False,,DEMO_SYNTHETIC
1723,21.92188423967021,80.17478940172089,0,0,unknown,False,,DEMO_SYNTHETIC
1724,21.930917946623016,80.17473732518681,0,0,unknown,False,,DEMO_SYNTHETIC
1725,21.939951643538375,80.17468522167896,0,0,unknown,False,,DEMO_SYNTHETIC
1726,21.948985330412974,80.17463309118965,0,0,unknown,False,,DEMO_SYNTHETIC
1727,21.958019007243507,80.17458093371125,0,0,unknown,False,,DEMO_SYNTHETIC
1728,21.967052674026675,80.1745287492361,0,0,unknown,False,,DEMO_SYNTHETIC
1729,21.97608633075916,80.17447653775652,0,0,unknown,False,,DEMO_SYNTHETIC
1730,21.98511997743767,80.17442429926484,0,0,unknown,False,,DEMO_SYNTHETIC
1731,21.9941536140589,80.17437203375337,0,0,unknown,False,,DEMO_SYNTHETIC
1732,22.003187240619546,80.17431974121442,0,0,unknown,False,,DEMO_SYNTHETIC
1733,22.0122208571163,80.17426742164032,0,0,unknown,False,,DEMO_SYNTHETIC
1734,22.02125446354587,80.17421507502335,0,0,unknown,False,,DEMO_SYNTHETIC
1735,22.030288059904958,80.17416270135585,0,0,unknown,False,,DEMO_SYNTHETIC
1736,22.03932164619026,80.17411030063006,0,0,unknown,False,,DEMO_SYNTHETIC
1737,22.048355222398488,80.17405787283832,0,0,unknown,False,,DEMO_SYNTHETIC
1738,22.05738878852633,80.17400541797288,0,0,unknown,False,,DEMO_SYNTHETIC
1739,22.06642234457051,80.17395293602604,0,0,unknown,False,,DEMO_SYNTHETIC
1740,21.5334727463179,80.1866589921819,0,0,unknown,False,,DEMO_SYNTHETIC
1741,21.542506903539607,80.18660866564711,0,0,unknown,False,,DEMO_SYNTHETIC
1742,21.551541050869645,80.18655831277549,0,0,unknown,False,,DEMO_SYNTHETIC
1743,21.560575188304654,80.18650793355964,0,0,unknown,False,,DEMO_SYNTHETIC
1744,21.5696093158413,80.1864575279922,0,0,unknown,False,,DEMO_SYNTHETIC
1745,21.578643433476223,80.18640709606585,0,0,unknown,False,,DEMO_SYNTHETIC
1746,21.587677541206098,80.18635663777319,0,0,unknown,False,,DEMO_SYNTHETIC
1747,21.596711639027568,80.18630615310687,0,0,unknown,False,,DEMO_SYNTHETIC
1748,21.60574572693728,80.1862556420595,0,0,unknown,False,,DEMO_SYNTHETIC
1749,21.614779804931903,80.18620510462371,0,0,unknown,False,,DEMO_SYNTHETIC
1750,21.623813873008107,80.1861545407921,0,0,unknown,False,,DEMO_SYNTHETIC
1751,21.632847931162527,80.1861039505573,0,0,unknown,False,,DEMO_SYNTHETIC
1752,21.641881979391833,80.1860533339119,0,0,unknown,False,,DEMO_SYNTHETIC
1753,21.650916017692694,80.1860026908485,0,0,unknown,False,,DEMO_SYNTHETIC
1754,21.65995004606177,80.18595202135968,0,0,unknown,False,,DEMO_SYNTHETIC
1755,21.668984064495714,80.18590132543807,0,0,unknown,False,,DEMO_SYNTHETIC
1756,21.678018072991208,80.18585060307623,0,0,unknown,False,,DEMO_SYNTHETIC
1757,21.6870520715449,80.18579985426673,0,0,unknown,False,,DEMO_SYNTHETIC
1758,21.696086060153473,80.18574907900218,0,0,unknown,False,,DEMO_SYNTHETIC
1759,21.705120038813575,80.18569827727511,0,0,unknown,False,,DEMO_SYNTHETIC
1760,21.7141540075219,80.1856474490781,0,0,unknown,False,,DEMO_SYNTHETIC
1761,21.723187966275084,80.18559659440372,0,0,unknown,False,,DEMO_SYNTHETIC
1762,21.732221915069825,80.18554571324451,0,0,unknown,False,,DEMO_SYNTHETIC
1763,21.741255853902782,80.18549480559302,0,0,unknown,False,,DEMO_SYNTHETIC
1764,21.75028978277063,80.18544387144182,0,0,unknown,False,,DEMO_SYNTHETIC
1765,21.75932370167004,80.18539291078342,0,0,unknown,False,,DEMO_SYNTHETIC
1766,21.768357610597697,80.18534192361037,0,0,unknown,False,,DEMO_SYNTHETIC
1767,21.777391509550252,80.1852909099152,0,0,unknown,False,,DEMO_SYNTHETIC
1768,21.786425398524404,80.18523986969042,0,0,unknown,False,,DEMO_SYNTHETIC
1769,21.79545927751682,80.18518880292858,0,0,unknown,False,,DEMO_SYNTHETIC
1770,21.804493146524184,80.18513770962217,0,0,unknown,False,,DEMO_SYNTHETIC
1771,21.81352700554317,80.1850865897637,0,0,unknown,False,,DEMO_SYNTHETIC
1772,21.822560854570455,80.1850354433457,0,1,barren,False,0.0,DEMO_SYNTHETIC
1773,21.831594693602728,80.18498427036064,0,0,unknown,False,,DEMO_SYNTHETIC
1774,21.84062852263666,80.18493307080105,0,0,unknown,False,,DEMO_SYNTHETIC
1775,21.849662341668946,80.18488184465939,0,0,unknown,False,,DEMO_SYNTHETIC
1776,21.858696150696264,80.18483059192815,0,0,unknown,False,,DEMO_SYNTHETIC
1777,21.867729949715294,80.18477931259982,0,0,unknown,False,,DEMO_SYNTHETIC
1778,21.87676373872274,80.18472800666686,0,0,unknown,False,,DEMO_SYNTHETIC
1779,21.88579751771526,80.18467667412176,0,0,unknown,False,,DEMO_SYNTHETIC
1780,21.894831286689563,80.18462531495697,0,0,unknown,False,,DEMO_SYNTHETIC
1781,21.90386504564233,80.18457392916497,0,0,unknown,False,,DEMO_SYNTHETIC
1782,21.91289879457026,80.1845225167382,0,0,unknown,False,,DEMO_SYNTHETIC
1783,21.921932533470027,80.1844710776691,0,0,unknown,False,,DEMO_SYNTHETIC
1784,21.93096626233834,80.18441961195013,0,0,unknown,False,,DEMO_SYNTHETIC
1785,21.939999981171887,80.18436811957375,0,0,unknown,False,,DEMO_SYNTHETIC
1786,21.949033689967347,80.18431660053236,0,0,unknown,False,,DEMO_SYNTHETIC
1787,21.958067388721428,80.1842650548184,0,0,unknown,False,,DEMO_SYNTHETIC
1788,21.967101077430826,80.18421348242428,0,0,unknown,False,,DEMO_SYNTHETIC
1789,21.976134756092232,80.18416188334247,0,1,barren,False,0.0,DEMO_SYNTHETIC
1790,21.985168424702348,80.18411025756534,0,0,unknown,False,,DEMO_SYNTHETIC
1791,21.99420208325788,80.1840586050853,0,1,barren,False,0.0,DEMO_SYNTHETIC
1792,22.003235731755503,80.18400692589479,0,0,unknown,False,,DEMO_SYNTHETIC
1793,22.012269370191937,80.18395521998617,0,0,unknown,False,,DEMO_SYNTHETIC
1794,22.02130299856388,80.18390348735187,0,0,unknown,False,,DEMO_SYNTHETIC
1795,22.030336616868038,80.18385172798425,0,0,unknown,False,,DEMO_SYNTHETIC
1796,22.039370225101102,80.1837999418757,0,0,unknown,False,,DEMO_SYNTHETIC
1797,22.04840382325979,80.18374812901862,0,0,unknown,False,,DEMO_SYNTHETIC
1798,22.057437411340796,80.18369628940538,0,0,unknown,False,,DEMO_SYNTHETIC
1799,22.066470989340836,80.18364442302833,0,0,unknown,False,,DEMO_SYNTHETIC
1800,21.53351954154425,80.19631472741219,0,0,unknown,False,,DEMO_SYNTHETIC
1801,21.54255372031049,80.19626499818091,0,0,unknown,False,,DEMO_SYNTHETIC
1802,21.55158788918764,80.19621524292533,0,0,unknown,False,,DEMO_SYNTHETIC
1803,21.560622048172355,80.19616546163816,0,0,unknown,False,,DEMO_SYNTHETIC
1804,21.56965619726128,80.19611565431215,0,0,unknown,False,,DEMO_SYNTHETIC
1805,21.578690336451082,80.19606582094003,0,0,unknown,False,,DEMO_SYNTHETIC
1806,21.587724465738408,80.1960159615145,0,0,unknown,False,,DEMO_SYNTHETIC
1807,21.596758585119925,80.1959660760283,0,0,unknown,False,,DEMO_SYNTHETIC
1808,21.605792694592274,80.19591616447413,0,0,unknown,False,,DEMO_SYNTHETIC
1809,21.61482679415213,80.19586622684469,0,0,unknown,False,,DEMO_SYNTHETIC
1810,21.62386088379616,80.19581626313268,0,0,unknown,False,,DEMO_SYNTHETIC
1811,21.632894963521004,80.19576627333083,0,0,unknown,False,,DEMO_SYNTHETIC
1812,21.64192903332333,80.1957162574318,0,0,unknown,False,,DEMO_SYNTHETIC
1813,21.650963093199803,80.19566621542829,0,0,unknown,False,,DEMO_SYNTHETIC
1814,21.6599971431471,80.19561614731298,1,0,mineralized,False,1.0,DEMO_SYNTHETIC
1815,21.669031183161866,80.19556605307854,0,0,unknown,False,,DEMO_SYNTHETIC
1816,21.67806521324078,80.19551593271764,0,0,unknown,False,,DEMO_SYNTHETIC
1817,21.687099233380508,80.19546578622297,0,0,unknown,False,,DEMO_SYNTHETIC
1818,21.696133243577712,80.19541561358719,0,0,unknown,False,,DEMO_SYNTHETIC
1819,21.705167243829056,80.19536541480294,0,0,unknown,False,,DEMO_SYNTHETIC
1820,21.714201234131227,80.19531518986287,0,0,unknown,False,,DEMO_SYNTHETIC
1821,21.72323521448088,80.19526493875965,0,0,unknown,False,,DEMO_SYNTHETIC
1822,21.732269184874692,80.1952146614859,0,0,unknown,False,,DEMO_SYNTHETIC
1823,21.74130314530934,80.19516435803429,0,0,unknown,False,,DEMO_SYNTHETIC
1824,21.750337095781493,80.19511402839744,0,0,unknown,False,,DEMO_SYNTHETIC
1825,21.759371036287824,80.19506367256795,0,0,unknown,False,,DEMO_SYNTHETIC
1826,21.76840496682502,80.19501329053848,0,0,unknown,False,,DEMO_SYNTHETIC
1827,21.777438887389746,80.19496288230164,0,0,unknown,False,,DEMO_SYNTHETIC
1828,21.786472797978675,80.19491244785003,0,0,unknown,False,,DEMO_SYNTHETIC
1829,21.7955066985885,80.19486198717628,0,0,unknown,False,,DEMO_SYNTHETIC
1830,21.80454058921589,80.19481150027298,0,0,unknown,False,,DEMO_SYNTHETIC
1831,21.813574469857535,80.19476098713272,0,0,unknown,False,,DEMO_SYNTHETIC
1832,21.82260834051011,80.19471044774814,0,0,unknown,False,,DEMO_SYNTHETIC
1833,21.831642201170293,80.19465988211176,0,0,unknown,False,,DEMO_SYNTHETIC
1834,21.84067605183478,80.19460929021622,0,0,unknown,False,,DEMO_SYNTHETIC
1835,21.849709892500243,80.19455867205407,0,0,unknown,False,,DEMO_SYNTHETIC
1836,21.858743723163368,80.1945080276179,0,0,unknown,False,,DEMO_SYNTHETIC
1837,21.867777543820853,80.19445735690027,0,0,unknown,False,,DEMO_SYNTHETIC
1838,21.87681135446938,80.19440665989376,0,0,unknown,False,,DEMO_SYNTHETIC
1839,21.885845155105628,80.19435593659091,0,0,unknown,False,,DEMO_SYNTHETIC
1840,21.894878945726298,80.19430518698428,0,0,unknown,False,,DEMO_SYNTHETIC
1841,21.903912726328073,80.19425441106641,0,0,unknown,False,,DEMO_SYNTHETIC
1842,21.91294649690765,80.19420360882988,0,0,unknown,False,,DEMO_SYNTHETIC
1843,21.921980257461723,80.1941527802672,0,0,unknown,False,,DEMO_SYNTHETIC
1844,21.931014007986967,80.1941019253709,0,0,unknown,False,,DEMO_SYNTHETIC
1845,21.9400477484801,80.19405104413354,0,0,unknown,False,,DEMO_SYNTHETIC
1846,21.949081478937803,80.19400013654761,0,0,unknown,False,,DEMO_SYNTHETIC
1847,21.958115199356776,80.19394920260567,0,0,unknown,False,,DEMO_SYNTHETIC
1848,21.96714890973372,80.19389824230018,0,0,unknown,False,,DEMO_SYNTHETIC
1849,21.976182610065326,80.19384725562371,0,0,unknown,False,,DEMO_SYNTHETIC
1850,21.985216300348295,80.19379624256871,0,0,unknown,False,,DEMO_SYNTHETIC
1851,21.994249980579337,80.19374520312772,0,0,unknown,False,,DEMO_SYNTHETIC
1852,22.003283650755133,80.19369413729324,0,1,barren,False,0.0,DEMO_SYNTHETIC
1853,22.0123173108724,80.19364304505771,0,0,unknown,False,,DEMO_SYNTHETIC
1854,22.021350960927837,80.19359192641366,0,0,unknown,False,,DEMO_SYNTHETIC
1855,22.030384600918143,80.19354078135356,0,0,unknown,False,,DEMO_SYNTHETIC
1856,22.03941823084003,80.19348960986987,0,0,unknown,False,,DEMO_SYNTHETIC
1857,22.048451850690206,80.19343841195509,0,0,unknown,False,,DEMO_SYNTHETIC
1858,22.057485460465376,80.19338718760166,0,0,unknown,False,,DEMO_SYNTHETIC
1859,22.06651906016224,80.19333593680203,0,0,unknown,False,,DEMO_SYNTHETIC
1860,21.533565778044725,80.20597048865952,0,1,barren,False,0.0,DEMO_SYNTHETIC
1861,21.54259997809828,80.205921356739,0,0,unknown,False,,DEMO_SYNTHETIC
1862,21.551634168265288,80.20587219910674,0,0,unknown,False,,DEMO_SYNTHETIC
1863,21.560668348542414,80.20582301575554,0,0,unknown,False,,DEMO_SYNTHETIC
1864,21.56970251892631,80.20577380667822,0,0,unknown,False,,DEMO_SYNTHETIC
1865,21.57873667941363,80.2057245718676,0,0,unknown,False,,DEMO_SYNTHETIC
1866,21.587770830001038,80.2056753113165,0,0,unknown,False,,DEMO_SYNTHETIC
1867,21.59680497068519,80.20562602501771,0,0,unknown,False,,DEMO_SYNTHETIC
1868,21.60583910146274,80.20557671296402,0,0,unknown,False,,DEMO_SYNTHETIC
1869,21.614873222330356,80.20552737514822,0,0,unknown,False,,DEMO_SYNTHETIC
1870,21.62390733328471,80.20547801156314,0,0,unknown,False,,DEMO_SYNTHETIC
1871,21.632941434322444,80.20542862220154,0,0,unknown,False,,DEMO_SYNTHETIC
1872,21.641975525440223,80.2053792070562,0,0,unknown,False,,DEMO_SYNTHETIC
1873,21.651009606634723,80.20532976611989,0,0,unknown,False,,DEMO_SYNTHETIC
1874,21.660043677902614,80.20528029938538,0,0,unknown,False,,DEMO_SYNTHETIC
1875,21.66907773924054,80.20523080684545,0,0,unknown,False,,DEMO_SYNTHETIC
1876,21.678111790645186,80.20518128849285,0,0,unknown,False,,DEMO_SYNTHETIC
1877,21.68714583211322,80.20513174432034,0,0,unknown,False,,DEMO_SYNTHETIC
1878,21.696179863641305,80.20508217432067,0,0,unknown,False,,DEMO_SYNTHETIC
1879,21.70521388522612,80.20503257848657,0,0,unknown,False,,DEMO_SYNTHETIC
1880,21.71424789686432,80.2049829568108,0,0,unknown,False,,DEMO_SYNTHETIC
1881,21.723281898552596,80.20493330928609,0,0,unknown,False,,DEMO_SYNTHETIC
1882,21.73231589028761,80.20488363590519,0,0,unknown,False,,DEMO_SYNTHETIC
1883,21.741349872066042,80.2048339366608,0,0,unknown,False,,DEMO_SYNTHETIC
1884,21.750383843884563,80.20478421154566,0,0,unknown,False,,DEMO_SYNTHETIC
1885,21.75941780573985,80.20473446055247,0,0,unknown,False,,DEMO_SYNTHETIC
1886,21.768451757628583,80.20468468367397,0,0,unknown,False,,DEMO_SYNTHETIC
1887,21.777485699547434,80.20463488090284,0,0,unknown,False,,DEMO_SYNTHETIC
1888,21.78651963149309,80.20458505223179,0,0,unknown,False,,DEMO_SYNTHETIC
1889,21.79555355346223,80.20453519765353,0,0,unknown,False,,DEMO_SYNTHETIC
1890,21.804587465451522,80.20448531716073,0,0,unknown,False,,DEMO_SYNTHETIC
1891,21.81362136745767,80.20443541074611,0,0,unknown,False,,DEMO_SYNTHETIC
1892,21.822655259477344,80.20438547840233,0,0,unknown,False,,DEMO_SYNTHETIC
1893,21.831689141507226,80.20433552012206,0,0,unknown,False,,DEMO_SYNTHETIC
1894,21.840723013543997,80.204285535898,0,0,unknown,False,,DEMO_SYNTHETIC
1895,21.84975687558436,80.2042355257228,0,0,unknown,False,,DEMO_SYNTHETIC
1896,21.858790727624992,80.20418548958911,0,0,unknown,False,,DEMO_SYNTHETIC
1897,21.867824569662574,80.20413542748963,0,0,unknown,False,,DEMO_SYNTHETIC
1898,21.876858401693816,80.20408533941698,0,0,unknown,False,,DEMO_SYNTHETIC
1899,21.885892223715377,80.20403522536382,0,0,unknown,False,,DEMO_SYNTHETIC
1900,21.894926035723977,80.2039850853228,0,0,unknown,False,,DEMO_SYNTHETIC
1901,21.903959837716286,80.20393491928655,0,0,unknown,False,,DEMO_SYNTHETIC
1902,21.91299362968901,80.20388472724771,0,1,barren,False,0.0,DEMO_SYNTHETIC
1903,21.92202741163884,80.2038345091989,0,0,unknown,False,,DEMO_SYNTHETIC
1904,21.931061183562466,80.20378426513275,0,0,unknown,False,,DEMO_SYNTHETIC
1905,21.940094945456593,80.20373399504189,0,0,unknown,False,,DEMO_SYNTHETIC
1906,21.94912869731791,80.20368369891892,0,0,unknown,False,,DEMO_SYNTHETIC
1907,21.958162439143113,80.20363337675644,0,0,unknown,False,,DEMO_SYNTHETIC
1908,21.96719617092891,80.2035830285471,0,0,unknown,False,,DEMO_SYNTHETIC
1909,21.976229892671988,80.20353265428345,0,1,barren,False,0.0,DEMO_SYNTHETIC
1910,21.98526360436906,80.2034822539581,0,0,unknown,False,,DEMO_SYNTHETIC
1911,21.99429730601682,80.20343182756366,0,0,unknown,False,,DEMO_SYNTHETIC
1912,22.003330997611968,80.20338137509269,0,0,unknown,False,,DEMO_SYNTHETIC
1913,22.012364679151215,80.20333089653779,0,0,unknown,False,,DEMO_SYNTHETIC
1914,22.021398350631262,80.20328039189151,0,0,unknown,False,,DEMO_SYNTHETIC
1915,22.030432012048813,80.20322986114645,0,0,unknown,False,,DEMO_SYNTHETIC
1916,22.03946566340058,80.20317930429516,0,0,unknown,False,,DEMO_SYNTHETIC
1917,22.04849930468327,80.2031287213302,0,0,unknown,False,,DEMO_SYNTHETIC
1918,22.057532935893583,80.20307811224413,0,0,unknown,False,,DEMO_SYNTHETIC
1919,22.06656655702823,80.20302747702948,0,0,unknown,False,,DEMO_SYNTHETIC
1920,21.53361145581312,80.21562627561144,0,0,unknown,False,,DEMO_SYNTHETIC
1921,21.54264567689675,80.21557774100886,0,0,unknown,False,,DEMO_SYNTHETIC
1922,21.551679888096366,80.21552918100708,0,0,unknown,False,,DEMO_SYNTHETIC
1923,21.560714089408613,80.21548059559903,0,0,unknown,False,,DEMO_SYNTHETIC
1924,21.569748280830158,80.21543198477758,0,0,unknown,False,,DEMO_SYNTHETIC
1925,21.57878246235765,80.21538334853568,0,0,unknown,False,,DEMO_SYNTHETIC
1926,21.587816633987757,80.21533468686617,0,0,unknown,False,,DEMO_SYNTHETIC
1927,21.596850795717135,80.21528599976199,0,0,unknown,False,,DEMO_SYNTHETIC
1928,21.60588494754244,80.21523728721598,0,0,unknown,False,,DEMO_SYNTHETIC
1929,21.614919089460347,80.21518854922107,0,0,unknown,False,,DEMO_SYNTHETIC
1930,21.62395322146751,80.21513978577012,0,0,unknown,False,,DEMO_SYNTHETIC
1931,21.63298734356059,80.21509099685599,0,0,unknown,False,,DEMO_SYNTHETIC
1932,21.642021455736266,80.21504218247155,0,0,unknown,False,,DEMO_SYNTHETIC
1933,21.651055557991192,80.21499334260967,0,0,unknown,False,,DEMO_SYNTHETIC
1934,21.660089650322035,80.21494447726322,0,0,unknown,False,,DEMO_SYNTHETIC
1935,21.669123732725467,80.21489558642503,0,0,unknown,False,,DEMO_SYNTHETIC
1936,21.678157805198158,80.21484667008795,0,0,unknown,False,,DEMO_SYNTHETIC
1937,21.68719186773678,80.21479772824485,0,0,unknown,False,,DEMO_SYNTHETIC
1938,21.696225920337998,80.21474876088854,0,0,unknown,False,,DEMO_SYNTHETIC
1939,21.70525996299848,80.21469976801187,0,0,unknown,False,,DEMO_SYNTHETIC
1940,21.714293995714915,80.21465074960767,0,0,unknown,False,,DEMO_SYNTHETIC
1941,21.723328018483954,80.21460170566876,0,0,unknown,False,,DEMO_SYNTHETIC
1942,21.73236203130229,80.21455263618795,0,0,unknown,False,,DEMO_SYNTHETIC
1943,21.741396034166602,80.21450354115808,0,0,unknown,False,,DEMO_SYNTHETIC
1944,21.750430027073545,80.21445442057194,0,0,unknown,False,,DEMO_SYNTHETIC
1945,21.759464010019812,80.21440527442235,0,0,unknown,False,,DEMO_SYNTHETIC
1946,21.768497983002085,80.21435610270208,0,1,barren,False,0.0,DEMO_SYNTHETIC
1947,21.777531946017035,80.21430690540396,0,0,unknown,False,,DEMO_SYNTHETIC
1948,21.786565899061344,80.21425768252078,0,0,unknown,False,,DEMO_SYNTHETIC
1949,21.795599842131697,80.2142084340453,0,0,unknown,False,,DEMO_SYNTHETIC
1950,21.804633775224772,80.21415915997034,0,0,unknown,False,,DEMO_SYNTHETIC
1951,21.81366769833726,80.21410986028864,0,0,unknown,False,,DEMO_SYNTHETIC
1952,21.82270161146584,80.214060534993,0,0,unknown,False,,DEMO_SYNTHETIC
1953,21.831735514607193,80.21401118407616,0,0,unknown,False,,DEMO_SYNTHETIC
1954,21.84076940775801,80.2139618075309,0,0,unknown,False,,DEMO_SYNTHETIC
1955,21.84980329091498,80.21391240534997,0,0,unknown,False,,DEMO_SYNTHETIC
1956,21.8588371640748,80.21386297752615,0,0,unknown,False,,DEMO_SYNTHETIC
1957,21.867871027234138,80.21381352405213,0,0,unknown,False,,DEMO_SYNTHETIC
1958,21.876904880389706,80.21376404492071,0,0,unknown,False,,DEMO_SYNTHETIC
1959,21.885938723538175,80.21371454012461,0,0,unknown,False,,DEMO_SYNTHETIC
1960,21.894972556676255,80.21366500965654,0,0,unknown,False,,DEMO_SYNTHETIC
1961,21.904006379800624,80.21361545350926,0,0,unknown,False,,DEMO_SYNTHETIC
1962,21.913040192907996,80.2135658716755,0,0,unknown,False,,DEMO_SYNTHETIC
1963,21.92207399599505,80.21351626414794,0,0,unknown,False,,DEMO_SYNTHETIC
1964,21.931107789058483,80.21346663091931,0,0,unknown,False,,DEMO_SYNTHETIC
1965,21.940141572095005,80.21341697198234,0,0,unknown,False,,DEMO_SYNTHETIC
1966,21.949175345101295,80.21336728732972,0,0,unknown,False,,DEMO_SYNTHETIC
1967,21.95820910807407,80.21331757695413,0,0,unknown,False,,DEMO_SYNTHETIC
1968,21.967242861010018,80.21326784084829,0,0,unknown,False,,DEMO_SYNTHETIC
1969,21.976276603905845,80.21321807900489,0,0,unknown,False,,DEMO_SYNTHETIC
1970,21.985310336758257,80.21316829141661,0,0,unknown,False,,DEMO_SYNTHETIC
1971,21.99434405956395,80.21311847807613,0,0,unknown,False,,DEMO_SYNTHETIC
1972,22.003377772319634,80.2130686389761,0,0,unknown,False,,DEMO_SYNTHETIC
1973,22.012411475022002,80.21301877410923,0,1,barren,False,0.0,DEMO_SYNTHETIC
1974,22.02144516766778,80.21296888346818,0,0,unknown,False,,DEMO_SYNTHETIC
1975,22.03047885025365,80.21291896704557,0,0,unknown,False,,DEMO_SYNTHETIC
1976,22.039512522776345,80.2128690248341,0,0,unknown,False,,DEMO_SYNTHETIC
1977,22.048546185232563,80.21281905682642,0,0,unknown,False,,DEMO_SYNTHETIC
1978,22.05757983761901,80.21276906301516,0,0,unknown,False,,DEMO_SYNTHETIC
1979,22.066613479932407,80.21271904339294,0,0,unknown,False,,DEMO_SYNTHETIC
1980,21.533656574843295,80.22528208795548,0,0,unknown,False,,DEMO_SYNTHETIC
1981,21.542690816699782,80.2252341506779,0,0,unknown,False,,DEMO_SYNTHETIC
1982,21.551725048674733,80.22518618831371,0,1,barren,False,0.0,DEMO_SYNTHETIC
1983,21.56075927076481,80.2251382008559,0,0,unknown,False,,DEMO_SYNTHETIC
1984,21.569793482966674,80.22509018829743,0,0,unknown,False,,DEMO_SYNTHETIC
1985,21.57882768527699,80.22504215063132,0,0,unknown,False,,DEMO_SYNTHETIC
1986,21.58786187769241,80.22499408785055,0,0,unknown,False,,DEMO_SYNTHETIC
1987,21.5968960602096,80.22494599994808,0,0,unknown,False,,DEMO_SYNTHETIC
1988,21.605930232825216,80.22489788691689,0,0,unknown,False,,DEMO_SYNTHETIC
1989,21.614964395535925,80.22484974874997,0,0,unknown,False,,DEMO_SYNTHETIC
1990,21.6239985483384,80.22480158544026,0,0,unknown,False,,DEMO_SYNTHETIC
1991,21.633032691229296,80.22475339698074,0,0,unknown,False,,DEMO_SYNTHETIC
1992,21.64206682420528,80.22470518336435,0,1,barren,False,0.0,DEMO_SYNTHETIC
1993,21.651100947263025,80.22465694458405,0,0,unknown,False,,DEMO_SYNTHETIC
1994,21.660135060399206,80.22460868063278,0,0,unknown,False,,DEMO_SYNTHETIC
1995,21.669169163610476,80.22456039150349,0,0,unknown,False,,DEMO_SYNTHETIC
1996,21.678203256893514,80.2245120771891,0,1,barren,False,0.0,DEMO_SYNTHETIC
1997,21.68723734024499,80.22446373768256,0,0,unknown,False,,DEMO_SYNTHETIC
1998,21.696271413661588,80.2244153729768,0,0,unknown,False,,DEMO_SYNTHETIC
1999,21.705305477139955,80.2243669830647,0,0,unknown,False,,DEMO_SYNTHETIC
2000,21.71433953067679,80.22431856793925,0,0,unknown,False,,DEMO_SYNTHETIC
2001,21.723373574268756,80.22427012759329,0,0,unknown,False,,DEMO_SYNTHETIC
2002,21.73240760791253,80.22422166201979,0,0,unknown,False,,DEMO_SYNTHETIC
2003,21.741441631604797,80.2241731712116,0,0,unknown,False,,DEMO_SYNTHETIC
2004,21.750475645342227,80.22412465516166,0,0,unknown,False,,DEMO_SYNTHETIC
2005,21.7595096491215,80.22407611386285,0,0,unknown,False,,DEMO_SYNTHETIC
2006,21.768543642939306,80.22402754730805,0,0,unknown,False,,DEMO_SYNTHETIC
2007,21.777577626792315,80.22397895549015,0,0,unknown,False,,DEMO_SYNTHETIC
2008,21.7866116006772,80.22393033840204,0,0,unknown,False,,DEMO_SYNTHETIC
2009,21.795645564590675,80.22388169603659,0,0,unknown,False,,DEMO_SYNTHETIC
2010,21.804679518529397,80.22383302838665,0,0,unknown,False,,DEMO_SYNTHETIC
2011,21.813713462490057,80.22378433544512,0,0,unknown,False,,DEMO_SYNTHETIC
2012,21.822747396469353,80.22373561720485,0,0,unknown,False,,DEMO_SYNTHETIC
2013,21.831781320463953,80.22368687365868,0,0,unknown,False,,DEMO_SYNTHETIC
2014,21.840815234470558,80.22363810479948,0,0,unknown,False,,DEMO_SYNTHETIC
2015,21.849849138485855,80.22358931062007,0,0,unknown,False,,DEMO_SYNTHETIC
2016,21.85888303250653,80.22354049111333,0,0,unknown,False,,DEMO_SYNTHETIC
2017,21.867916916529275,80.22349164627207,0,0,unknown,False,,DEMO_SYNTHETIC
2018,21.876950790550787,80.22344277608913,0,0,unknown,False,,DEMO_SYNTHETIC
2019,21.885984654567753,80.22339388055734,0,0,unknown,False,,DEMO_SYNTHETIC
2020,21.895018508576868,80.22334495966952,0,0,unknown,False,,DEMO_SYNTHETIC
2021,21.904052352574826,80.22329601341848,0,0,unknown,False,,DEMO_SYNTHETIC
2022,21.913086186558324,80.22324704179705,0,0,unknown,False,,DEMO_SYNTHETIC
2023,21.922120010524065,80.22319804479804,0,0,unknown,False,,DEMO_SYNTHETIC
2024,21.931153824468733,80.22314902241423,0,0,unknown,False,,DEMO_SYNTHETIC
2025,21.94018762838904,80.22309997463844,0,0,unknown,False,,DEMO_SYNTHETIC
2026,21.94922142228168,80.22305090146345,0,0,unknown,False,,DEMO_SYNTHETIC
2027,21.95825520614335,80.22300180288207,0,0,unknown,False,,DEMO_SYNTHETIC
2028,21.967288979970764,80.22295267888705,0,0,unknown,False,,DEMO_SYNTHETIC
2029,21.9763227437606,80.22290352947121,0,0,unknown,False,,DEMO_SYNTHETIC
2030,21.98535649750959,80.2228543546273,0,0,unknown,False,,DEMO_SYNTHETIC
2031,21.994390241214425,80.22280515434811,0,0,unknown,False,,DEMO_SYNTHETIC
2032,22.003423974871808,80.22275592862637,0,0,unknown,False,,DEMO_SYNTHETIC
2033,22.012457698478457,80.22270667745487,0,0,unknown,False,,DEMO_SYNTHETIC
2034,22.02149141203106,80.22265740082635,0,0,unknown,False,,DEMO_SYNTHETIC
2035,22.03052511552634,80.22260809873357,0,0,unknown,False,,DEMO_SYNTHETIC
2036,22.039558808961008,80.22255877116929,0,0,unknown,False,,DEMO_SYNTHETIC
2037,22.048592492331775,80.22250941812622,0,0,unknown,False,,DEMO_SYNTHETIC
2038,22.05762616563534,80.22246003959711,0,0,unknown,False,,DEMO_SYNTHETIC
2039,22.06665982886842,80.2224106355747,0,0,unknown,False,,DEMO_SYNTHETIC
2040,21.5337011351292,80.23493792537913,0,0,unknown,False,,DEMO_SYNTHETIC
2041,21.542735397501296,80.23489058543359,0,1,barren,False,0.0,DEMO_SYNTHETIC
2042,21.55176964999432,80.23484322071398,0,0,unknown,False,,DEMO_SYNTHETIC
2043,21.560803892604937,80.2347958312134,0,0,unknown,False,,DEMO_SYNTHETIC
2044,21.569838125329806,80.23474841692493,0,0,unknown,False,,DEMO_SYNTHETIC
2045,21.57887234816557,80.23470097784164,0,0,unknown,False,,DEMO_SYNTHETIC
2046,21.58790656110892,80.2346535139566,0,1,barren,False,0.0,DEMO_SYNTHETIC
2047,21.596940764156493,80.23460602526288,0,0,unknown,False,,DEMO_SYNTHETIC
2048,21.605974957304966,80.23455851175355,0,0,unknown,False,,DEMO_SYNTHETIC
2049,21.61500914055101,80.23451097342164,0,0,unknown,False,,DEMO_SYNTHETIC
2050,21.624043313891285,80.23446341026023,0,0,unknown,False,,DEMO_SYNTHETIC
2051,21.633077477322445,80.23441582226235,0,0,unknown,False,,DEMO_SYNTHETIC
2052,21.642111630841175,80.23436820942106,0,0,unknown,False,,DEMO_SYNTHETIC
2053,21.65114577444414,80.23432057172938,0,0,unknown,False,,DEMO_SYNTHETIC
2054,21.660179908128008,80.23427290918036,0,0,unknown,False,,DEMO_SYNTHETIC
2055,21.669214031889446,80.23422522176703,0,0,unknown,False,,DEMO_SYNTHETIC
2056,21.67824814572514,80.23417750948241,0,0,unknown,False,,DEMO_SYNTHETIC
2057,21.687282249631746,80.2341297723195,0,0,unknown,False,,DEMO_SYNTHETIC
2058,21.69631634360595,80.23408201027134,0,0,unknown,False,,DEMO_SYNTHETIC
2059,21.70535042764442,80.23403422333094,0,0,unknown,False,,DEMO_SYNTHETIC
2060,21.714384501743837,80.23398641149129,0,0,unknown,False,,DEMO_SYNTHETIC
2061,21.723418565900865,80.23393857474541,0,0,unknown,False,,DEMO_SYNTHETIC
2062,21.732452620112202,80.23389071308628,0,0,unknown,False,,DEMO_SYNTHETIC
2063,21.741486664374506,80.2338428265069,0,0,unknown,False,,DEMO_SYNTHETIC
2064,21.750520698684472,80.23379491500026,0,0,unknown,False,,DEMO_SYNTHETIC
2065,21.75955472303877,80.23374697855934,0,0,unknown,False,,DEMO_SYNTHETIC
2066,21.7685887374341,80.23369901717712,0,0,unknown,False,,DEMO_SYNTHETIC
2067,21.777622741867123,80.23365103084656,0,0,unknown,False,,DEMO_SYNTHETIC
2068,21.78665673633453,80.23360301956065,0,0,unknown,False,,DEMO_SYNTHETIC
2069,21.795690720833015,80.23355498331233,0,0,unknown,False,,DEMO_SYNTHETIC
2070,21.80472469535924,80.23350692209459,0,0,unknown,False,,DEMO_SYNTHETIC
2071,21.81375865990992,80.23345883590036,0,0,unknown,False,,DEMO_SYNTHETIC
2072,21.822792614481727,80.23341072472259,0,0,unknown,False,,DEMO_SYNTHETIC
2073,21.83182655907135,80.23336258855423,0,0,unknown,False,,DEMO_SYNTHETIC
2074,21.84086049367547,80.23331442738824,0,0,unknown,False,,DEMO_SYNTHETIC
2075,21.849894418290802,80.23326624121752,0,0,unknown,False,,DEMO_SYNTHETIC
2076,21.858928332914015,80.23321803003503,0,0,unknown,False,,DEMO_SYNTHETIC
2077,21.86796223754181,80.23316979383368,0,0,unknown,False,,DEMO_SYNTHETIC
2078,21.876996132170888,80.23312153260639,0,0,unknown,False,,DEMO_SYNTHETIC
2079,21.886030016797925,80.2330732463461,0,0,unknown,False,,DEMO_SYNTHETIC
2080,21.895063891419625,80.2330249350457,0,0,unknown,False,,DEMO_SYNTHETIC
2081,21.904097756032684,80.2329765986981,0,0,unknown,False,,DEMO_SYNTHETIC
2082,21.913131610633805,80.2329282372962,0,0,unknown,False,,DEMO_SYNTHETIC
2083,21.922165455219687,80.23287985083293,0,0,unknown,False,,DEMO_SYNTHETIC
2084,21.931199289787017,80.23283143930114,0,0,unknown,False,,DEMO_SYNTHETIC
2085,21.940233114332507,80.23278300269374,0,0,unknown,False,,DEMO_SYNTHETIC
2086,21.94926692885285,80.23273454100361,0,0,unknown,False,,DEMO_SYNTHETIC
2087,21.958300733344746,80.23268605422363,0,0,unknown,False,,DEMO_SYNTHETIC
2088,21.967334527804912,80.23263754234667,0,0,unknown,False,,DEMO_SYNTHETIC
2089,21.97636831223004,80.2325890053656,0,0,unknown,False,,DEMO_SYNTHETIC
2090,21.985402086616837,80.2325404432733,0,0,unknown,False,,DEMO_SYNTHETIC
2091,21.994435850962013,80.23249185606261,0,0,unknown,False,,DEMO_SYNTHETIC
2092,22.00346960526228,80.23244324372641,0,0,unknown,False,,DEMO_SYNTHETIC
2093,22.01250334951433,80.23239460625751,0,1,barren,False,0.0,DEMO_SYNTHETIC
2094,22.02153708371488,80.23234594364878,0,0,unknown,False,,DEMO_SYNTHETIC
2095,22.030570807860645,80.23229725589309,0,0,unknown,False,,DEMO_SYNTHETIC
2096,22.039604521948327,80.23224854298323,0,0,unknown,False,,DEMO_SYNTHETIC
2097,22.048638225974646,80.23219980491204,0,0,unknown,False,,DEMO_SYNTHETIC
2098,22.05767191993631,80.23215104167238,0,0,unknown,False,,DEMO_SYNTHETIC
2099,22.066705603830037,80.23210225325704,0,0,unknown,False,,DEMO_SYNTHETIC
2100,21.53374513666484,80.24459378756994,0,0,unknown,False,,DEMO_SYNTHETIC
2101,21.542779419295314,80.24454704496333,0,0,unknown,False,,DEMO_SYNTHETIC
2102,21.55181369204915,80.24450027789521,0,0,unknown,False,,DEMO_SYNTHETIC
2103,21.560847954923002,80.24445348635881,0,0,unknown,False,,DEMO_SYNTHETIC
2104,21.569882207913537,80.24440667034725,0,1,barren,False,0.0,DEMO_SYNTHETIC
2105,21.578916451017406,80.2443598298537,0,0,unknown,False,,DEMO_SYNTHETIC
2106,21.58795068423128,80.24431296487134,0,0,unknown,False,,DEMO_SYNTHETIC
2107,21.59698490755183,80.2442660753933,0,0,unknown,False,,DEMO_SYNTHETIC
2108,21.606019120975706,80.24421916141274,0,0,unknown,False,,DEMO_SYNTHETIC
2109,21.615053324499584,80.24417222292281,0,0,unknown,False,,DEMO_SYNTHETIC
2110,21.624087518120138,80.24412525991666,0,0,unknown,False,,DEMO_SYNTHETIC
2111,21.63312170183403,80.24407827238738,0,0,unknown,False,,DEMO_SYNTHETIC
2112,21.642155875637922,80.24403126032816,0,0,unknown,False,,DEMO_SYNTHETIC
2113,21.651190039528494,80.24398422373207,0,0,unknown,False,,DEMO_SYNTHETIC
2114,21.66022419350242,80.24393716259227,0,0,unknown,False,,DEMO_SYNTHETIC
2115,21.669258337556357,80.24389007690186,0,0,unknown,False,,DEMO_SYNTHETIC
2116,21.678292471686994,80.24384296665397,0,0,unknown,False,,DEMO_SYNTHETIC
2117,21.687326595891008,80.2437958318417,0,0,unknown,False,,DEMO_SYNTHETIC
2118,21.696360710165056,80.24374867245814,0,0,unknown,False,,DEMO_SYNTHETIC
2119,21.70539481450582,80.2437014884964,0,0,unknown,False,,DEMO_SYNTHETIC
2120,21.714428908909994,80.24365427994958,0,0,unknown,False,,DEMO_SYNTHETIC
2121,21.723462993374234,80.24360704681077,0,0,unknown,False,,DEMO_SYNTHETIC
2122,21.732497067895235,80.24355978907303,0,0,unknown,False,,DEMO_SYNTHETIC
2123,21.741531132469667,80.24351250672946,0,0,unknown,False,,DEMO_SYNTHETIC
2124,21.750565187094224,80.24346519977314,0,0,unknown,False,,DEMO_SYNTHETIC
2125,21.759599231765574,80.24341786819714,0,0,unknown,False,,DEMO_SYNTHETIC
2126,21.7686332664804,80.24337051199451,0,0,unknown,False,,DEMO_SYNTHETIC
2127,21.777667291235396,80.24332313115833,0,0,unknown,False,,DEMO_SYNTHETIC
2128,21.786701306027243,80.24327572568164,0,0,unknown,False,,DEMO_SYNTHETIC
2129,21.795735310852628,80.24322829555751,0,0,unknown,False,,DEMO_SYNTHETIC
2130,21.80476930570823,80.24318084077899,0,0,unknown,False,,DEMO_SYNTHETIC
2131,21.813803290590748,80.24313336133912,0,0,unknown,False,,DEMO_SYNTHETIC
2132,21.82283726549687,80.24308585723091,0,0,unknown,False,,DEMO_SYNTHETIC
2133,21.83187123042328,80.24303832844744,0,0,unknown,False,,DEMO_SYNTHETIC
2134,21.840905185366665,80.24299077498172,0,0,unknown,False,,DEMO_SYNTHETIC
2135,21.849939130323722,80.24294319682674,0,0,unknown,False,,DEMO_SYNTHETIC
2136,21.858973065291153,80.24289559397558,0,0,unknown,False,,DEMO_SYNTHETIC
2137,21.868006990265645,80.24284796642121,0,0,unknown,False,,DEMO_SYNTHETIC
2138,21.877040905243884,80.24280031415668,0,0,unknown,False,,DEMO_SYNTHETIC
2139,21.886074810222574,80.24275263717497,0,0,unknown,False,,DEMO_SYNTHETIC
2140,21.89510870519841,80.24270493546908,0,0,unknown,False,,DEMO_SYNTHETIC
2141,21.904142590168092,80.24265720903202,0,0,unknown,False,,DEMO_SYNTHETIC
2142,21.913176465128327,80.24260945785676,0,0,unknown,False,,DEMO_SYNTHETIC
2143,21.922210330075792,80.24256168193631,0,0,unknown,False,,DEMO_SYNTHETIC
2144,21.9312441850072,80.24251388126366,0,0,unknown,False,,DEMO_SYNTHETIC
2145,21.940278029919266,80.24246605583177,0,0,unknown,False,,DEMO_SYNTHETIC
2146,21.949311864808674,80.2424182056336,0,1,barren,False,0.0,DEMO_SYNTHETIC
2147,21.95834568967212,80.24237033066215,0,0,unknown,False,,DEMO_SYNTHETIC
2148,21.967379504506344,80.24232243091038,0,0,unknown,False,,DEMO_SYNTHETIC
2149,21.976413309308015,80.24227450637123,0,0,unknown,False,,DEMO_SYNTHETIC
2150,21.98544710407386,80.24222655703767,0,0,unknown,False,,DEMO_SYNTHETIC
2151,21.994480888800574,80.24217858290264,0,0,unknown,False,,DEMO_SYNTHETIC
2152,22.00351466348488,80.2421305839591,0,0,unknown,False,,DEMO_SYNTHETIC
2153,22.01254842812347,80.24208256019999,0,0,unknown,False,,DEMO_SYNTHETIC
2154,22.021582182713075,80.24203451161823,0,0,unknown,False,,DEMO_SYNTHETIC
2155,22.03061592725039,80.24198643820675,0,0,unknown,False,,DEMO_SYNTHETIC
2156,22.039649661732135,80.2419383399585,1,0,mineralized,False,1.0,DEMO_SYNTHETIC
2157,22.048683386155023,80.24189021686638,0,0,unknown,False,,DEMO_SYNTHETIC
2158,22.05771710051576,80.24184206892332,0,0,unknown,False,,DEMO_SYNTHETIC
2159,22.066750804811075,80.24179389612223,0,0,unknown,False,,DEMO_SYNTHETIC
2160,21.53378857944431,80.25424967421542,0,0,unknown,False,,DEMO_SYNTHETIC
2161,21.542822882075928,80.25420352895455,0,0,unknown,False,,DEMO_SYNTHETIC
2162,21.5518571748333,80.25415735954476,0,0,unknown,False,,DEMO_SYNTHETIC
2163,21.56089145771308,80.25411116597935,0,0,unknown,False,,DEMO_SYNTHETIC
2164,21.56992573071195,80.25406494825154,0,0,unknown,False,,DEMO_SYNTHETIC
2165,21.578959993826555,80.25401870635459,0,0,unknown,False,,DEMO_SYNTHETIC
2166,21.587994247053565,80.25397244028174,0,0,unknown,False,,DEMO_SYNTHETIC
2167,21.59702849038966,80.25392615002625,0,0,unknown,False,,DEMO_SYNTHETIC
2168,21.60606272383148,80.25387983558133,0,0,unknown,False,,DEMO_SYNTHETIC
2169,21.61509694737572,80.25383349694023,0,0,unknown,False,,DEMO_SYNTHETIC
2170,21.624131161019033,80.25378713409617,0,0,unknown,False,,DEMO_SYNTHETIC
2171,21.633165364758092,80.25374074704239,0,0,unknown,False,,DEMO_SYNTHETIC
2172,21.642199558589574,80.25369433577208,0,0,unknown,False,,DEMO_SYNTHETIC
2173,21.65123374251014,80.25364790027847,0,1,barren,False,0.0,DEMO_SYNTHETIC
2174,21.66026791651648,80.25360144055479,0,0,unknown,False,,DEMO_SYNTHETIC
2175,21.66930208060524,80.2535549565942,0,0,unknown,False,,DEMO_SYNTHETIC
2176,21.678336234773123,80.25350844838992,0,0,unknown,False,,DEMO_SYNTHETIC
2177,21.687370379016794,80.25346191593518,0,0,unknown,False,,DEMO_SYNTHETIC
2178,21.696404513332933,80.25341535922313,0,0,unknown,False,,DEMO_SYNTHETIC
2179,21.705438637718203,80.25336877824697,0,0,unknown,False,,DEMO_SYNTHETIC
2180,21.714472752169304,80.25332217299987,0,0,unknown,False,,DEMO_SYNTHETIC
2181,21.723506856682892,80.25327554347503,0,0,unknown,False,,DEMO_SYNTHETIC
2182,21.732540951255665,80.2532288896656,0,0,unknown,False,,DEMO_SYNTHETIC
2183,21.741575035884306,80.25318221156478,0,0,unknown,False,,DEMO_SYNTHETIC
2184,21.750609110565485,80.2531355091657,0,0,unknown,False,,DEMO_SYNTHETIC
2185,21.759643175295896,80.25308878246155,0,0,unknown,False,,DEMO_SYNTHETIC
2186,21.76867723007222,80.25304203144546,0,0,unknown,False,,DEMO_SYNTHETIC
2187,21.777711274891143,80.2529952561106,0,0,unknown,False,,DEMO_SYNTHETIC
2188,21.78674530974934,80.2529484564501,0,0,unknown,False,,DEMO_SYNTHETIC
2189,21.79577933464352,80.25290163245711,0,0,unknown,False,,DEMO_SYNTHETIC
2190,21.804813349570356,80.25285478412476,0,0,unknown,False,,DEMO_SYNTHETIC
2191,21.81384735452654,80.2528079114462,0,0,unknown,False,,DEMO_SYNTHETIC
2192,21.822881349508773,80.25276101441453,0,0,unknown,False,,DEMO_SYNTHETIC
2193,21.83191533451373,80.25271409302289,0,0,unknown,False,,DEMO_SYNTHETIC
2194,21.840949309538114,80.2526671472644,0,0,unknown,False,,DEMO_SYNTHETIC
2195,21.849983274578612,80.25262017713219,0,0,unknown,False,,DEMO_SYNTHETIC
2196,21.859017229631924,80.25257318261933,0,0,unknown,False,,DEMO_SYNTHETIC
2197,21.868051174694738,80.25252616371894,0,0,unknown,False,,DEMO_SYNTHETIC
2198,21.877085109763765,80.25247912042414,0,0,unknown,False,,DEMO_SYNTHETIC
2199,21.88611903483568,80.25243205272801,0,0,unknown,False,,DEMO_SYNTHETIC
2200,21.8951529499072,80.25238496062363,0,0,unknown,False,,DEMO_SYNTHETIC
2201,21.90418685497501,80.2523378441041,0,0,unknown,False,,DEMO_SYNTHETIC
2202,21.913220750035826,80.2522907031625,0,0,unknown,False,,DEMO_SYNTHETIC
2203,21.922254635086333,80.25224353779193,0,0,unknown,False,,DEMO_SYNTHETIC
2204,21.93128851012325,80.2521963479854,0,0,unknown,False,,DEMO_SYNTHETIC
2205,21.94032237514326,80.25214913373604,0,0,unknown,False,,DEMO_SYNTHETIC
2206,21.94935623014309,80.2521018950369,0,0,unknown,False,,DEMO_SYNTHETIC
2207,21.958390075119425,80.25205463188101,0,0,unknown,False,,DEMO_SYNTHETIC
2208,21.967423910068977,80.25200734426144,0,0,unknown,False,,DEMO_SYNTHETIC
2209,21.976457734988458,80.25196003217127,0,0,unknown,False,,DEMO_SYNTHETIC
2210,21.985491549874574,80.25191269560351,0,0,unknown,False,,DEMO_SYNTHETIC
2211,21.994525354724033,80.2518653345512,0,0,unknown,False,,DEMO_SYNTHETIC
2212,22.003559149533544,80.25181794900739,0,0,unknown,False,,DEMO_SYNTHETIC
2213,22.012592934299814,80.25177053896509,0,0,unknown,False,,DEMO_SYNTHETIC
2214,22.021626709019564,80.25172310441735,0,0,unknown,False,,DEMO_SYNTHETIC
2215,22.030660473689505,80.2516756453572,0,0,unknown,False,,DEMO_SYNTHETIC
2216,22.039694228306338,80.25162816177762,0,0,unknown,False,,DEMO_SYNTHETIC
2217,22.0487279728668,80.25158065367165,0,0,unknown,False,,DEMO_SYNTHETIC
2218,22.057761707367593,80.2515331210323,0,0,unknown,False,,DEMO_SYNTHETIC
2219,22.066795431805435,80.25148556385254,0,0,unknown,False,,DEMO_SYNTHETIC
2220,21.533831463461777,80.26390558500304,0,0,unknown,False,,DEMO_SYNTHETIC
2221,21.542865785837293,80.26386003709467,0,0,unknown,False,,DEMO_SYNTHETIC
2222,21.551900098340916,80.26381446534995,0,0,unknown,False,,DEMO_SYNTHETIC
2223,21.560934400969337,80.26376886976227,0,0,unknown,False,,DEMO_SYNTHETIC
2224,21.569968693719197,80.26372325032497,0,1,barren,False,0.0,DEMO_SYNTHETIC
2225,21.579002976587176,80.26367760703137,0,0,unknown,False,,DEMO_SYNTHETIC
2226,21.588037249569926,80.2636319398748,0,0,unknown,False,,DEMO_SYNTHETIC
2227,21.597071512664133,80.2635862488486,0,0,unknown,False,,DEMO_SYNTHETIC
2228,21.60610576586644,80.2635405339461,0,0,unknown,False,,DEMO_SYNTHETIC
2229,21.615140009173544,80.2634947951606,0,0,unknown,False,,DEMO_SYNTHETIC
2230,21.6241742425821,80.26344903248543,0,0,unknown,False,,DEMO_SYNTHETIC
2231,21.633208466088785,80.2634032459139,0,0,unknown,False,,DEMO_SYNTHETIC
2232,21.642242679690263,80.2633574354393,0,0,unknown,False,,DEMO_SYNTHETIC
2233,21.65127688338322,80.26331160105497,0,0,unknown,False,,DEMO_SYNTHETIC
2234,21.660311077164316,80.26326574275417,0,0,unknown,False,,DEMO_SYNTHETIC
2235,21.66934526103023,80.26321986053021,0,0,unknown,False,,DEMO_SYNTHETIC
2236,21.678379434977654,80.26317395437638,0,0,unknown,False,,DEMO_SYNTHETIC
2237,21.687413599003246,80.26312802428595,0,0,unknown,False,,DEMO_SYNTHETIC
2238,21.696447753103687,80.26308207025221,0,0,unknown,False,,DEMO_SYNTHETIC
2239,21.70548189727566,80.26303609226844,0,0,unknown,False,,DEMO_SYNTHETIC
2240,21.714516031515853,80.2629900903279,0,0,unknown,False,,DEMO_SYNTHETIC
2241,21.72355015582093,80.26294406442388,0,0,unknown,False,,DEMO_SYNTHETIC
2242,21.732584270187587,80.26289801454959,0,0,unknown,False,,DEMO_SYNTHETIC
2243,21.741618374612504,80.26285194069834,0,0,unknown,False,,DEMO_SYNTHETIC
2244,21.75065246909236,80.26280584286336,0,0,unknown,False,,DEMO_SYNTHETIC
2245,21.75968655362384,80.2627597210379,0,0,unknown,False,,DEMO_SYNTHETIC
2246,21.768720628203635,80.26271357521519,0,0,unknown,False,,DEMO_SYNTHETIC
2247,21.77775469282843,80.2626674053885,0,0,unknown,False,,DEMO_SYNTHETIC
2248,21.786788747494906,80.26262121155104,0,0,unknown,False,,DEMO_SYNTHETIC
2249,21.795822792199765,80.26257499369605,0,0,unknown,False,,DEMO_SYNTHETIC
2250,21.804856826939695,80.26252875181675,0,0,unknown,False,,DEMO_SYNTHETIC
2251,21.81389085171137,80.26248248590636,0,0,unknown,False,,DEMO_SYNTHETIC
2252,21.822924866511503,80.26243619595812,0,0,unknown,False,,DEMO_SYNTHETIC
2253,21.83195887133677,80.2623898819652,0,0,unknown,False,,DEMO_SYNTHETIC
2254,21.84099286618387,80.26234354392085,0,1,barren,False,0.0,DEMO_SYNTHETIC
2255,21.850026851049513,80.26229718181824,0,0,unknown,False,,DEMO_SYNTHETIC
2256,21.85906082593037,80.2622507956506,0,1,barren,False,0.0,DEMO_SYNTHETIC
2257,21.868094790823154,80.26220438541108,0,1,barren,False,0.0,DEMO_SYNTHETIC
2258,21.877128745724562,80.26215795109292,0,0,unknown,False,,DEMO_SYNTHETIC
2259,21.886162690631274,80.26211149268927,0,0,unknown,False,,DEMO_SYNTHETIC
2260,21.895196625540013,80.26206501019333,0,0,unknown,False,,DEMO_SYNTHETIC
2261,21.904230550447473,80.26201850359826,0,0,unknown,False,,DEMO_SYNTHETIC
2262,21.91326446535035,80.26197197289724,0,0,unknown,False,,DEMO_SYNTHETIC
2263,21.92229837024535,80.26192541808344,0,0,unknown,False,,DEMO_SYNTHETIC
2264,21.931332265129175,80.26187883915,0,0,unknown,False,,DEMO_SYNTHETIC
2265,21.940366149998532,80.26183223609011,0,0,unknown,False,,DEMO_SYNTHETIC
2266,21.949400024850124,80.26178560889691,0,0,unknown,False,,DEMO_SYNTHETIC
2267,21.958433889680652,80.26173895756355,0,1,barren,False,0.0,DEMO_SYNTHETIC
2268,21.96746774448685,80.26169228208316,0,0,unknown,False,,DEMO_SYNTHETIC
2269,21.976501589265386,80.26164558244889,0,0,unknown,False,,DEMO_SYNTHETIC
2270,21.985535424012994,80.26159885865388,0,0,unknown,False,,DEMO_SYNTHETIC
2271,21.994569248726393,80.26155211069126,0,0,unknown,False,,DEMO_SYNTHETIC
2272,22.00360306340227,80.26150533855413,0,0,unknown,False,,DEMO_SYNTHETIC
2273,22.012636868037347,80.26145854223566,0,0,unknown,False,,DEMO_SYNTHETIC
2274,22.021670662628342,80.26141172172892,0,0,unknown,False,,DEMO_SYNTHETIC
2275,22.03070444717197,80.26136487702705,0,0,unknown,False,,DEMO_SYNTHETIC
2276,22.039738221664944,80.26131800812314,0,0,unknown,False,,DEMO_SYNTHETIC
2277,22.048771986103976,80.26127111501032,0,0,unknown,False,,DEMO_SYNTHETIC
2278,22.057805740485783,80.26122419768166,0,0,unknown,False,,DEMO_SYNTHETIC
2279,22.06683948480709,80.26117725613024,0,0,unknown,False,,DEMO_SYNTHETIC
2280,21.53387378871149,80.27356151962036,0,1,barren,False,0.0,DEMO_SYNTHETIC
2281,21.542908130573643,80.2735165690711,0,0,unknown,False,,DEMO_SYNTHETIC
2282,21.551942462566263,80.27347159499813,0,0,unknown,False,,DEMO_SYNTHETIC
2283,21.56097678468599,80.27342659739485,0,0,unknown,False,,DEMO_SYNTHETIC
2284,21.570011096929516,80.27338157625469,0,0,unknown,False,,DEMO_SYNTHETIC
2285,21.579045399293488,80.2733365315711,0,0,unknown,False,,DEMO_SYNTHETIC
2286,21.588079691774585,80.27329146333749,0,0,unknown,False,,DEMO_SYNTHETIC
2287,21.597113974369464,80.27324637154726,0,0,unknown,False,,DEMO_SYNTHETIC
2288,21.606148247074806,80.27320125619384,0,0,unknown,False,,DEMO_SYNTHETIC
2289,21.615182509887273,80.27315611727064,0,1,barren,False,0.0,DEMO_SYNTHETIC
2290,21.624216762803545,80.27311095477104,0,0,unknown,False,,DEMO_SYNTHETIC
2291,21.6332510058203,80.27306576868847,0,0,unknown,False,,DEMO_SYNTHETIC
2292,21.642285238934193,80.27302055901629,0,0,unknown,False,,DEMO_SYNTHETIC
2293,21.651319462141906,80.27297532574792,0,0,unknown,False,,DEMO_SYNTHETIC
2294,21.660353675440128,80.27293006887673,0,0,unknown,False,,DEMO_SYNTHETIC
2295,21.66938787882551,80.2728847883961,0,0,unknown,False,,DEMO_SYNTHETIC
2296,21.678422072294754,80.27283948429941,0,0,unknown,False,,DEMO_SYNTHETIC
2297,21.68745625584453,80.27279415658005,0,0,unknown,False,,DEMO_SYNTHETIC
2298,21.696490429471513,80.27274880523134,0,0,unknown,False,,DEMO_SYNTHETIC
2299,21.705524593172385,80.2727034302467,0,0,unknown,False,,DEMO_SYNTHETIC
2300,21.714558746943833,80.27265803161944,0,0,unknown,False,,DEMO_SYNTHETIC
2301,21.72359289078253,80.27261260934294,0,0,unknown,False,,DEMO_SYNTHETIC
2302,21.732627024685165,80.27256716341056,0,0,unknown,False,,DEMO_SYNTHETIC
2303,21.741661148648433,80.27252169381562,0,0,unknown,False,,DEMO_SYNTHETIC
2304,21.750695262669,80.27247620055148,0,0,unknown,False,,DEMO_SYNTHETIC
2305,21.759729366743564,80.27243068361146,0,0,unknown,False,,DEMO_SYNTHETIC
2306,21.768763460868808,80.27238514298892,0,0,unknown,False,,DEMO_SYNTHETIC
2307,21.777797545041423,80.27233957867715,0,0,unknown,False,,DEMO_SYNTHETIC
2308,21.786831619258095,80.27229399066951,0,0,unknown,False,,DEMO_SYNTHETIC
2309,21.79586568351552,80.27224837895929,0,0,unknown,False,,DEMO_SYNTHETIC
2310,21.804899737810377,80.27220274353982,0,0,unknown,False,,DEMO_SYNTHETIC
2311,21.813933782139372,80.2721570844044,0,1,barren,False,0.0,DEMO_SYNTHETIC
2312,21.822967816499197,80.27211140154634,0,0,unknown,False,,DEMO_SYNTHETIC
2313,21.832001840886534,80.27206569495897,0,1,barren,False,0.0,DEMO_SYNTHETIC
2314,21.841035855298085,80.27201996463553,0,0,unknown,False,,DEMO_SYNTHETIC
2315,21.850069859730556,80.27197421056937,0,0,unknown,False,,DEMO_SYNTHETIC
2316,21.85910385418063,80.27192843275373,0,0,unknown,False,,DEMO_SYNTHETIC
2317,21.868137838645012,80.27188263118191,0,0,unknown,False,,DEMO_SYNTHETIC
2318,21.8771718131204,80.27183680584719,0,0,unknown,False,,DEMO_SYNTHETIC
2319,21.886205777603482,80.27179095674286,0,0,unknown,False,,DEMO_SYNTHETIC
2320,21.89523973209098,80.27174508386216,0,0,unknown,False,,DEMO_SYNTHETIC
2321,21.90427367657958,80.27169918719838,0,0,unknown,False,,DEMO_SYNTHETIC
2322,21.913307611066003,80.27165326674476,0,0,unknown,False,,DEMO_SYNTHETIC
2323,21.922341535546934,80.27160732249457,0,0,unknown,False,,DEMO_SYNTHETIC
2324,21.93137545001909,80.27156135444108,0,0,unknown,False,,DEMO_SYNTHETIC
2325,21.940409354479165,80.2715153625775,0,0,unknown,False,,DEMO_SYNTHETIC
2326,21.949443248923874,80.27146934689709,0,0,unknown,False,,DEMO_SYNTHETIC
2327,21.95847713334992,80.2714233073931,0,0,unknown,False,,DEMO_SYNTHETIC
2328,21.967511007754027,80.27137724405874,0,0,unknown,False,,DEMO_SYNTHETIC
2329,21.976544872132884,80.27133115688726,0,0,unknown,False,,DEMO_SYNTHETIC
2330,21.985578726483215,80.27128504587186,0,0,unknown,False,,DEMO_SYNTHETIC
2331,21.994612570801735,80.2712389110058,0,0,unknown,False,,DEMO_SYNTHETIC
2332,22.003646405085135,80.27119275228226,0,0,unknown,False,,DEMO_SYNTHETIC
2333,22.012680229330147,80.27114656969447,0,0,unknown,False,,DEMO_SYNTHETIC
2334,22.021714043533482,80.27110036323562,0,0,unknown,False,,DEMO_SYNTHETIC
2335,22.030747847691863,80.27105413289893,0,0,unknown,False,,DEMO_SYNTHETIC
2336,22.039781641802,80.2710078786776,1,0,mineralized,False,1.0,DEMO_SYNTHETIC
2337,22.048815425860603,80.27096160056479,0,0,unknown,False,,DEMO_SYNTHETIC
2338,22.0578491998644,80.27091529855375,0,0,unknown,False,,DEMO_SYNTHETIC
2339,22.066882963810112,80.2708689726376,0,0,unknown,False,,DEMO_SYNTHETIC
2340,21.533915555187747,80.28321747775483,0,0,unknown,False,,DEMO_SYNTHETIC
2341,21.5429499162793,80.28317312457128,0,0,unknown,False,,DEMO_SYNTHETIC
2342,21.55198426750362,80.2831287481766,0,0,unknown,False,,DEMO_SYNTHETIC
2343,21.561018608857367,80.28308434856427,0,0,unknown,False,,DEMO_SYNTHETIC
2344,21.570052940337206,80.28303992572786,0,0,unknown,False,,DEMO_SYNTHETIC
2345,21.579087261939797,80.28299547966087,0,0,unknown,False,,DEMO_SYNTHETIC
2346,21.588121573661827,80.28295101035678,0,0,unknown,False,,DEMO_SYNTHETIC
2347,21.59715587549996,80.28290651780912,0,0,unknown,False,,DEMO_SYNTHETIC
2348,21.60619016745086,80.28286200201138,0,0,unknown,False,,DEMO_SYNTHETIC
2349,21.6152244495112,80.28281746295706,0,0,unknown,False,,DEMO_SYNTHETIC
2350,21.624258721677666,80.28277290063966,0,0,unknown,False,,DEMO_SYNTHETIC
2351,21.633292983946916,80.28272831505262,0,1,barren,False,0.0,DEMO_SYNTHETIC
2352,21.642327236315637,80.28268370618947,0,0,unknown,False,,DEMO_SYNTHETIC
2353,21.651361478780494,80.28263907404369,0,0,unknown,False,,DEMO_SYNTHETIC
2354,21.66039571133818,80.28259441860872,0,0,unknown,False,,DEMO_SYNTHETIC
2355,21.669429933985352,80.28254973987805,0,0,unknown,False,,DEMO_SYNTHETIC
2356,21.678464146718706,80.28250503784514,0,0,unknown,False,,DEMO_SYNTHETIC
2357,21.68749834953492,80.28246031250345,0,0,unknown,False,,DEMO_SYNTHETIC
2358,21.696532542430663,80.28241556384641,0,0,unknown,False,,DEMO_SYNTHETIC
2359,21.70556672540263,80.28237079186754,0,0,unknown,False,,DEMO_SYNTHETIC
2360,21.714600898447493,80.28232599656022,0,0,unknown,False,,DEMO_SYNTHETIC
2361,21.723635061561943,80.28228117791792,0,0,unknown,False,,DEMO_SYNTHETIC
2362,21.732669214742664,80.28223633593407,0,0,unknown,False,,DEMO_SYNTHETIC
2363,21.741703357986346,80.28219147060211,0,0,unknown,False,,DEMO_SYNTHETIC
2364,21.750737491289662,80.28214658191547,0,0,unknown,False,,DEMO_SYNTHETIC
2365,21.759771614649313,80.28210166986759,0,0,unknown,False,,DEMO_SYNTHETIC
2366,21.768805728061984,80.28205673445184,0,0,unknown,False,,DEMO_SYNTHETIC
2367,21.777839831524357,80.2820117756617,0,0,unknown,False,,DEMO_SYNTHETIC
2368,21.78687392503313,80.28196679349054,0,0,unknown,False,,DEMO_SYNTHETIC
2369,21.795908008585,80.28192178793178,0,0,unknown,False,,DEMO_SYNTHETIC
2370,21.80494208217665,80.28187675897884,0,0,unknown,False,,DEMO_SYNTHETIC
2371,21.81397614580478,80.28183170662508,0,0,unknown,False,,DEMO_SYNTHETIC
2372,21.823010199466076,80.28178663086393,0,0,unknown,False,,DEMO_SYNTHETIC
2373,21.83204424315724,80.28174153168877,0,0,unknown,False,,DEMO_SYNTHETIC
2374,21.841078276874967,80.28169640909296,0,0,unknown,False,,DEMO_SYNTHETIC
2375,21.850112300615958,80.28165126306993,0,0,unknown,False,,DEMO_SYNTHETIC
2376,21.859146314376908,80.28160609361302,0,1,barren,False,0.0,DEMO_SYNTHETIC
2377,21.86818031815451,80.2815609007156,0,0,unknown,False,,DEMO_SYNTHETIC
2378,21.87721431194548,80.28151568437107,0,0,unknown,False,,DEMO_SYNTHETIC
2379,21.886248295746505,80.28147044457278,0,0,unknown,False,,DEMO_SYNTHETIC
2380,21.895282269554297,80.28142518131408,0,0,unknown,False,,DEMO_SYNTHETIC
2381,21.90431623336555,80.28137989458831,0,1,barren,False,0.0,DEMO_SYNTHETIC
2382,21.91335018717698,80.28133458438886,0,0,unknown,False,,DEMO_SYNTHETIC
2383,21.922384130985282,80.28128925070904,0,0,unknown,False,,DEMO_SYNTHETIC
2384,21.931418064787163,80.28124389354223,0,0,unknown,False,,DEMO_SYNTHETIC
2385,21.940451988579344,80.28119851288172,0,0,unknown,False,,DEMO_SYNTHETIC
2386,21.949485902358518,80.28115310872087,0,0,unknown,False,,DEMO_SYNTHETIC
2387,21.95851980612139,80.281107681053,0,0,unknown,False,,DEMO_SYNTHETIC
2388,21.96755369986469,80.28106222987145,0,0,unknown,False,,DEMO_SYNTHETIC
2389,21.976587583585115,80.28101675516952,0,0,unknown,False,,DEMO_SYNTHETIC
2390,21.985621457279386,80.28097125694055,0,0,unknown,False,,DEMO_SYNTHETIC
2391,21.994655320944208,80.2809257351778,0,0,unknown,False,,DEMO_SYNTHETIC
2392,22.003689174576294,80.28088018987464,0,0,unknown,False,,DEMO_SYNTHETIC
2393,22.012723018172366,80.28083462102433,0,0,unknown,False,,DEMO_SYNTHETIC
2394,22.021756851729137,80.28078902862016,0,0,unknown,False,,DEMO_SYNTHETIC
2395,22.030790675243328,80.28074341265547,0,0,unknown,False,,DEMO_SYNTHETIC
2396,22.03982448871165,80.28069777312349,0,0,unknown,False,,DEMO_SYNTHETIC
2397,22.04885829213083,80.28065211001756,0,0,unknown,False,,DEMO_SYNTHETIC
2398,22.057892085497578,80.28060642333091,0,0,unknown,False,,DEMO_SYNTHETIC
2399,22.066925868808625,80.28056071305684,0,0,unknown,False,,DEMO_SYNTHETIC
2400,21.53395676288495,80.29287345909398,0,1,barren,False,0.0,DEMO_SYNTHETIC
2401,21.54299114294865,80.29282970328259,0,0,unknown,False,,DEMO_SYNTHETIC
2402,21.552025513147385,80.29278592457268,0,0,unknown,False,,DEMO_SYNTHETIC
2403,21.56105987347783,80.29274212295782,0,0,unknown,False,,DEMO_SYNTHETIC
2404,21.570094223936636,80.29269829843162,0,0,unknown,False,,DEMO_SYNTHETIC
2405,21.579128564520484,80.29265445098771,0,0,unknown,False,,DEMO_SYNTHETIC
2406,21.58816289522604,80.29261058061965,0,0,unknown,False,,DEMO_SYNTHETIC
2407,21.59719721604998,80.29256668732106,0,0,unknown,False,,DEMO_SYNTHETIC
2408,21.606231526988967,80.29252277108552,0,0,unknown,False,,DEMO_SYNTHETIC
2409,21.615265828039682,80.29247883190658,0,0,unknown,False,,DEMO_SYNTHETIC
2410,21.624300119198807,80.29243486977785,0,0,unknown,False,,DEMO_SYNTHETIC
2411,21.633334400463006,80.29239088469292,0,0,unknown,False,,DEMO_SYNTHETIC
2412,21.642368671828955,80.29234687664531,0,0,unknown,False,,DEMO_SYNTHETIC
2413,21.651402933293333,80.29230284562863,0,0,unknown,False,,DEMO_SYNTHETIC
2414,21.660437184852828,80.29225879163641,0,0,unknown,False,,DEMO_SYNTHETIC
2415,21.66947142650411,80.29221471466224,0,0,unknown,False,,DEMO_SYNTHETIC
2416,21.67850565824385,80.29217061469963,0,0,unknown,False,,DEMO_SYNTHETIC
2417,21.687539880068748,80.29212649174217,0,0,unknown,False,,DEMO_SYNTHETIC
2418,21.696574091975478,80.29208234578338,0,1,barren,False,0.0,DEMO_SYNTHETIC
2419,21.705608293960722,80.2920381768168,0,0,unknown,False,,DEMO_SYNTHETIC
2420,21.714642486021173,80.29199398483598,0,0,unknown,False,,DEMO_SYNTHETIC
2421,21.723676668153495,80.29194976983443,0,0,unknown,False,,DEMO_SYNTHETIC
2422,21.732710840354397,80.2919055318057,0,0,unknown,False,,DEMO_SYNTHETIC
2423,21.741745002620558,80.2918612707433,0,0,unknown,False,,DEMO_SYNTHETIC
2424,21.750779154948656,80.29181698664073,0,0,unknown,False,,DEMO_SYNTHETIC
2425,21.7598132973354,80.29177267949153,0,0,unknown,False,,DEMO_SYNTHETIC
2426,21.76884742977746,80.2917283492892,0,0,unknown,False,,DEMO_SYNTHETIC
2427,21.77788155227154,80.29168399602726,0,0,unknown,False,,DEMO_SYNTHETIC
2428,21.786915664814323,80.29163961969918,0,0,unknown,False,,DEMO_SYNTHETIC
2429,21.795949767402515,80.29159522029848,0,0,unknown,False,,DEMO_SYNTHETIC
2430,21.804983860032802,80.29155079781864,0,0,unknown,False,,DEMO_SYNTHETIC
2431,21.81401794270187,80.29150635225315,0,0,unknown,False,,DEMO_SYNTHETIC
2432,21.823052015406432,80.29146188359552,0,0,unknown,False,,DEMO_SYNTHETIC
2433,21.832086078143178,80.29141739183918,0,0,unknown,False,,DEMO_SYNTHETIC
2434,21.84112013090879,80.29137287697765,0,0,unknown,False,,DEMO_SYNTHETIC
2435,21.850154173700002,80.29132833900437,0,0,unknown,False,,DEMO_SYNTHETIC
2436,21.85918820651348,80.29128377791281,0,0,unknown,False,,DEMO_SYNTHETIC
2437,21.868222229345932,80.29123919369646,0,0,unknown,False,,DEMO_SYNTHETIC
2438,21.877256242194083,80.29119458634874,0,0,unknown,False,,DEMO_SYNTHETIC
2439,21.88629024505461,80.2911499558631,0,0,unknown,False,,DEMO_SYNTHETIC
2440,21.89532423792422,80.29110530223303,0,0,unknown,False,,DEMO_SYNTHETIC
2441,21.904358220799622,80.29106062545195,0,0,unknown,False,,DEMO_SYNTHETIC
2442,21.913392193677538,80.2910159255133,0,0,unknown,False,,DEMO_SYNTHETIC
2443,21.92242615655465,80.29097120241052,0,0,unknown,False,,DEMO_SYNTHETIC
2444,21.93146010942767,80.29092645613703,0,0,unknown,False,,DEMO_SYNTHETIC
2445,21.94049405229332,80.29088168668628,0,0,unknown,False,,DEMO_SYNTHETIC
2446,21.949527985148297,80.29083689405167,0,0,unknown,False,,DEMO_SYNTHETIC
2447,21.958561907989317,80.2907920782266,0,0,unknown,False,,DEMO_SYNTHETIC
2448,21.96759582081309,80.29074723920453,0,0,unknown,False,,DEMO_SYNTHETIC
2449,21.976629723616327,80.29070237697886,0,0,unknown,False,,DEMO_SYNTHETIC
2450,21.98566361639575,80.29065749154296,0,0,unknown,False,,DEMO_SYNTHETIC
2451,21.994697499148064,80.29061258289026,0,0,unknown,False,,DEMO_SYNTHETIC
2452,22.003731371869986,80.29056765101416,0,0,unknown,False,,DEMO_SYNTHETIC
2453,22.012765234558238,80.29052269590804,0,0,unknown,False,,DEMO_SYNTHETIC
2454,22.021799087209526,80.29047771756527,0,0,unknown,False,,DEMO_SYNTHETIC
2455,22.030832929820587,80.29043271597925,0,0,unknown,False,,DEMO_SYNTHETIC
2456,22.039866762388126,80.29038769114338,0,0,unknown,False,,DEMO_SYNTHETIC
2457,22.048900584908868,80.290342643051,0,0,unknown,False,,DEMO_SYNTHETIC
2458,22.057934397379533,80.2902975716955,0,0,unknown,False,,DEMO_SYNTHETIC
2459,22.06696819979684,80.29025247707025,0,0,unknown,False,,DEMO_SYNTHETIC
2460,21.53399741179757,80.30252946332527,0,0,unknown,False,,DEMO_SYNTHETIC
2461,21.543031810576164,80.30248630489245,0,0,unknown,False,,DEMO_SYNTHETIC
2462,21.552066199492028,80.30244312387369,0,0,unknown,False,,DEMO_SYNTHETIC
2463,21.561100578541843,80.30239992026269,0,0,unknown,False,,DEMO_SYNTHETIC
2464,21.570134947722277,80.30235669405312,0,0,unknown,False,,DEMO_SYNTHETIC
2465,21.57916930702999,80.3023134452387,0,0,unknown,False,,DEMO_SYNTHETIC
2466,21.588203656461666,80.30227017381307,0,0,unknown,False,,DEMO_SYNTHETIC
2467,21.597237996013973,80.30222687976995,0,0,unknown,False,,DEMO_SYNTHETIC
2468,21.606272325683584,80.302183563103,0,0,unknown,False,,DEMO_SYNTHETIC
2469,21.615306645467168,80.30214022380589,0,0,unknown,False,,DEMO_SYNTHETIC
2470,21.62434095536142,80.30209686187229,0,0,unknown,False,,DEMO_SYNTHETIC
2471,21.633375255362996,80.30205347729584,0,0,unknown,False,,DEMO_SYNTHETIC
2472,21.642409545468574,80.30201007007022,0,0,unknown,False,,DEMO_SYNTHETIC
2473,21.651443825674853,80.3019666401891,0,0,unknown,False,,DEMO_SYNTHETIC
2474,21.660478095978497,80.30192318764608,0,0,unknown,False,,DEMO_SYNTHETIC
2475,21.66951235637618,80.30187971243484,0,0,unknown,False,,DEMO_SYNTHETIC
2476,21.678546606864604,80.30183621454901,0,0,unknown,False,,DEMO_SYNTHETIC
2477,21.687580847440444,80.30179269398222,0,0,unknown,False,,DEMO_SYNTHETIC
2478,21.696615078100375,80.30174915072811,0,0,unknown,False,,DEMO_SYNTHETIC
2479,21.705649298841085,80.30170558478032,0,0,unknown,False,,DEMO_SYNTHETIC
2480,21.714683509659263,80.30166199613245,0,0,unknown,False,,DEMO_SYNTHETIC
2481,21.723717710551593,80.30161838477814,0,0,unknown,False,,DEMO_SYNTHETIC
2482,21.732751901514764,80.30157475071098,0,0,unknown,False,,DEMO_SYNTHETIC
2483,21.741786082545467,80.30153109392461,0,0,unknown,False,,DEMO_SYNTHETIC
2484,21.750820253640384,80.30148741441262,0,0,unknown,False,,DEMO_SYNTHETIC
2485,21.759854414796212,80.3014437121686,0,0,unknown,False,,DEMO_SYNTHETIC
2486,21.76888856600964,80.30139998718617,0,0,unknown,False,,DEMO_SYNTHETIC
2487,21.77792270727736,80.30135623945893,0,0,unknown,False,,DEMO_SYNTHETIC
2488,21.78695683859606,80.30131246898044,0,0,unknown,False,,DEMO_SYNTHETIC
2489,21.79599095996245,80.30126867574431,0,0,unknown,False,,DEMO_SYNTHETIC
2490,21.805025071373212,80.30122485974411,0,0,unknown,False,,DEMO_SYNTHETIC
2491,21.814059172825036,80.3011810209734,0,0,unknown,False,,DEMO_SYNTHETIC
2492,21.82309326431464,80.30113715942578,0,0,unknown,False,,DEMO_SYNTHETIC
2493,21.832127345838707,80.30109327509481,0,0,unknown,False,,DEMO_SYNTHETIC
2494,21.841161417393938,80.30104936797406,0,0,unknown,False,,DEMO_SYNTHETIC
2495,21.85019547897704,80.30100543805708,0,0,unknown,False,,DEMO_SYNTHETIC
2496,21.85922953058471,80.30096148533741,0,0,unknown,False,,DEMO_SYNTHETIC
2497,21.868263572213646,80.30091750980863,0,0,unknown,False,,DEMO_SYNTHETIC
2498,21.877297603860555,80.30087351146429,0,0,unknown,False,,DEMO_SYNTHETIC
2499,21.88633162552214,80.3008294902979,0,0,unknown,False,,DEMO_SYNTHETIC
2500,21.89536563719511,80.30078544630301,0,0,unknown,False,,DEMO_SYNTHETIC
2501,21.904399638876164,80.30074137947315,0,0,unknown,False,,DEMO_SYNTHETIC
2502,21.913433630562018,80.30069728980189,0,0,unknown,False,,DEMO_SYNTHETIC
2503,21.92246761224937,80.3006531772827,0,0,unknown,False,,DEMO_SYNTHETIC
2504,21.93150158393494,80.30060904190913,0,0,unknown,False,,DEMO_SYNTHETIC
2505,21.94053554561543,80.30056488367467,0,0,unknown,False,,DEMO_SYNTHETIC
2506,21.949569497287552,80.30052070257288,0,0,unknown,False,,DEMO_SYNTHETIC
2507,21.958603438948014,80.30047649859723,0,0,unknown,False,,DEMO_SYNTHETIC
2508,21.967637370593543,80.30043227174123,0,0,unknown,False,,DEMO_SYNTHETIC
2509,21.976671292220843,80.30038802199839,0,0,unknown,False,,DEMO_SYNTHETIC
2510,21.985705203826626,80.30034374936218,0,0,unknown,False,,DEMO_SYNTHETIC
2511,21.994739105407614,80.30029945382613,0,0,unknown,False,,DEMO_SYNTHETIC
2512,22.00377299696052,80.3002551353837,0,0,unknown,False,,DEMO_SYNTHETIC
2513,22.012806878482063,80.30021079402836,0,0,unknown,False,,DEMO_SYNTHETIC
2514,22.021840749968963,80.30016642975362,0,0,unknown,False,,DEMO_SYNTHETIC
2515,22.030874611417943,80.30012204255293,0,0,unknown,False,,DEMO_SYNTHETIC
2516,22.039908462825714,80.30007763241976,0,0,unknown,False,,DEMO_SYNTHETIC
2517,22.048942304189012,80.30003319934758,0,0,unknown,False,,DEMO_SYNTHETIC
2518,22.057976135504546,80.29998874332986,0,0,unknown,False,,DEMO_SYNTHETIC
2519,22.067009956769052,80.29994426436005,0,0,unknown,False,,DEMO_SYNTHETIC
2520,21.534037501920135,80.3121854901362,0,0,unknown,False,,DEMO_SYNTHETIC
2521,21.543071919156365,80.31214292908824,0,0,unknown,False,,DEMO_SYNTHETIC
2522,21.552106326532073,80.31210034576694,0,0,unknown,False,,DEMO_SYNTHETIC
2523,21.56114072404394,80.3120577401661,0,0,unknown,False,,DEMO_SYNTHETIC
2524,21.570175111688645,80.31201511227948,0,0,unknown,False,,DEMO_SYNTHETIC
2525,21.579209489462848,80.31197246210084,0,0,unknown,False,,DEMO_SYNTHETIC
2526,21.58824385736323,80.31192978962399,0,0,unknown,False,,DEMO_SYNTHETIC
2527,21.597278215386464,80.31188709484267,0,0,unknown,False,,DEMO_SYNTHETIC
2528,21.606312563529215,80.31184437775067,0,0,unknown,False,,DEMO_SYNTHETIC
2529,21.61534690178816,80.3118016383417,0,0,unknown,False,,DEMO_SYNTHETIC
2530,21.624381230159997,80.31175887660956,0,0,unknown,False,,DEMO_SYNTHETIC
2531,21.633415548641384,80.31171609254797,0,0,unknown,False,,DEMO_SYNTHETIC
2532,21.64244985722901,80.31167328615068,0,0,unknown,False,,DEMO_SYNTHETIC
2533,21.651484155919547,80.31163045741144,0,0,unknown,False,,DEMO_SYNTHETIC
2534,21.660518444709684,80.31158760632397,0,0,unknown,False,,DEMO_SYNTHETIC
2535,21.66955272359609,80.31154473288203,0,0,unknown,False,,DEMO_SYNTHETIC
2536,21.678586992575465,80.31150183707933,0,0,unknown,False,,DEMO_SYNTHETIC
2537,21.687621251644487,80.3114589189096,0,0,unknown,False,,DEMO_SYNTHETIC
2538,21.69665550079983,80.31141597836654,0,0,unknown,False,,DEMO_SYNTHETIC
2539,21.705689740038196,80.3113730154439,0,0,unknown,False,,DEMO_SYNTHETIC
2540,21.714723969356253,80.31133003013538,0,0,unknown,False,,DEMO_SYNTHETIC
2541,21.72375818875071,80.31128702243468,0,0,unknown,False,,DEMO_SYNTHETIC
2542,21.732792398218244,80.3112439923355,0,0,unknown,False,,DEMO_SYNTHETIC
2543,21.741826597755548,80.31120093983155,0,0,unknown,False,,DEMO_SYNTHETIC
2544,21.750860787359308,80.31115786491651,0,0,unknown,False,,DEMO_SYNTHETIC
2545,21.75989496702622,80.3111147675841,0,0,unknown,False,,DEMO_SYNTHETIC
2546,21.768929136752977,80.31107164782797,0,0,unknown,False,,DEMO_SYNTHETIC
2547,21.77796329653627,80.31102850564183,0,0,unknown,False,,DEMO_SYNTHETIC
2548,21.786997446372794,80.31098534101935,0,0,unknown,False,,DEMO_SYNTHETIC
2549,21.796031586259247,80.3109421539542,0,0,unknown,False,,DEMO_SYNTHETIC
2550,21.80506571619232,80.31089894444004,0,0,unknown,False,,DEMO_SYNTHETIC
2551,21.81409983616872,80.31085571247056,0,0,unknown,False,,DEMO_SYNTHETIC
2552,21.823133946185145,80.31081245803941,0,0,unknown,False,,DEMO_SYNTHETIC
2553,21.832168046238277,80.31076918114024,0,0,unknown,False,,DEMO_SYNTHETIC
2554,21.841202136324835,80.31072588176671,0,0,unknown,False,,DEMO_SYNTHETIC
2555,21.85023621644152,80.31068255991246,0,0,unknown,False,,DEMO_SYNTHETIC
2556,21.859270286585026,80.31063921557116,0,0,unknown,False,,DEMO_SYNTHETIC
2557,21.868304346752062,80.3105958487364,0,0,unknown,False,,DEMO_SYNTHETIC
2558,21.877338396939322,80.31055245940188,0,0,unknown,False,,DEMO_SYNTHETIC
2559,21.886372437143535,80.31050904756117,0,0,unknown,False,,DEMO_SYNTHETIC
2560,21.89540646736138,80.31046561320794,0,0,unknown,False,,DEMO_SYNTHETIC
2561,21.90444048758958,80.31042215633579,0,1,barren,False,0.0,DEMO_SYNTHETIC
2562,21.913474497824833,80.31037867693837,0,0,unknown,False,,DEMO_SYNTHETIC
2563,21.922508498063866,80.31033517500926,0,0,unknown,False,,DEMO_SYNTHETIC
2564,21.931542488303375,80.31029165054208,0,0,unknown,False,,DEMO_SYNTHETIC
2565,21.940576468540076,80.31024810353044,0,0,unknown,False,,DEMO_SYNTHETIC
2566,21.949610438770677,80.31020453396795,0,0,unknown,False,,DEMO_SYNTHETIC
2567,21.958644398991893,80.3101609418482,0,0,unknown,False,,DEMO_SYNTHETIC
2568,21.967678349200444,80.31011732716476,0,0,unknown,False,,DEMO_SYNTHETIC
2569,21.976712289393042,80.31007368991126,0,0,unknown,False,,DEMO_SYNTHETIC
2570,21.9857462195664,80.31003003008128,0,0,unknown,False,,DEMO_SYNTHETIC
2571,21.994780139717243,80.30998634766837,0,0,unknown,False,,DEMO_SYNTHETIC
2572,22.00381404984228,80.30994264266612,0,0,unknown,False,,DEMO_SYNTHETIC
2573,22.012847949938234,80.3098989150681,0,0,unknown,False,,DEMO_SYNTHETIC
2574,22.02188184000182,80.3098551648679,0,0,unknown,False,,DEMO_SYNTHETIC
2575,22.030915720029768,80.30981139205906,0,0,unknown,False,,DEMO_SYNTHETIC
2576,22.039949590018807,80.30976759663515,0,0,unknown,False,,DEMO_SYNTHETIC
2577,22.048983449965643,80.30972377858971,0,0,unknown,False,,DEMO_SYNTHETIC
2578,22.058017299867004,80.30967993791631,0,0,unknown,False,,DEMO_SYNTHETIC
2579,22.067051139719617,80.30963607460849,0,0,unknown,False,,DEMO_SYNTHETIC
2580,21.53407703324728,80.32184153921426,0,0,unknown,False,,DEMO_SYNTHETIC
2581,21.54311146868387,80.32179957555738,0,1,barren,False,0.0,DEMO_SYNTHETIC
2582,21.552145894262132,80.32175758993976,0,0,unknown,False,,DEMO_SYNTHETIC
2583,21.561180309978738,80.3217155823553,0,0,unknown,False,,DEMO_SYNTHETIC
2584,21.57021471583036,80.32167355279782,0,0,unknown,False,,DEMO_SYNTHETIC
2585,21.579249111813663,80.32163150126124,0,0,unknown,False,,DEMO_SYNTHETIC
2586,21.588283497925328,80.32158942773938,0,0,unknown,False,,DEMO_SYNTHETIC
2587,21.597317874162037,80.3215473322261,0,0,unknown,False,,DEMO_SYNTHETIC
2588,21.60635224052045,80.32150521471526,0,1,barren,False,0.0,DEMO_SYNTHETIC
2589,21.615386596997265,80.32146307520071,0,0,unknown,False,,DEMO_SYNTHETIC
2590,21.624420943589147,80.32142091367626,0,0,unknown,False,,DEMO_SYNTHETIC
2591,21.63345528029277,80.32137873013578,0,0,unknown,False,,DEMO_SYNTHETIC
2592,21.64248960710483,80.32133652457307,0,0,unknown,False,,DEMO_SYNTHETIC
2593,21.651523924022,80.32129429698199,0,0,unknown,False,,DEMO_SYNTHETIC
2594,21.660558231040962,80.32125204735635,0,0,unknown,False,,DEMO_SYNTHETIC
2595,21.669592528158397,80.32120977568998,0,0,unknown,False,,DEMO_SYNTHETIC
2596,21.678626815370997,80.32116748197667,0,0,unknown,False,,DEMO_SYNTHETIC
2597,21.687661092675445,80.32112516621028,0,0,unknown,False,,DEMO_SYNTHETIC
2598,21.696695360068414,80.32108282838458,0,0,unknown,False,,DEMO_SYNTHETIC
2599,21.70572961754661,80.32104046849338,0,0,unknown,False,,DEMO_SYNTHETIC
2600,21.71476386510671,80.32099808653048,0,0,unknown,False,,DEMO_SYNTHETIC
2601,21.723798102745405,80.3209556824897,0,0,unknown,False,,DEMO_SYNTHETIC
2602,21.732832330459384,80.32091325636479,0,0,unknown,False,,DEMO_SYNTHETIC
2603,21.741866548245348,80.32087080814956,0,0,unknown,False,,DEMO_SYNTHETIC
2604,21.750900756099977,80.32082833783781,0,0,unknown,False,,DEMO_SYNTHETIC
2605,21.75993495401997,80.32078584542329,0,0,unknown,False,,DEMO_SYNTHETIC
2606,21.768969142002014,80.3207433308998,0,0,unknown,False,,DEMO_SYNTHETIC
2607,21.778003320042817,80.32070079426109,0,0,unknown,False,,DEMO_SYNTHETIC
2608,21.78703748813906,80.32065823550093,0,0,unknown,False,,DEMO_SYNTHETIC
2609,21.796071646287448,80.32061565461309,0,0,unknown,False,,DEMO_SYNTHETIC
2610,21.805105794484675,80.32057305159132,0,0,unknown,False,,DEMO_SYNTHETIC
2611,21.81413993272745,80.3205304264294,0,0,unknown,False,,DEMO_SYNTHETIC
2612,21.823174061012466,80.32048777912105,0,0,unknown,False,,DEMO_SYNTHETIC
2613,21.83220817933642,80.32044510966003,0,0,unknown,False,,DEMO_SYNTHETIC
2614,21.841242287696012,80.32040241804006,0,0,unknown,False,,DEMO_SYNTHETIC
2615,21.85027638608796,80.32035970425491,0,0,unknown,False,,DEMO_SYNTHETIC
2616,21.859310474508952,80.3203169682983,0,0,unknown,False,,DEMO_SYNTHETIC
2617,21.868344552955694,80.32027421016396,0,0,unknown,False,,DEMO_SYNTHETIC
2618,21.877378621424906,80.32023142984562,0,1,barren,False,0.0,DEMO_SYNTHETIC
2619,21.88641267991328,80.32018862733699,0,0,unknown,False,,DEMO_SYNTHETIC
2620,21.895446728417525,80.32014580263179,0,0,unknown,False,,DEMO_SYNTHETIC
2621,21.904480766934363,80.32010295572373,0,0,unknown,False,,DEMO_SYNTHETIC
2622,21.91351479546049,80.32006008660653,0,0,unknown,False,,DEMO_SYNTHETIC
2623,21.922548813992623,80.32001719527389,0,0,unknown,False,,DEMO_SYNTHETIC
2624,21.93158282252747,80.31997428171951,0,0,unknown,False,,DEMO_SYNTHETIC
2625,21.94061682106175,80.31993134593708,0,0,unknown,False,,DEMO_SYNTHETIC
2626,21.94965080959216,80.31988838792027,0,0,unknown,False,,DEMO_SYNTHETIC
2627,21.958684788115434,80.31984540766283,0,0,unknown,False,,DEMO_SYNTHETIC
2628,21.967718756628276,80.31980240515838,0,0,unknown,False,,DEMO_SYNTHETIC
2629,21.97675271512741,80.31975938040064,0,0,unknown,False,,DEMO_SYNTHETIC
2630,21.985786663609556,80.31971633338325,1,0,mineralized,False,1.0,DEMO_SYNTHETIC
2631,21.994820602071417,80.31967326409993,0,0,unknown,False,,DEMO_SYNTHETIC
2632,22.003854530509734,80.31963017254431,1,0,mineralized,False,1.0,DEMO_SYNTHETIC
2633,22.012888448921203,80.31958705871006,0,0,unknown,False,,DEMO_SYNTHETIC
2634,22.021922357302564,80.31954392259081,0,0,unknown,False,,DEMO_SYNTHETIC
2635,22.030956255650533,80.31950076418028,0,0,unknown,False,,DEMO_SYNTHETIC
2636,22.039990143961838,80.31945758347204,0,0,unknown,False,,DEMO_SYNTHETIC
2637,22.049024022233198,80.3194143804598,0,0,unknown,False,,DEMO_SYNTHETIC
2638,22.05805789046134,80.31937115513719,0,0,unknown,False,,DEMO_SYNTHETIC
2639,22.06709174864299,80.31932790749781,0,0,unknown,False,,DEMO_SYNTHETIC
2640,21.534116005773672,80.33149761024691,0,0,unknown,False,,DEMO_SYNTHETIC
2641,21.54315045915337,80.33145624398723,0,0,unknown,False,,DEMO_SYNTHETIC
2642,21.552184902676892,80.33141485607942,0,0,unknown,False,,DEMO_SYNTHETIC
2643,21.561219336340898,80.33137344651746,0,0,unknown,False,,DEMO_SYNTHETIC
2644,21.57025376014208,80.3313320152953,0,0,unknown,False,,DEMO_SYNTHETIC
2645,21.5792881740771,80.3312905624069,0,0,unknown,False,,DEMO_SYNTHETIC
2646,21.588322578142638,80.33124908784617,0,0,unknown,False,,DEMO_SYNTHETIC
2647,21.59735697233537,80.3312075916071,0,0,unknown,False,,DEMO_SYNTHETIC
2648,21.606391356651976,80.33116607368359,0,0,unknown,False,,DEMO_SYNTHETIC
2649,21.615425731089125,80.33112453406957,0,0,unknown,False,,DEMO_SYNTHETIC
2650,21.624460095643517,80.331082972759,0,0,unknown,False,,DEMO_SYNTHETIC
2651,21.633494450311815,80.33104138974578,0,0,unknown,False,,DEMO_SYNTHETIC
2652,21.6425287950907,80.33099978502383,0,0,unknown,False,,DEMO_SYNTHETIC
2653,21.65156312997686,80.3309581585871,0,0,unknown,False,,DEMO_SYNTHETIC
2654,21.66059745496699,80.33091651042946,0,0,unknown,False,,DEMO_SYNTHETIC
2655,21.669631770057755,80.33087484054484,0,1,barren,False,0.0,DEMO_SYNTHETIC
2656,21.678666075245847,80.33083314892714,0,0,unknown,False,,DEMO_SYNTHETIC
2657,21.68770037052796,80.33079143557026,0,0,unknown,False,,DEMO_SYNTHETIC
2658,21.696734655900773,80.3307497004681,0,0,unknown,False,,DEMO_SYNTHETIC
2659,21.705768931360975,80.33070794361454,0,0,unknown,False,,DEMO_SYNTHETIC
2660,21.71480319690526,80.33066616500349,0,0,unknown,False,,DEMO_SYNTHETIC
2661,21.723837452530308,80.33062436462882,0,0,unknown,False,,DEMO_SYNTHETIC
2662,21.73287169823282,80.33058254248441,0,0,unknown,False,,DEMO_SYNTHETIC
2663,21.741905934009495,80.33054069856414,0,0,unknown,False,,DEMO_SYNTHETIC
2664,21.750940159857016,80.33049883286185,0,0,unknown,False,,DEMO_SYNTHETIC
2665,21.75997437577207,80.33045694537147,0,0,unknown,False,,DEMO_SYNTHETIC
2666,21.769008581751372,80.33041503608683,0,0,unknown,False,,DEMO_SYNTHETIC
2667,21.778042777791608,80.33037310500178,0,0,unknown,False,,DEMO_SYNTHETIC
2668,21.787076963889465,80.33033115211018,0,0,unknown,False,,DEMO_SYNTHETIC
2669,21.796111140041653,80.3302891774059,0,0,unknown,False,,DEMO_SYNTHETIC
2670,21.805145306244878,80.33024718088278,0,0,unknown,False,,DEMO_SYNTHETIC
2671,21.814179462495822,80.33020516253465,0,0,unknown,False,,DEMO_SYNTHETIC
2672,21.823213608791203,80.33016312235536,0,0,unknown,False,,DEMO_SYNTHETIC
2673,21.832247745127713,80.33012106033874,0,0,unknown,False,,DEMO_SYNTHETIC
2674,21.84128187150205,80.33007897647862,0,0,unknown,False,,DEMO_SYNTHETIC
2675,21.850315987910935,80.33003687076884,0,0,unknown,False,,DEMO_SYNTHETIC
2676,21.859350094351065,80.3299947432032,0,0,unknown,False,,DEMO_SYNTHETIC
2677,21.86838419081914,80.32995259377553,0,0,unknown,False,,DEMO_SYNTHETIC
2678,21.877418277311875,80.32991042247964,0,0,unknown,False,,DEMO_SYNTHETIC
2679,21.88645235382597,80.32986822930937,0,0,unknown,False,,DEMO_SYNTHETIC
2680,21.895486420358147,80.32982601425849,0,0,unknown,False,,DEMO_SYNTHETIC
2681,21.904520476905095,80.32978377732081,0,0,unknown,False,,DEMO_SYNTHETIC
2682,21.91355452346355,80.32974151849014,0,0,unknown,False,,DEMO_SYNTHETIC
2683,21.922588560030206,80.32969923776027,0,0,unknown,False,,DEMO_SYNTHETIC
2684,21.931622586601783,80.32965693512496,0,0,unknown,False,,DEMO_SYNTHETIC
2685,21.940656603175004,80.32961461057805,0,0,unknown,False,,DEMO_SYNTHETIC
2686,21.94969060974656,80.32957226411328,0,0,unknown,False,,DEMO_SYNTHETIC
2687,21.958724606313186,80.32952989572443,0,0,unknown,False,,DEMO_SYNTHETIC
2688,21.967758592871593,80.32948750540531,0,0,unknown,False,,DEMO_SYNTHETIC
2689,21.976792569418503,80.32944509314966,0,0,unknown,False,,DEMO_SYNTHETIC
2690,21.985826535950626,80.32940265895122,0,0,unknown,False,,DEMO_SYNTHETIC
2691,21.994860492464692,80.3293602028038,0,0,unknown,False,,DEMO_SYNTHETIC
2692,22.003894438957413,80.32931772470113,0,0,unknown,False,,DEMO_SYNTHETIC
2693,22.012928375425517,80.32927522463696,0,0,unknown,False,,DEMO_SYNTHETIC
2694,22.021962301865724,80.32923270260505,0,0,unknown,False,,DEMO_SYNTHETIC
2695,22.030996218274762,80.32919015859916,0,0,unknown,False,,DEMO_SYNTHETIC
2696,22.040030124649345,80.32914759261298,0,0,unknown,False,,DEMO_SYNTHETIC
2697,22.04906402098621,80.3291050046403,0,0,unknown,False,,DEMO_SYNTHETIC
2698,22.058097907282086,80.32906239467479,0,0,unknown,False,,DEMO_SYNTHETIC
2699,22.067131783533686,80.32901976271025,0,0,unknown,False,,DEMO_SYNTHETIC
2700,21.534154419494097,80.34115370292163,0,0,unknown,False,,DEMO_SYNTHETIC
2701,21.543188890559637,80.34111293406518,0,0,unknown,False,,DEMO_SYNTHETIC
2702,21.55222335177111,80.34107214387323,0,0,unknown,False,,DEMO_SYNTHETIC
2703,21.5612578031252,80.34103133233984,0,0,unknown,False,,DEMO_SYNTHETIC
2704,21.570292244618578,80.34099049945904,0,0,unknown,False,,DEMO_SYNTHETIC
2705,21.57932667624792,80.34094964522485,0,0,unknown,False,,DEMO_SYNTHETIC
2706,21.58836109800991,80.34090876963134,0,0,unknown,False,,DEMO_SYNTHETIC
2707,21.59739550990122,80.3408678726725,0,0,unknown,False,,DEMO_SYNTHETIC
2708,21.606429911918518,80.3408269543424,0,0,unknown,False,,DEMO_SYNTHETIC
2709,21.615464304058502,80.34078601463503,0,0,unknown,False,,DEMO_SYNTHETIC
2710,21.624498686317853,80.3407450535444,0,0,unknown,False,,DEMO_SYNTHETIC
2711,21.633533058693242,80.34070407106452,0,0,unknown,False,,DEMO_SYNTHETIC
2712,21.642567421181354,80.34066306718942,0,0,unknown,False,,DEMO_SYNTHETIC
2713,21.651601773778868,80.34062204191311,0,1,barren,False,0.0,DEMO_SYNTHETIC
2714,21.66063611648249,80.34058099522956,0,0,unknown,False,,DEMO_SYNTHETIC
2715,21.66967044928888,80.3405399271328,0,0,unknown,False,,DEMO_SYNTHETIC
2716,21.67870477219474,80.34049883761678,0,0,unknown,False,,DEMO_SYNTHETIC
2717,21.687739085196753,80.34045772667552,0,0,unknown,False,,DEMO_SYNTHETIC
2718,21.696773388291607,80.34041659430301,0,0,unknown,False,,DEMO_SYNTHETIC
2719,21.705807681476,80.3403754404932,0,0,unknown,False,,DEMO_SYNTHETIC
2720,21.714841964746608,80.3403342652401,0,0,unknown,False,,DEMO_SYNTHETIC
2721,21.72387623810013,80.34029306853768,0,0,unknown,False,,DEMO_SYNTHETIC
2722,21.73291050153326,80.34025185037987,0,0,unknown,False,,DEMO_SYNTHETIC
2723,21.74194475504269,80.34021061076068,0,0,unknown,False,,DEMO_SYNTHETIC
2724,21.750978998625122,80.34016934967403,0,0,unknown,False,,DEMO_SYNTHETIC
2725,21.760013232277238,80.34012806711391,0,0,unknown,False,,DEMO_SYNTHETIC
2726,21.769047455995747,80.34008676307425,0,0,unknown,False,,DEMO_SYNTHETIC
2727,21.778081669777336,80.34004543754901,0,0,unknown,False,,DEMO_SYNTHETIC
2728,21.787115873618706,80.34000409053215,0,0,unknown,False,,DEMO_SYNTHETIC
2729,21.79615006751656,80.33996272201757,0,0,unknown,False,,DEMO_SYNTHETIC
2730,21.8051842514676,80.33992133199924,0,0,unknown,False,,DEMO_SYNTHETIC
2731,21.814218425468525,80.33987992047106,0,0,unknown,False,,DEMO_SYNTHETIC
2732,21.823252589516038,80.33983848742699,0,0,unknown,False,,DEMO_SYNTHETIC
2733,21.83228674360684,80.33979703286094,0,0,unknown,False,,DEMO_SYNTHETIC
2734,21.84132088773763,80.33975555676683,0,0,unknown,False,,DEMO_SYNTHETIC
2735,21.85035502190513,80.33971405913859,0,0,unknown,False,,DEMO_SYNTHETIC
2736,21.85938914610603,80.3396725399701,0,0,unknown,False,,DEMO_SYNTHETIC
2737,21.868423260337043,80.3396309992553,0,0,unknown,False,,DEMO_SYNTHETIC
2738,21.877457364594886,80.33958943698808,0,0,unknown,False,,DEMO_SYNTHETIC
2739,21.886491458876254,80.33954785316233,0,1,barren,False,0.0,DEMO_SYNTHETIC
2740,21.89552554317787,80.33950624777198,0,0,unknown,False,,DEMO_SYNTHETIC
2741,21.904559617496425,80.33946462081089,0,0,unknown,False,,DEMO_SYNTHETIC
2742,21.913593681828655,80.33942297227294,0,0,unknown,False,,DEMO_SYNTHETIC
2743,21.92262773617127,80.33938130215205,0,0,unknown,False,,DEMO_SYNTHETIC
2744,21.931661780520965,80.33933961044207,0,0,unknown,False,,DEMO_SYNTHETIC
2745,21.940695814874477,80.33929789713687,0,0,unknown,False,,DEMO_SYNTHETIC
2746,21.94972983922851,80.33925616223034,0,0,unknown,False,,DEMO_SYNTHETIC
2747,21.958763853579786,80.33921440571635,0,0,unknown,False,,DEMO_SYNTHETIC
2748,21.96779785792502,80.33917262758875,0,0,unknown,False,,DEMO_SYNTHETIC
2749,21.97683185226093,80.33913082784142,0,0,unknown,False,,DEMO_SYNTHETIC
2750,21.985865836584242,80.33908900646819,0,0,unknown,False,,DEMO_SYNTHETIC
2751,21.994899810891674,80.33904716346291,0,0,unknown,False,,DEMO_SYNTHETIC
2752,22.00393377517995,80.33900529881944,0,0,unknown,False,,DEMO_SYNTHETIC
2753,22.012967729445787,80.33896341253163,0,0,unknown,False,,DEMO_SYNTHETIC
2754,22.022001673685917,80.33892150459329,0,0,unknown,False,,DEMO_SYNTHETIC
2755,22.03103560789706,80.33887957499829,0,0,unknown,False,,DEMO_SYNTHETIC
2756,22.04006953207594,80.33883762374043,0,0,unknown,False,,DEMO_SYNTHETIC
2757,22.04910344621929,80.33879565081355,0,0,unknown,False,,DEMO_SYNTHETIC
2758,22.058137350323843,80.33875365621148,0,0,unknown,False,,DEMO_SYNTHETIC
2759,22.06717124438631,80.33871163992804,0,0,unknown,False,,DEMO_SYNTHETIC
2760,21.53419227440339,80.3508098169259,0,0,unknown,False,,DEMO_SYNTHETIC
2761,21.543226762897493,80.35076964547864,0,0,unknown,False,,DEMO_SYNTHETIC
2762,21.55226124153962,80.3507294530085,0,0,unknown,False,,DEMO_SYNTHETIC
2763,21.56129571032646,80.35068923950962,0,0,unknown,False,,DEMO_SYNTHETIC
2764,21.570330169254675,80.35064900497615,0,0,unknown,False,,DEMO_SYNTHETIC
2765,21.579364618320948,80.35060874940217,0,0,unknown,False,,DEMO_SYNTHETIC
2766,21.58839905752196,80.35056847278182,0,0,unknown,False,,DEMO_SYNTHETIC
2767,21.59743348685439,80.35052817510922,0,0,unknown,False,,DEMO_SYNTHETIC
2768,21.606467906314904,80.35048785637849,0,0,unknown,False,,DEMO_SYNTHETIC
2769,21.615502315900205,80.35044751658371,0,0,unknown,False,,DEMO_SYNTHETIC
2770,21.624536715606965,80.35040715571901,0,0,unknown,False,,DEMO_SYNTHETIC
2771,21.63357110543187,80.35036677377849,0,0,unknown,False,,DEMO_SYNTHETIC
2772,21.642605485371593,80.35032637075624,0,0,unknown,False,,DEMO_SYNTHETIC
2773,21.65163985542283,80.35028594664634,0,0,unknown,False,,DEMO_SYNTHETIC
2774,21.66067421558226,80.35024550144288,0,0,unknown,False,,DEMO_SYNTHETIC
2775,21.66970856584658,80.35020503513996,0,1,barren,False,0.0,DEMO_SYNTHETIC
2776,21.678742906212467,80.35016454773167,0,1,barren,False,0.0,DEMO_SYNTHETIC
2777,21.68777723667662,80.35012403921205,0,0,unknown,False,,DEMO_SYNTHETIC
2778,21.696811557235723,80.3500835095752,0,0,unknown,False,,DEMO_SYNTHETIC
2779,21.705845867886467,80.35004295881518,0,0,unknown,False,,DEMO_SYNTHETIC
2780,21.714880168625548,80.35000238692606,0,0,unknown,False,,DEMO_SYNTHETIC
2781,21.72391445944965,80.3499617939019,0,0,unknown,False,,DEMO_SYNTHETIC
2782,21.73294874035547,80.34992117973674,0,0,unknown,False,,DEMO_SYNTHETIC
2783,21.741983011339716,80.34988054442466,0,0,unknown,False,,DEMO_SYNTHETIC
2784,21.75101727239907,80.34983988795969,0,1,barren,False,0.0,DEMO_SYNTHETIC
2785,21.76005152353023,80.34979921033587,0,0,unknown,False,,DEMO_SYNTHETIC
2786,21.769085764729898,80.34975851154726,0,0,unknown,False,,DEMO_SYNTHETIC
2787,21.778119995994768,80.34971779158789,0,0,unknown,False,,DEMO_SYNTHETIC
2788,21.78715421732154,80.34967705045179,0,0,unknown,False,,DEMO_SYNTHETIC
2789,21.796188428706923,80.34963628813298,0,0,unknown,False,,DEMO_SYNTHETIC
2790,21.80522263014761,80.34959550462551,0,1,barren,False,0.0,DEMO_SYNTHETIC
2791,21.814256821640303,80.34955469992337,0,0,unknown,False,,DEMO_SYNTHETIC
2792,21.82329100318172,80.3495138740206,0,0,unknown,False,,DEMO_SYNTHETIC
2793,21.832325174768545,80.34947302691121,0,0,unknown,False,,DEMO_SYNTHETIC
2794,21.84135933639749,80.3494321585892,0,0,unknown,False,,DEMO_SYNTHETIC
2795,21.850393488065272,80.34939126904858,0,0,unknown,False,,DEMO_SYNTHETIC
2796,21.859427629768593,80.34935035828335,0,0,unknown,False,,DEMO_SYNTHETIC
2797,21.868461761504157,80.34930942628749,0,0,unknown,False,,DEMO_SYNTHETIC
2798,21.877495883268676,80.34926847305503,0,0,unknown,False,,DEMO_SYNTHETIC
2799,21.886529995058865,80.34922749857995,0,0,unknown,False,,DEMO_SYNTHETIC
2800,21.89556409687143,80.3491865028562,0,0,unknown,False,,DEMO_SYNTHETIC
2801,21.904598188703083,80.3491454858778,0,0,unknown,False,,DEMO_SYNTHETIC
2802,21.91363227055054,80.34910444763871,0,0,unknown,False,,DEMO_SYNTHETIC
2803,21.922666342410523,80.3490633881329,0,0,unknown,False,,DEMO_SYNTHETIC
2804,21.931700404279738,80.34902230735436,0,0,unknown,False,,DEMO_SYNTHETIC
2805,21.940734456154896,80.34898120529702,0,0,unknown,False,,DEMO_SYNTHETIC
2806,21.94976849803273,80.34894008195488,0,0,unknown,False,,DEMO_SYNTHETIC
2807,21.95880252990994,80.34889893732186,0,0,unknown,False,,DEMO_SYNTHETIC
2808,21.967836551783265,80.34885777139195,0,0,unknown,False,,DEMO_SYNTHETIC
2809,21.976870563649413,80.34881658415907,0,0,unknown,False,,DEMO_SYNTHETIC
2810,21.985904565505106,80.34877537561718,0,0,unknown,False,,DEMO_SYNTHETIC
2811,21.99493855734708,80.34873414576022,0,0,unknown,False,,DEMO_SYNTHETIC
2812,22.00397253917203,80.3486928945821,0,0,unknown,False,,DEMO_SYNTHETIC
2813,22.01300651097671,80.3486516220768,0,0,unknown,False,,DEMO_SYNTHETIC
2814,22.02204047275783,80.34861032823821,0,0,unknown,False,,DEMO_SYNTHETIC
2815,22.031074424512113,80.34856901306027,0,0,unknown,False,,DEMO_SYNTHETIC
2816,22.040108366236304,80.3485276765369,0,0,unknown,False,,DEMO_SYNTHETIC
2817,22.04914229792712,80.34848631866203,0,0,unknown,False,,DEMO_SYNTHETIC
2818,22.058176219581277,80.34844493942954,0,0,unknown,False,,DEMO_SYNTHETIC
2819,22.06721013119553,80.34840353883337,0,0,unknown,False,,DEMO_SYNTHETIC
2820,21.534229570496464,80.36046595194718,0,0,unknown,False,,DEMO_SYNTHETIC
2821,21.54326407616186,80.36042637791496,0,1,barren,False,0.0,DEMO_SYNTHETIC
2822,21.552298571977346,80.36038678317252,0,0,unknown,False,,DEMO_SYNTHETIC
2823,21.56133305793959,80.36034716771402,0,0,unknown,False,,DEMO_SYNTHETIC
2824,21.570367534045282,80.36030753153373,0,0,unknown,False,,DEMO_SYNTHETIC
2825,21.579402000291093,80.36026787462583,0,0,unknown,False,,DEMO_SYNTHETIC
2826,21.588436456673698,80.36022819698455,0,0,unknown,False,,DEMO_SYNTHETIC
2827,21.597470903189787,80.36018849860406,0,0,unknown,False,,DEMO_SYNTHETIC
2828,21.606505339836037,80.3601487794786,0,0,unknown,False,,DEMO_SYNTHETIC
2829,21.61553976660912,80.36010903960234,0,0,unknown,False,,DEMO_SYNTHETIC
2830,21.624574183505747,80.36006927896946,0,0,unknown,False,,DEMO_SYNTHETIC
2831,21.633608590522574,80.36002949757417,0,0,unknown,False,,DEMO_SYNTHETIC
2832,21.6426429876563,80.35998969541068,0,0,unknown,False,,DEMO_SYNTHETIC
2833,21.651677374903606,80.35994987247311,0,0,unknown,False,,DEMO_SYNTHETIC
2834,21.660711752261186,80.35991002875568,0,0,unknown,False,,DEMO_SYNTHETIC
2835,21.66974611972572,80.35987016425253,0,0,unknown,False,,DEMO_SYNTHETIC
2836,21.678780477293902,80.35983027895786,0,0,unknown,False,,DEMO_SYNTHETIC
2837,21.687814824962427,80.35979037286582,0,0,unknown,False,,DEMO_SYNTHETIC
2838,21.696849162727975,80.35975044597056,0,0,unknown,False,,DEMO_SYNTHETIC
2839,21.70588349058725,80.35971049826625,0,0,unknown,False,,DEMO_SYNTHETIC
2840,21.71491780853693,80.35967052974706,0,0,unknown,False,,DEMO_SYNTHETIC
2841,21.723952116573727,80.35963054040711,0,0,unknown,False,,DEMO_SYNTHETIC
2842,21.732986414694317,80.35959053024055,0,0,unknown,False,,DEMO_SYNTHETIC
2843,21.742020702895413,80.35955049924154,0,0,unknown,False,,DEMO_SYNTHETIC
2844,21.751054981173706,80.35951044740419,0,1,barren,False,0.0,DEMO_SYNTHETIC
2845,21.76008924952589,80.35947037472263,0,0,unknown,False,,DEMO_SYNTHETIC
2846,21.769123507948674,80.35943028119104,0,0,unknown,False,,DEMO_SYNTHETIC
2847,21.778157756438745,80.3593901668035,0,0,unknown,False,,DEMO_SYNTHETIC
2848,21.787191994992803,80.35935003155414,0,1,barren,False,0.0,DEMO_SYNTHETIC
2849,21.79622622360757,80.35930987543708,0,0,unknown,False,,DEMO_SYNTHETIC
2850,21.80526044227973,80.35926969844644,0,0,unknown,False,,DEMO_SYNTHETIC
2851,21.814294651005994,80.35922950057632,0,0,unknown,False,,DEMO_SYNTHETIC
2852,21.823328849783067,80.35918928182083,0,0,unknown,False,,DEMO_SYNTHETIC
2853,21.832363038607657,80.35914904217408,0,0,unknown,False,,DEMO_SYNTHETIC
2854,21.84139721747646,80.35910878163017,0,0,unknown,False,,DEMO_SYNTHETIC
2855,21.850431386386195,80.35906850018317,0,0,unknown,False,,DEMO_SYNTHETIC
2856,21.859465545333567,80.3590281978272,0,0,unknown,False,,DEMO_SYNTHETIC
2857,21.868499694315286,80.3589878745563,0,0,unknown,False,,DEMO_SYNTHETIC
2858,21.87753383332807,80.35894753036462,0,0,unknown,False,,DEMO_SYNTHETIC
2859,21.886567962368613,80.35890716524618,0,0,unknown,False,,DEMO_SYNTHETIC
2860,21.895602081433644,80.3588667791951,0,0,unknown,False,,DEMO_SYNTHETIC
2861,21.904636190519867,80.35882637220541,0,0,unknown,False,,DEMO_SYNTHETIC
2862,21.913670289624008,80.35878594427119,0,0,unknown,False,,DEMO_SYNTHETIC
2863,21.92270437874277,80.35874549538651,0,0,unknown,False,,DEMO_SYNTHETIC
2864,21.93173845787288,80.35870502554543,0,0,unknown,False,,DEMO_SYNTHETIC
2865,21.940772527011053,80.358664534742,0,0,unknown,False,,DEMO_SYNTHETIC
2866,21.949806586153993,80.35862402297028,0,0,unknown,False,,DEMO_SYNTHETIC
2867,21.958840635298447,80.35858349022429,0,0,unknown,False,,DEMO_SYNTHETIC
2868,21.967874674441113,80.35854293649811,0,0,unknown,False,,DEMO_SYNTHETIC
2869,21.976908703578726,80.35850236178575,0,0,unknown,False,,DEMO_SYNTHETIC
2870,21.985942722707996,80.35846176608125,0,0,unknown,False,,DEMO_SYNTHETIC
2871,21.994976731825666,80.35842114937864,0,0,unknown,False,,DEMO_SYNTHETIC
2872,22.004010730928442,80.35838051167197,1,0,mineralized,False,1.0,DEMO_SYNTHETIC
2873,22.013044720013053,80.35833985295524,0,0,unknown,False,,DEMO_SYNTHETIC
2874,22.022078699076232,80.35829917322248,0,0,unknown,False,,DEMO_SYNTHETIC
2875,22.031112668114705,80.3582584724677,0,0,unknown,False,,DEMO_SYNTHETIC
2876,22.040146627125196,80.3582177506849,0,0,unknown,False,,DEMO_SYNTHETIC
2877,22.049180576104444,80.3581770078681,0,0,unknown,False,,DEMO_SYNTHETIC
2878,22.058214515049166,80.3581362440113,0,0,unknown,False,,DEMO_SYNTHETIC
2879,22.067248443956107,80.3580954591085,0,0,unknown,False,,DEMO_SYNTHETIC
2880,21.53426630776831,80.37012210767293,0,0,unknown,False,,DEMO_SYNTHETIC
2881,21.543300830347725,80.37008313106153,0,1,barren,False,0.0,DEMO_SYNTHETIC
2882,21.552335343079257,80.37004413405253,0,0,unknown,False,,DEMO_SYNTHETIC
2883,21.561369845959582,80.37000511664023,0,0,unknown,False,,DEMO_SYNTHETIC
2884,21.570404338985377,80.36996607881892,0,0,unknown,False,,DEMO_SYNTHETIC
2885,21.57943882215332,80.3699270205829,0,1,barren,False,0.0,DEMO_SYNTHETIC
2886,21.58847329546009,80.36988794192646,0,0,unknown,False,,DEMO_SYNTHETIC
2887,21.597507758902385,80.3698488428439,0,0,unknown,False,,DEMO_SYNTHETIC
2888,21.606542212476867,80.3698097233295,0,0,unknown,False,,DEMO_SYNTHETIC
2889,21.61557665618022,80.36977058337754,0,0,unknown,False,,DEMO_SYNTHETIC
2890,21.624611090009157,80.36973142298233,0,0,unknown,False,,DEMO_SYNTHETIC
2891,21.633645513960325,80.36969224213811,0,0,unknown,False,,DEMO_SYNTHETIC
2892,21.642679928030443,80.36965304083917,0,0,unknown,False,,DEMO_SYNTHETIC
2893,21.65171433221617,80.36961381907976,0,0,unknown,False,,DEMO_SYNTHETIC
2894,21.660748726514218,80.36957457685416,0,0,unknown,False,,DEMO_SYNTHETIC
2895,21.669783110921262,80.36953531415664,0,0,unknown,False,,DEMO_SYNTHETIC
2896,21.678817485434,80.36949603098142,0,0,unknown,False,,DEMO_SYNTHETIC
2897,21.68785185004912,80.36945672732278,0,0,unknown,False,,DEMO_SYNTHETIC
2898,21.696886204763317,80.36941740317498,0,0,unknown,False,,DEMO_SYNTHETIC
2899,21.705920549573282,80.36937805853223,0,0,unknown,False,,DEMO_SYNTHETIC
2900,21.71495488447571,80.3693386933888,0,0,unknown,False,,DEMO_SYNTHETIC
2901,21.723989209467295,80.36929930773893,0,0,unknown,False,,DEMO_SYNTHETIC
2902,21.73302352454473,80.36925990157683,0,0,unknown,False,,DEMO_SYNTHETIC
2903,21.742057829704724,80.36922047489672,0,0,unknown,False,,DEMO_SYNTHETIC
2904,21.75109212494396,80.36918102769286,0,0,unknown,False,,DEMO_SYNTHETIC
2905,21.760126410259154,80.36914155995946,0,0,unknown,False,,DEMO_SYNTHETIC
2906,21.769160685646995,80.36910207169075,0,0,unknown,False,,DEMO_SYNTHETIC
2907,21.778194951104183,80.36906256288091,0,0,unknown,False,,DEMO_SYNTHETIC
2908,21.78722920662742,80.36902303352419,0,0,unknown,False,,DEMO_SYNTHETIC
2909,21.796263452213427,80.36898348361477,0,0,unknown,False,,DEMO_SYNTHETIC
2910,21.805297687858886,80.36894391314685,0,0,unknown,False,,DEMO_SYNTHETIC
2911,21.814331913560505,80.36890432211464,0,0,unknown,False,,DEMO_SYNTHETIC
2912,21.823366129315005,80.36886471051234,0,0,unknown,False,,DEMO_SYNTHETIC
2913,21.832400335119072,80.36882507833414,0,0,unknown,False,,DEMO_SYNTHETIC
2914,21.841434530969433,80.36878542557422,0,0,unknown,False,,DEMO_SYNTHETIC
2915,21.85046871686279,80.36874575222676,0,0,unknown,False,,DEMO_SYNTHETIC
2916,21.859502892795852,80.36870605828594,0,0,unknown,False,,DEMO_SYNTHETIC
2917,21.86853705876533,80.36866634374593,0,0,unknown,False,,DEMO_SYNTHETIC
2918,21.87757121476794,80.36862660860093,0,0,unknown,False,,DEMO_SYNTHETIC
2919,21.88660536080038,80.3685868528451,0,0,unknown,False,,DEMO_SYNTHETIC
2920,21.895639496859392,80.36854707647258,0,0,unknown,False,,DEMO_SYNTHETIC
2921,21.90467362294166,80.36850727947753,0,0,unknown,False,,DEMO_SYNTHETIC
2922,21.913707739043925,80.36846746185412,0,0,unknown,False,,DEMO_SYNTHETIC
2923,21.92274184516289,80.36842762359653,0,0,unknown,False,,DEMO_SYNTHETIC
2924,21.931775941295275,80.36838776469887,0,0,unknown,False,,DEMO_SYNTHETIC
2925,21.940810027437802,80.36834788515527,0,0,unknown,False,,DEMO_SYNTHETIC
2926,21.94984410358719,80.36830798495993,0,0,unknown,False,,DEMO_SYNTHETIC
2927,21.95887816974015,80.36826806410693,0,0,unknown,False,,DEMO_SYNTHETIC
2928,21.96791222589343,80.36822812259042,0,0,unknown,False,,DEMO_SYNTHETIC
2929,21.976946272043723,80.36818816040456,0,0,unknown,False,,DEMO_SYNTHETIC
2930,21.985980308187766,80.36814817754343,0,0,unknown,False,,DEMO_SYNTHETIC
2931,21.995014334322292,80.36810817400116,0,0,unknown,False,,DEMO_SYNTHETIC
2932,22.004048350444013,80.3680681497719,0,0,unknown,False,,DEMO_SYNTHETIC
2933,22.01308235654966,80.36802810484973,0,0,unknown,False,,DEMO_SYNTHETIC
2934,22.02211635263597,80.36798803922875,0,0,unknown,False,,DEMO_SYNTHETIC
2935,22.031150338699657,80.36794795290311,0,0,unknown,False,,DEMO_SYNTHETIC
2936,22.04018431473746,80.36790784586688,0,0,unknown,False,,DEMO_SYNTHETIC
2937,22.049218280746114,80.36786771811416,0,0,unknown,False,,DEMO_SYNTHETIC
2938,22.058252236722335,80.36782756963905,0,0,unknown,False,,DEMO_SYNTHETIC
2939,22.067286182662862,80.36778740043563,0,0,unknown,False,,DEMO_SYNTHETIC
2940,21.534302486214,80.37977828379057,0,0,unknown,False,,DEMO_SYNTHETIC
2941,21.543337025450157,80.37973990460571,0,0,unknown,False,,DEMO_SYNTHETIC
2942,21.552371554840427,80.37970150533587,0,0,unknown,False,,DEMO_SYNTHETIC
2943,21.561406074381484,80.37966308597545,0,0,unknown,False,,DEMO_SYNTHETIC
2944,21.570440584070013,80.37962464651882,0,0,unknown,False,,DEMO_SYNTHETIC
2945,21.57947508390269,80.37958618696038,0,0,unknown,False,,DEMO_SYNTHETIC
2946,21.588509573876195,80.3795477072945,0,0,unknown,False,,DEMO_SYNTHETIC
2947,21.597544053987225,80.37950920751558,0,0,unknown,False,,DEMO_SYNTHETIC
2948,21.606578524232447,80.37947068761797,0,0,unknown,False,,DEMO_SYNTHETIC
2949,21.61561298460855,80.37943214759605,0,0,unknown,False,,DEMO_SYNTHETIC
2950,21.624647435112234,80.3793935874442,0,0,unknown,False,,DEMO_SYNTHETIC
2951,21.63368187574016,80.37935500715676,0,0,unknown,False,,DEMO_SYNTHETIC
2952,21.642716306489042,80.37931640672812,0,0,unknown,False,,DEMO_SYNTHETIC
2953,21.65175072735555,80.3792777861526,0,0,unknown,False,,DEMO_SYNTHETIC
2954,21.66078513833639,80.37923914542458,0,1,barren,False,0.0,DEMO_SYNTHETIC
2955,21.669819539428225,80.3792004845384,0,0,unknown,False,,DEMO_SYNTHETIC
2956,21.678853930627778,80.3791618034884,0,0,unknown,False,,DEMO_SYNTHETIC
2957,21.68788831193172,80.37912310226893,0,1,barren,False,0.0,DEMO_SYNTHETIC
2958,21.69692268333676,80.37908438087432,0,0,unknown,False,,DEMO_SYNTHETIC
2959,21.70595704483958,80.3790456392989,0,0,unknown,False,,DEMO_SYNTHETIC
2960,21.714991396436883,80.379006877537,0,0,unknown,False,,DEMO_SYNTHETIC
2961,21.72402573812536,80.37896809558295,0,0,unknown,False,,DEMO_SYNTHETIC
2962,21.73306006990171,80.37892929343107,0,0,unknown,False,,DEMO_SYNTHETIC
2963,21.74209439176264,80.37889047107568,0,0,unknown,False,,DEMO_SYNTHETIC
2964,21.751128703704836,80.3788516285111,0,0,unknown,False,,DEMO_SYNTHETIC
2965,21.760163005725012,80.37881276573161,0,0,unknown,False,,DEMO_SYNTHETIC
2966,21.76919729781986,80.37877388273156,0,0,unknown,False,,DEMO_SYNTHETIC
2967,21.778231579986084,80.37873497950523,0,0,unknown,False,,DEMO_SYNTHETIC
2968,21.78726585222038,80.37869605604693,0,0,unknown,False,,DEMO_SYNTHETIC
2969,21.796300114519465,80.37865711235092,0,0,unknown,False,,DEMO_SYNTHETIC
2970,21.805334366880043,80.37861814841155,0,0,unknown,False,,DEMO_SYNTHETIC
2971,21.814368609298814,80.37857916422305,0,0,unknown,False,,DEMO_SYNTHETIC
2972,21.823402841772495,80.37854015977975,0,0,unknown,False,,DEMO_SYNTHETIC
2973,21.832437064297785,80.37850113507591,0,0,unknown,False,,DEMO_SYNTHETIC
2974,21.84147127687139,80.37846209010578,0,0,unknown,False,,DEMO_SYNTHETIC
2975,21.85050547949003,80.3784230248637,0,0,unknown,False,,DEMO_SYNTHETIC
2976,21.85953967215041,80.37838393934385,0,0,unknown,False,,DEMO_SYNTHETIC
2977,21.86857385484925,80.37834483354058,0,0,unknown,False,,DEMO_SYNTHETIC
2978,21.877608027583253,80.37830570744809,0,0,unknown,False,,DEMO_SYNTHETIC
2979,21.88664219034914,80.37826656106067,0,0,unknown,False,,DEMO_SYNTHETIC
2980,21.895676343143624,80.37822739437256,0,0,unknown,False,,DEMO_SYNTHETIC
2981,21.90471048596342,80.37818820737802,0,0,unknown,False,,DEMO_SYNTHETIC
2982,21.91374461880525,80.37814900007128,0,0,unknown,False,,DEMO_SYNTHETIC
2983,21.92277874166582,80.3781097724466,0,0,unknown,False,,DEMO_SYNTHETIC
2984,21.93181285454187,80.3780705244982,0,0,unknown,False,,DEMO_SYNTHETIC
2985,21.940846957430104,80.37803125622034,0,0,unknown,False,,DEMO_SYNTHETIC
2986,21.949881050327242,80.3779919676072,0,0,unknown,False,,DEMO_SYNTHETIC
2987,21.95891513323001,80.37795265865306,0,0,unknown,False,,DEMO_SYNTHETIC
2988,21.967949206135142,80.37791332935213,0,0,unknown,False,,DEMO_SYNTHETIC
2989,21.976983269039344,80.3778739796986,0,0,unknown,False,,DEMO_SYNTHETIC
2990,21.986017321939354,80.37783460968673,0,0,unknown,False,,DEMO_SYNTHETIC
2991,21.99505136483189,80.3777952193107,0,0,unknown,False,,DEMO_SYNTHETIC
2992,22.004085397713688,80.37775580856471,0,0,unknown,False,,DEMO_SYNTHETIC
2993,22.013119420581464,80.377716377443,0,0,unknown,False,,DEMO_SYNTHETIC
2994,22.02215343343196,80.37767692593972,0,0,unknown,False,,DEMO_SYNTHETIC
2995,22.0311874362619,80.37763745404911,0,0,unknown,False,,DEMO_SYNTHETIC
2996,22.04022142906801,80.37759796176535,0,0,unknown,False,,DEMO_SYNTHETIC
2997,22.049255411847028,80.37755844908261,0,0,unknown,False,,DEMO_SYNTHETIC
2998,22.05828938459569,80.3775189159951,0,0,unknown,False,,DEMO_SYNTHETIC
2999,22.067323347310715,80.37747936249698,0,0,unknown,False,,DEMO_SYNTHETIC
3000,21.534338105828674,80.38943447998763,0,0,unknown,False,,DEMO_SYNTHETIC
3001,21.54337266146429,80.38939669823488,0,0,unknown,False,,DEMO_SYNTHETIC
3002,21.552407207255985,80.38935889670981,0,0,unknown,False,,DEMO_SYNTHETIC
3003,21.56144174320043,80.38932107540685,0,0,unknown,False,,DEMO_SYNTHETIC
3004,21.570476269294318,80.38928323432053,0,0,unknown,False,,DEMO_SYNTHETIC
3005,21.579510785534328,80.38924537344528,0,0,unknown,False,,DEMO_SYNTHETIC
3006,21.588545291917136,80.38920749277558,0,0,unknown,False,,DEMO_SYNTHETIC
3007,21.597579788439436,80.38916959230592,0,0,unknown,False,,DEMO_SYNTHETIC
3008,21.6066142750979,80.38913167203073,0,0,unknown,False,,DEMO_SYNTHETIC
3009,21.615648751889225,80.38909373194448,0,0,unknown,False,,DEMO_SYNTHETIC
3010,21.624683218810095,80.38905577204164,0,0,unknown,False,,DEMO_SYNTHETIC
3011,21.6337176758572,80.38901779231664,0,0,unknown,False,,DEMO_SYNTHETIC
3012,21.642752123027222,80.38897979276392,0,0,unknown,False,,DEMO_SYNTHETIC
3013,21.65178656031685,80.38894177337797,0,0,unknown,False,,DEMO_SYNTHETIC
3014,21.66082098772279,80.38890373415317,0,0,unknown,False,,DEMO_SYNTHETIC
3015,21.669855405241712,80.38886567508399,0,0,unknown,False,,DEMO_SYNTHETIC
3016,21.67888981287033,80.38882759616487,0,1,barren,False,0.0,DEMO_SYNTHETIC
3017,21.687924210605328,80.3887894973902,0,0,unknown,False,,DEMO_SYNTHETIC
3018,21.6969585984434,80.38875137875446,0,0,unknown,False,,DEMO_SYNTHETIC
3019,21.705992976381236,80.38871324025205,0,0,unknown,False,,DEMO_SYNTHETIC
3020,21.715027344415542,80.38867508187735,0,0,unknown,False,,DEMO_SYNTHETIC
3021,21.724061702543015,80.38863690362481,0,0,unknown,False,,DEMO_SYNTHETIC
3022,21.733096050760352,80.38859870548883,0,0,unknown,False,,DEMO_SYNTHETIC
3023,21.742130389064254,80.38856048746383,0,0,unknown,False,,DEMO_SYNTHETIC
3024,21.751164717451413,80.38852224954421,0,0,unknown,False,,DEMO_SYNTHETIC
3025,21.76019903591854,80.38848399172434,0,0,unknown,False,,DEMO_SYNTHETIC
3026,21.76923334446234,80.38844571399866,0,0,unknown,False,,DEMO_SYNTHETIC
3027,21.77826764307951,80.38840741636153,0,1,barren,False,0.0,DEMO_SYNTHETIC
3028,21.78730193176675,80.38836909880735,0,0,unknown,False,,DEMO_SYNTHETIC
3029,21.79633621052077,80.3883307613305,0,0,unknown,False,,DEMO_SYNTHETIC
3030,21.805370479338283,80.38829240392535,0,0,unknown,False,,DEMO_SYNTHETIC
3031,21.814404738215988,80.3882540265863,0,0,unknown,False,,DEMO_SYNTHETIC
3032,21.823438987150606,80.3882156293077,0,0,unknown,False,,DEMO_SYNTHETIC
3033,21.83247322613883,80.38817721208393,0,0,unknown,False,,DEMO_SYNTHETIC
3034,21.84150745517738,80.38813877490935,0,0,unknown,False,,DEMO_SYNTHETIC
3035,21.850541674262963,80.38810031777835,0,0,unknown,False,,DEMO_SYNTHETIC
3036,21.859575883392296,80.38806184068525,0,0,unknown,False,,DEMO_SYNTHETIC
3037,21.868610082562082,80.38802334362441,0,0,unknown,False,,DEMO_SYNTHETIC
3038,21.87764427176906,80.38798482659018,0,0,unknown,False,,DEMO_SYNTHETIC
3039,21.886678451009917,80.38794628957694,0,0,unknown,False,,DEMO_SYNTHETIC
3040,21.895712620281383,80.387907732579,0,0,unknown,False,,DEMO_SYNTHETIC
3041,21.904746779580176,80.38786915559069,0,0,unknown,False,,DEMO_SYNTHETIC
3042,21.913780928903005,80.38783055860638,0,0,unknown,False,,DEMO_SYNTHETIC
3043,21.922815068246603,80.38779194162038,0,0,unknown,False,,DEMO_SYNTHETIC
3044,21.931849197607686,80.38775330462703,0,0,unknown,False,,DEMO_SYNTHETIC
3045,21.940883316982973,80.38771464762061,0,0,unknown,False,,DEMO_SYNTHETIC
3046,21.94991742636918,80.38767597059551,0,0,unknown,False,,DEMO_SYNTHETIC
3047,21.958951525763037,80.387637273546,0,0,unknown,False,,DEMO_SYNTHETIC
3048,21.96798561516127,80.3875985564664,0,0,unknown,False,,DEMO_SYNTHETIC
3049,21.977019694560607,80.38755981935103,0,0,unknown,False,,DEMO_SYNTHETIC
3050,21.98605376395776,80.38752106219418,0,0,unknown,False,,DEMO_SYNTHETIC
3051,21.995087823349472,80.38748228499017,0,0,unknown,False,,DEMO_SYNTHETIC
3052,22.004121872732462,80.38744348773328,0,0,unknown,False,,DEMO_SYNTHETIC
3053,22.013155912103468,80.3874046704178,0,0,unknown,False,,DEMO_SYNTHETIC
3054,22.022189941459207,80.38736583303805,0,0,unknown,False,,DEMO_SYNTHETIC
3055,22.031223960796417,80.38732697558828,0,0,unknown,False,,DEMO_SYNTHETIC
3056,22.040257970111835,80.38728809806278,0,0,unknown,False,,DEMO_SYNTHETIC
3057,22.049291969402187,80.38724920045586,0,0,unknown,False,,DEMO_SYNTHETIC
3058,22.058325958664213,80.38721028276176,0,0,unknown,False,,DEMO_SYNTHETIC
3059,22.067359937894647,80.38717134497476,0,0,unknown,False,,DEMO_SYNTHETIC
3060,21.53437316660754,80.3990906959515,0,0,unknown,False,,DEMO_SYNTHETIC
3061,21.543407738385337,80.3990535116364,0,0,unknown,False,,DEMO_SYNTHETIC
3062,21.55244230032114,80.3990163078616,0,0,unknown,False,,DEMO_SYNTHETIC
3063,21.561476852411634,80.39897908462166,0,0,unknown,False,,DEMO_SYNTHETIC
3064,21.570511394653508,80.39894184191115,0,0,unknown,False,,DEMO_SYNTHETIC
3065,21.579545927043444,80.39890457972463,0,0,unknown,False,,DEMO_SYNTHETIC
3066,21.58858044957811,80.39886729805666,0,0,unknown,False,,DEMO_SYNTHETIC
3067,21.597614962254216,80.39882999690178,0,0,unknown,False,,DEMO_SYNTHETIC
3068,21.60664946506842,80.39879267625456,0,0,unknown,False,,DEMO_SYNTHETIC
3069,21.615683958017435,80.39875533610952,0,0,unknown,False,,DEMO_SYNTHETIC
3070,21.624718441097933,80.39871797646123,0,0,unknown,False,,DEMO_SYNTHETIC
3071,21.63375291430661,80.3986805973042,0,0,unknown,False,,DEMO_SYNTHETIC
3072,21.642787377640154,80.39864319863301,0,0,unknown,False,,DEMO_SYNTHETIC
3073,21.65182183109526,80.39860578044214,0,0,unknown,False,,DEMO_SYNTHETIC
3074,21.660856274668618,80.39856834272614,0,0,unknown,False,,DEMO_SYNTHETIC
3075,21.66989070835691,80.39853088547954,0,0,unknown,False,,DEMO_SYNTHETIC
3076,21.67892513215684,80.39849340869685,0,0,unknown,False,,DEMO_SYNTHETIC
3077,21.687959546065112,80.3984559123726,0,0,unknown,False,,DEMO_SYNTHETIC
3078,21.6969939500784,80.3984183965013,0,0,unknown,False,,DEMO_SYNTHETIC
3079,21.70602834419342,80.39838086107744,0,0,unknown,False,,DEMO_SYNTHETIC
3080,21.715062728406867,80.39834330609554,0,0,unknown,False,,DEMO_SYNTHETIC
3081,21.72409710271542,80.39830573155011,0,0,unknown,False,,DEMO_SYNTHETIC
3082,21.73313146711581,80.39826813743564,0,0,unknown,False,,DEMO_SYNTHETIC
3083,21.74216582160471,80.39823052374662,0,0,unknown,False,,DEMO_SYNTHETIC
3084,21.751200166178844,80.39819289047755,0,0,unknown,False,,DEMO_SYNTHETIC
3085,21.760234500834894,80.39815523762292,0,0,unknown,False,,DEMO_SYNTHETIC
3086,21.769268825569583,80.3981175651772,0,0,unknown,False,,DEMO_SYNTHETIC
3087,21.778303140379602,80.39807987313488,0,0,unknown,False,,DEMO_SYNTHETIC
3088,21.787337445261663,80.39804216149044,0,0,unknown,False,,DEMO_SYNTHETIC
3089,21.796371740212475,80.39800443023834,0,0,unknown,False,,DEMO_SYNTHETIC
3090,21.805406025228738,80.39796667937307,0,0,unknown,False,,DEMO_SYNTHETIC
3091,21.814440300307165,80.39792890888907,0,0,unknown,False,,DEMO_SYNTHETIC
3092,21.823474565444467,80.3978911187808,1,0,mineralized,False,1.0,DEMO_SYNTHETIC
3093,21.832508820637347,80.39785330904276,0,0,unknown,False,,DEMO_SYNTHETIC
3094,21.841543065882526,80.39781547966938,0,0,unknown,False,,DEMO_SYNTHETIC
3095,21.850577301176717,80.39777763065509,0,0,unknown,False,,DEMO_SYNTHETIC
3096,21.859611526516623,80.39773976199436,0,0,unknown,False,,DEMO_SYNTHETIC
3097,21.868645741898966,80.39770187368163,0,0,unknown,False,,DEMO_SYNTHETIC
3098,21.877679947320466,80.39766396571133,0,0,unknown,False,,DEMO_SYNTHETIC
3099,21.88671414277783,80.3976260380779,0,0,unknown,False,,DEMO_SYNTHETIC
3100,21.895748328267782,80.39758809077578,0,0,unknown,False,,DEMO_SYNTHETIC
3101,21.904782503787036,80.39755012379939,0,0,unknown,False,,DEMO_SYNTHETIC
3102,21.913816669332316,80.39751213714317,0,0,unknown,False,,DEMO_SYNTHETIC
3103,21.922850824900344,80.39747413080151,0,0,unknown,False,,DEMO_SYNTHETIC
3104,21.931884970487832,80.39743610476887,0,0,unknown,False,,DEMO_SYNTHETIC
3105,21.940919106091506,80.39739805903963,0,0,unknown,False,,DEMO_SYNTHETIC
3106,21.949953231708097,80.3973599936082,0,0,unknown,False,,DEMO_SYNTHETIC
3107,21.958987347334322,80.39732190846902,0,0,unknown,False,,DEMO_SYNTHETIC
3108,21.968021452966916,80.39728380361646,0,0,unknown,False,,DEMO_SYNTHETIC
3109,21.97705554860259,80.39724567904493,0,0,unknown,False,,DEMO_SYNTHETIC
3110,21.98608963423808,80.3972075347488,0,0,unknown,False,,DEMO_SYNTHETIC
3111,21.995123709870118,80.39716937072251,0,0,unknown,False,,DEMO_SYNTHETIC
3112,22.004157775495425,80.39713118696041,0,0,unknown,False,,DEMO_SYNTHETIC
3113,22.013191831110735,80.39709298345691,0,0,unknown,False,,DEMO_SYNTHETIC
3114,22.022225876712785,80.39705476020636,0,0,unknown,False,,DEMO_SYNTHETIC
3115,22.031259912298296,80.39701651720316,0,0,unknown,False,,DEMO_SYNTHETIC
3116,22.040293937864018,80.39697825444168,0,0,unknown,False,,DEMO_SYNTHETIC
3117,22.049327953406667,80.39693997191625,0,0,unknown,False,,DEMO_SYNTHETIC
3118,22.05836195892298,80.39690166962131,0,0,unknown,False,,DEMO_SYNTHETIC
3119,22.067395954409715,80.39686334755118,0,0,unknown,False,,DEMO_SYNTHETIC
3120,21.534407668545903,80.40874693136963,0,0,unknown,False,,DEMO_SYNTHETIC
3121,21.543442256208586,80.4087103444976,0,0,unknown,False,,DEMO_SYNTHETIC
3122,21.552476834031186,80.40867373847851,0,1,barren,False,0.0,DEMO_SYNTHETIC
3123,21.56151140201038,80.40863711330702,0,1,barren,False,0.0,DEMO_SYNTHETIC
3124,21.570545960142862,80.40860046897778,0,0,unknown,False,,DEMO_SYNTHETIC
3125,21.579580508425302,80.40856380548544,0,0,unknown,False,,DEMO_SYNTHETIC
3126,21.588615046854397,80.40852712282462,0,0,unknown,False,,DEMO_SYNTHETIC
3127,21.597649575426832,80.40849042098999,0,0,unknown,False,,DEMO_SYNTHETIC
3128,21.60668409413928,80.40845369997618,0,0,unknown,False,,DEMO_SYNTHETIC
3129,21.615718602988448,80.40841695977782,0,0,unknown,False,,DEMO_SYNTHETIC
3130,21.624753101971017,80.40838020038954,0,0,unknown,False,,DEMO_SYNTHETIC
3131,21.633787591083674,80.40834342180598,0,0,unknown,False,,DEMO_SYNTHETIC
3132,21.642822070323117,80.40830662402173,0,1,barren,False,0.0,DEMO_SYNTHETIC
3133,21.65185653968603,80.40826980703143,0,0,unknown,False,,DEMO_SYNTHETIC
3134,21.660890999169116,80.40823297082972,0,1,barren,False,0.0,DEMO_SYNTHETIC
3135,21.669925448769057,80.40819611541117,0,0,unknown,False,,DEMO_SYNTHETIC
3136,21.678959888482563,80.40815924077042,0,0,unknown,False,,DEMO_SYNTHETIC
3137,21.687994318306323,80.40812234690205,0,0,unknown,False,,DEMO_SYNTHETIC
3138,21.697028738237027,80.40808543380066,0,0,unknown,False,,DEMO_SYNTHETIC
3139,21.706063148271372,80.40804850146087,0,0,unknown,False,,DEMO_SYNTHETIC
3140,21.71509754840607,80.40801154987727,0,0,unknown,False,,DEMO_SYNTHETIC
3141,21.724131938637818,80.40797457904445,0,0,unknown,False,,DEMO_SYNTHETIC
3142,21.733166318963317,80.40793758895697,0,0,unknown,False,,DEMO_SYNTHETIC
3143,21.742200689379256,80.40790057960945,0,0,unknown,False,,DEMO_SYNTHETIC
3144,21.751235049882354,80.40786355099645,0,0,unknown,False,,DEMO_SYNTHETIC
3145,21.7602694004693,80.40782650311256,0,0,unknown,False,,DEMO_SYNTHETIC
3146,21.76930374113682,80.40778943595234,0,1,barren,False,0.0,DEMO_SYNTHETIC
3147,21.778338071881603,80.40775234951036,0,0,unknown,False,,DEMO_SYNTHETIC
3148,21.787372392700355,80.40771524378118,0,0,unknown,False,,DEMO_SYNTHETIC
3149,21.796406703589792,80.40767811875936,0,0,unknown,False,,DEMO_SYNTHETIC
3150,21.805441004546623,80.40764097443949,0,0,unknown,False,,DEMO_SYNTHETIC
3151,21.814475295567547,80.4076038108161,0,0,unknown,False,,DEMO_SYNTHETIC
3152,21.823509576649286,80.40756662788374,0,0,unknown,False,,DEMO_SYNTHETIC
3153,21.83254384778855,80.40752942563694,0,0,unknown,False,,DEMO_SYNTHETIC
3154,21.84157810898204,80.40749220407028,0,0,unknown,False,,DEMO_SYNTHETIC
3155,21.85061236022649,80.40745496317827,0,0,unknown,False,,DEMO_SYNTHETIC
3156,21.859646601518598,80.40741770295547,0,0,unknown,False,,DEMO_SYNTHETIC
3157,21.868680832855087,80.4073804233964,0,0,unknown,False,,DEMO_SYNTHETIC
3158,21.87771505423268,80.40734312449558,0,0,unknown,False,,DEMO_SYNTHETIC
3159,21.88674926564808,80.40730580624755,0,0,unknown,False,,DEMO_SYNTHETIC
3160,21.895783467098013,80.40726846864683,0,0,unknown,False,,DEMO_SYNTHETIC
3161,21.904817658579198,80.40723111168793,0,0,unknown,False,,DEMO_SYNTHETIC
3162,21.913851840088356,80.40719373536538,0,0,unknown,False,,DEMO_SYNTHETIC
3163,21.922886011622214,80.40715633967368,0,0,unknown,False,,DEMO_SYNTHETIC
3164,21.931920173177485,80.40711892460732,0,0,unknown,False,,DEMO_SYNTHETIC
3165,21.9409543247509,80.40708149016082,0,0,unknown,False,,DEMO_SYNTHETIC
3166,21.949988466339178,80.40704403632868,0,0,unknown,False,,DEMO_SYNTHETIC
3167,21.959022597939043,80.40700656310541,0,0,unknown,False,,DEMO_SYNTHETIC
3168,21.96805671954724,80.40696907048547,0,0,unknown,False,,DEMO_SYNTHETIC
3169,21.977090831160467,80.4069315584634,0,0,unknown,False,,DEMO_SYNTHETIC
3170,21.986124932775475,80.40689402703363,1,0,mineralized,False,1.0,DEMO_SYNTHETIC
3171,21.995159024388986,80.40685647619065,0,0,unknown,False,,DEMO_SYNTHETIC
3172,22.00419310599773,80.40681890592897,0,0,unknown,False,,DEMO_SYNTHETIC
3173,22.01322717759844,80.40678131624304,0,0,unknown,False,,DEMO_SYNTHETIC
3174,22.022261239187845,80.40674370712733,0,0,unknown,False,,DEMO_SYNTHETIC
3175,22.031295290762685,80.40670607857633,0,0,unknown,False,,DEMO_SYNTHETIC
3176,22.04032933231969,80.40666843058446,0,0,unknown,False,,DEMO_SYNTHETIC
3177,22.049363363855598,80.40663076314623,0,0,unknown,False,,DEMO_SYNTHETIC
3178,22.058397385367144,80.40659307625604,0,0,unknown,False,,DEMO_SYNTHETIC
3179,22.06743139685107,80.4065553699084,0,0,unknown,False,,DEMO_SYNTHETIC
3180,21.534441611639114,80.41840318592949,0,0,unknown,False,,DEMO_SYNTHETIC
3181,21.543476214929406,80.41836719650588,0,0,unknown,False,,DEMO_SYNTHETIC
3182,21.552510808381477,80.41833118824785,0,0,unknown,False,,DEMO_SYNTHETIC
3183,21.561545391992027,80.41829516115016,0,0,unknown,False,,DEMO_SYNTHETIC
3184,21.570579965757734,80.41825911520752,0,0,unknown,False,,DEMO_SYNTHETIC
3185,21.579614529675272,80.4182230504147,0,0,unknown,False,,DEMO_SYNTHETIC
3186,21.588649083741345,80.41818696676641,0,1,barren,False,0.0,DEMO_SYNTHETIC
3187,21.59768362795264,80.41815086425738,0,0,unknown,False,,DEMO_SYNTHETIC
3188,21.606718162305828,80.41811474288235,0,0,unknown,False,,DEMO_SYNTHETIC
3189,21.61575268679761,80.41807860263604,0,0,unknown,False,,DEMO_SYNTHETIC
3190,21.624787201424684,80.41804244351314,0,0,unknown,False,,DEMO_SYNTHETIC
3191,21.63382170618372,80.41800626550841,0,0,unknown,False,,DEMO_SYNTHETIC
3192,21.64285620107143,80.41797006861651,0,0,unknown,False,,DEMO_SYNTHETIC
3193,21.6518906860845,80.41793385283218,0,0,unknown,False,,DEMO_SYNTHETIC
3194,21.660925161219627,80.41789761815012,0,0,unknown,False,,DEMO_SYNTHETIC
3195,21.669959626473492,80.41786136456501,0,0,unknown,False,,DEMO_SYNTHETIC
3196,21.678994081842813,80.41782509207157,0,0,unknown,False,,DEMO_SYNTHETIC
3197,21.688028527324274,80.41778880066448,0,0,unknown,False,,DEMO_SYNTHETIC
3198,21.697062962914572,80.41775249033844,0,0,unknown,False,,DEMO_SYNTHETIC
3199,21.706097388610416,80.41771616108812,0,0,unknown,False,,DEMO_SYNTHETIC
3200,21.7151318044085,80.41767981290823,0,0,unknown,False,,DEMO_SYNTHETIC
3201,21.72416621030552,80.41764344579342,0,0,unknown,False,,DEMO_SYNTHETIC
3202,21.73320060629818,80.41760705973837,0,0,unknown,False,,DEMO_SYNTHETIC
3203,21.742234992383196,80.41757065473776,0,0,unknown,False,,DEMO_SYNTHETIC
3204,21.751269368557253,80.41753423078626,0,0,unknown,False,,DEMO_SYNTHETIC
3205,21.76030373481707,80.41749778787853,0,0,unknown,False,,DEMO_SYNTHETIC
3206,21.769338091159348,80.41746132600923,0,0,unknown,False,,DEMO_SYNTHETIC
3207,21.778372437580796,80.41742484517302,0,0,unknown,False,,DEMO_SYNTHETIC
3208,21.787406774078114,80.41738834536456,0,0,unknown,False,,DEMO_SYNTHETIC
3209,21.79644110064802,80.41735182657847,0,0,unknown,False,,DEMO_SYNTHETIC
3210,21.805475417287226,80.41731528880945,0,1,barren,False,0.0,DEMO_SYNTHETIC
3211,21.814509723992426,80.4172787320521,0,0,unknown,False,,DEMO_SYNTHETIC
3212,21.823544020760355,80.41724215630107,0,0,unknown,False,,DEMO_SYNTHETIC
3213,21.832578307587706,80.417205561551,0,0,unknown,False,,DEMO_SYNTHETIC
3214,21.841612584471203,80.41716894779653,0,0,unknown,False,,DEMO_SYNTHETIC
3215,21.850646851407568,80.41713231503226,0,0,unknown,False,,DEMO_SYNTHETIC
3216,21.8596811083935,80.41709566325287,0,0,unknown,False,,DEMO_SYNTHETIC
3217,21.86871535542572,80.41705899245291,0,0,unknown,False,,DEMO_SYNTHETIC
3218,21.87774959250096,80.41702230262706,0,0,unknown,False,,DEMO_SYNTHETIC
3219,21.886783819615925,80.4169855937699,0,0,unknown,False,,DEMO_SYNTHETIC
3220,21.89581803676734,80.41694886587605,0,0,unknown,False,,DEMO_SYNTHETIC
3221,21.904852243951915,80.41691211894013,0,0,unknown,False,,DEMO_SYNTHETIC
3222,21.913886441166394,80.41687535295674,0,0,unknown,False,,DEMO_SYNTHETIC
3223,21.922920628407475,80.41683856792045,0,0,unknown,False,,DEMO_SYNTHETIC
3224,21.931954805671904,80.4168017638259,0,0,unknown,False,,DEMO_SYNTHETIC
3225,21.940988972956387,80.41676494066765,0,0,unknown,False,,DEMO_SYNTHETIC
3226,21.950023130257662,80.4167280984403,0,0,unknown,False,,DEMO_SYNTHETIC
3227,21.959057277572445,80.41669123713847,0,0,unknown,False,,DEMO_SYNTHETIC
3228,21.96809141489748,80.41665435675667,0,0,unknown,False,,DEMO_SYNTHETIC
3229,21.97712554222948,80.41661745728953,0,0,unknown,False,,DEMO_SYNTHETIC
3230,21.98615965956518,80.41658053873162,0,0,unknown,False,,DEMO_SYNTHETIC
3231,21.995193766901313,80.4165436010775,0,0,unknown,False,,DEMO_SYNTHETIC
3232,22.004227864234608,80.41650664432177,0,0,unknown,False,,DEMO_SYNTHETIC
3233,22.0132619515618,80.41646966845894,0,0,unknown,False,,DEMO_SYNTHETIC
3234,22.022296028879623,80.41643267348363,0,0,unknown,False,,DEMO_SYNTHETIC
3235,22.031330096184806,80.41639565939033,0,0,unknown,False,,DEMO_SYNTHETIC
3236,22.040364153474094,80.41635862617365,1,0,mineralized,False,1.0,DEMO_SYNTHETIC
3237,22.049398200744214,80.41632157382811,0,0,unknown,False,,DEMO_SYNTHETIC
3238,22.058432237991912,80.41628450234826,0,0,unknown,False,,DEMO_SYNTHETIC
3239,22.06746626521392,80.41624741172868,0,0,unknown,False,,DEMO_SYNTHETIC
3240,21.534474995882633,80.42805945931852,0,0,unknown,False,,DEMO_SYNTHETIC
3241,21.54350961454323,80.42802406734856,0,0,unknown,False,,DEMO_SYNTHETIC
3242,21.552544223367455,80.42798865685685,0,0,unknown,False,,DEMO_SYNTHETIC
3243,21.561578822352,80.4279532278382,0,0,unknown,False,,DEMO_SYNTHETIC
3244,21.57061341149355,80.42791778028746,0,0,unknown,False,,DEMO_SYNTHETIC
3245,21.579647990788782,80.42788231419942,0,0,unknown,False,,DEMO_SYNTHETIC
3246,21.588682560234385,80.42784682956894,0,0,unknown,False,,DEMO_SYNTHETIC
3247,21.59771711982706,80.4278113263908,0,0,unknown,False,,DEMO_SYNTHETIC
3248,21.606751669563476,80.42777580465983,0,0,unknown,False,,DEMO_SYNTHETIC
3249,21.615786209440337,80.42774026437083,0,0,unknown,False,,DEMO_SYNTHETIC
3250,21.624820739454343,80.42770470551862,0,0,unknown,False,,DEMO_SYNTHETIC
3251,21.63385525960217,80.42766912809799,0,0,unknown,False,,DEMO_SYNTHETIC
3252,21.64288976988051,80.42763353210373,0,0,unknown,False,,DEMO_SYNTHETIC
3253,21.651924270286077,80.42759791753065,0,0,unknown,False,,DEMO_SYNTHETIC
3254,21.660958760815546,80.42756228437355,0,0,unknown,False,,DEMO_SYNTHETIC
3255,21.669993241465615,80.42752663262719,0,0,unknown,False,,DEMO_SYNTHETIC
3256,21.679027712232998,80.42749096228638,0,0,unknown,False,,DEMO_SYNTHETIC
3257,21.68806217311438,80.42745527334588,0,0,unknown,False,,DEMO_SYNTHETIC
3258,21.697096624106457,80.42741956580049,0,0,unknown,False,,DEMO_SYNTHETIC
3259,21.70613106520594,80.42738383964496,0,0,unknown,False,,DEMO_SYNTHETIC
3260,21.715165496409526,80.42734809487409,0,0,unknown,False,,DEMO_SYNTHETIC
3261,21.724199917713907,80.42731233148261,0,0,unknown,False,,DEMO_SYNTHETIC
3262,21.733234329115803,80.42727654946533,0,0,unknown,False,,DEMO_SYNTHETIC
3263,21.74226873061191,80.42724074881697,0,0,unknown,False,,DEMO_SYNTHETIC
3264,21.751303122198934,80.4272049295323,0,0,unknown,False,,DEMO_SYNTHETIC
3265,21.760337503873576,80.42716909160606,0,0,unknown,False,,DEMO_SYNTHETIC
3266,21.76937187563255,80.42713323503304,0,0,unknown,False,,DEMO_SYNTHETIC
3267,21.778406237472563,80.42709735980795,0,0,unknown,False,,DEMO_SYNTHETIC
3268,21.787440589390314,80.42706146592553,0,0,unknown,False,,DEMO_SYNTHETIC
3269,21.796474931382534,80.42702555338053,0,0,unknown,False,,DEMO_SYNTHETIC
3270,21.805509263445913,80.42698962216771,0,0,unknown,False,,DEMO_SYNTHETIC
3271,21.814543585577177,80.42695367228177,0,0,unknown,False,,DEMO_SYNTHETIC
3272,21.82357789777303,80.42691770371744,0,0,unknown,False,,DEMO_SYNTHETIC
3273,21.832612200030194,80.42688171646947,0,0,unknown,False,,DEMO_SYNTHETIC
3274,21.841646492345376,80.42684571053255,0,0,unknown,False,,DEMO_SYNTHETIC
3275,21.8506807747153,80.42680968590142,0,0,unknown,False,,DEMO_SYNTHETIC
3276,21.859715047136678,80.42677364257077,0,0,unknown,False,,DEMO_SYNTHETIC
3277,21.868749309606223,80.42673758053535,0,0,unknown,False,,DEMO_SYNTHETIC
3278,21.877783562120666,80.42670149978983,1,0,mineralized,False,1.0,DEMO_SYNTHETIC
3279,21.88681780467672,80.42666540032894,0,0,unknown,False,,DEMO_SYNTHETIC
3280,21.8958520372711,80.42662928214736,0,0,unknown,False,,DEMO_SYNTHETIC
3281,21.904886259900536,80.4265931452398,0,0,unknown,False,,DEMO_SYNTHETIC
3282,21.913920472561752,80.42655698960097,0,0,unknown,False,,DEMO_SYNTHETIC
3283,21.922954675251468,80.42652081522552,0,0,unknown,False,,DEMO_SYNTHETIC
3284,21.931988867966414,80.42648462210816,0,0,unknown,False,,DEMO_SYNTHETIC
3285,21.9410230507033,80.42644841024358,0,0,unknown,False,,DEMO_SYNTHETIC
3286,21.950057223458874,80.42641217962644,0,0,unknown,False,,DEMO_SYNTHETIC
3287,21.95909138622985,80.42637593025142,0,0,unknown,False,,DEMO_SYNTHETIC
3288,21.968125539012963,80.42633966211321,0,0,unknown,False,,DEMO_SYNTHETIC
3289,21.977159681804945,80.42630337520646,0,0,unknown,False,,DEMO_SYNTHETIC
3290,21.98619381460252,80.42626706952584,0,0,unknown,False,,DEMO_SYNTHETIC
3291,21.995227937402426,80.42623074506602,0,0,unknown,False,,DEMO_SYNTHETIC
3292,22.004262050201387,80.42619440182165,0,0,unknown,False,,DEMO_SYNTHETIC
3293,22.013296152996144,80.42615803978737,0,0,unknown,False,,DEMO_SYNTHETIC
3294,22.022330245783426,80.42612165895785,0,0,unknown,False,,DEMO_SYNTHETIC
3295,22.03136432855997,80.42608525932775,0,0,unknown,False,,DEMO_SYNTHETIC
3296,22.040398401322527,80.42604884089168,0,0,unknown,False,,DEMO_SYNTHETIC
3297,22.049432464067817,80.42601240364431,0,0,unknown,False,,DEMO_SYNTHETIC
3298,22.058466516792585,80.42597594758026,0,0,unknown,False,,DEMO_SYNTHETIC
3299,22.06750055949357,80.42593947269415,0,0,unknown,False,,DEMO_SYNTHETIC
3300,21.53450782127196,80.43771575122412,0,0,unknown,False,,DEMO_SYNTHETIC
3301,21.543542455045575,80.43768095671301,0,0,unknown,False,,DEMO_SYNTHETIC
3302,21.552577078984633,80.43764614399277,0,0,unknown,False,,DEMO_SYNTHETIC
3303,21.56161169308582,80.43761131305835,0,0,unknown,False,,DEMO_SYNTHETIC
3304,21.570646297345824,80.43757646390466,0,0,unknown,False,,DEMO_SYNTHETIC
3305,21.579680891761328,80.43754159652661,0,1,barren,False,0.0,DEMO_SYNTHETIC
3306,21.588715476329018,80.43750671091911,0,1,barren,False,0.0,DEMO_SYNTHETIC
3307,21.597750051045594,80.43747180707703,0,0,unknown,False,,DEMO_SYNTHETIC
3308,21.60678461590773,80.43743688499532,0,0,unknown,False,,DEMO_SYNTHETIC
3309,21.615819170912136,80.43740194466884,0,0,unknown,False,,DEMO_SYNTHETIC
3310,21.6248537160555,80.4373669860925,0,0,unknown,False,,DEMO_SYNTHETIC
3311,21.633888251334508,80.43733200926118,0,0,unknown,False,,DEMO_SYNTHETIC
3312,21.642922776745856,80.43729701416977,0,1,barren,False,0.0,DEMO_SYNTHETIC
3313,21.651957292286244,80.43726200081316,0,0,unknown,False,,DEMO_SYNTHETIC
3314,21.660991797952367,80.43722696918623,0,0,unknown,False,,DEMO_SYNTHETIC
3315,21.67002629374091,80.43719191928383,0,0,unknown,False,,DEMO_SYNTHETIC
3316,21.679060779648594,80.43715685110085,0,0,unknown,False,,DEMO_SYNTHETIC
3317,21.688095255672106,80.4371217646322,0,0,unknown,False,,DEMO_SYNTHETIC
3318,21.697129721808146,80.43708665987268,0,0,unknown,False,,DEMO_SYNTHETIC
3319,21.70616417805342,80.43705153681717,0,0,unknown,False,,DEMO_SYNTHETIC
3320,21.71519862440462,80.43701639546055,0,0,unknown,False,,DEMO_SYNTHETIC
3321,21.724233060858456,80.43698123579766,0,0,unknown,False,,DEMO_SYNTHETIC
3322,21.73326748741163,80.43694605782335,0,0,unknown,False,,DEMO_SYNTHETIC
3323,21.742301904060863,80.43691086153247,0,0,unknown,False,,DEMO_SYNTHETIC
3324,21.751336310802834,80.43687564691987,0,0,unknown,False,,DEMO_SYNTHETIC
3325,21.76037070763427,80.4368404139804,0,0,unknown,False,,DEMO_SYNTHETIC
3326,21.769405094551875,80.43680516270891,0,0,unknown,False,,DEMO_SYNTHETIC
3327,21.77843947155235,80.43676989310018,0,0,unknown,False,,DEMO_SYNTHETIC
3328,21.78747383863241,80.43673460514908,0,1,barren,False,0.0,DEMO_SYNTHETIC
3329,21.79650819578877,80.43669929885044,0,0,unknown,False,,DEMO_SYNTHETIC
3330,21.805542543018134,80.43666397419908,0,0,unknown,False,,DEMO_SYNTHETIC
3331,21.814576880317226,80.43662863118982,0,0,unknown,False,,DEMO_SYNTHETIC
3332,21.823611207682763,80.43659326981746,0,0,unknown,False,,DEMO_SYNTHETIC
3333,21.83264552511144,80.43655789007686,0,0,unknown,False,,DEMO_SYNTHETIC
3334,21.841679832599986,80.43652249196278,0,0,unknown,False,,DEMO_SYNTHETIC
3335,21.850714130145118,80.43648707547005,0,0,unknown,False,,DEMO_SYNTHETIC
3336,21.859748417743553,80.43645164059348,0,0,unknown,False,,DEMO_SYNTHETIC
3337,21.86878269539201,80.43641618732785,0,0,unknown,False,,DEMO_SYNTHETIC
3338,21.877816963087213,80.43638071566798,0,0,unknown,False,,DEMO_SYNTHETIC
3339,21.88685122082587,80.43634522560865,0,0,unknown,False,,DEMO_SYNTHETIC
3340,21.895885468604718,80.43630971714464,0,0,unknown,False,,DEMO_SYNTHETIC
3341,21.904919706420472,80.43627419027078,0,0,unknown,False,,DEMO_SYNTHETIC
3342,21.91395393426986,80.43623864498178,0,0,unknown,False,,DEMO_SYNTHETIC
3343,21.9229881521496,80.4362030812725,0,0,unknown,False,,DEMO_SYNTHETIC
3344,21.932022360056422,80.43616749913765,0,0,unknown,False,,DEMO_SYNTHETIC
3345,21.941056557987064,80.43613189857206,0,0,unknown,False,,DEMO_SYNTHETIC
3346,21.950090745938233,80.43609627957045,0,0,unknown,False,,DEMO_SYNTHETIC
3347,21.959124923906668,80.4360606421276,0,0,unknown,False,,DEMO_SYNTHETIC
3348,21.968159091889106,80.43602498623828,0,0,unknown,False,,DEMO_SYNTHETIC
3349,21.977193249882266,80.43598931189726,0,0,unknown,False,,DEMO_SYNTHETIC
3350,21.986227397882885,80.43595361909925,0,0,unknown,False,,DEMO_SYNTHETIC
3351,21.995261535887703,80.43591790783907,0,0,unknown,False,,DEMO_SYNTHETIC
3352,22.00429566389344,80.4358821781114,0,0,unknown,False,,DEMO_SYNTHETIC
3353,22.013329781896843,80.43584642991102,0,0,unknown,False,,DEMO_SYNTHETIC
3354,22.02236388989463,80.43581066323269,1,0,mineralized,False,1.0,DEMO_SYNTHETIC
3355,22.03139798788356,80.4357748780711,0,0,unknown,False,,DEMO_SYNTHETIC
3356,22.040432075860362,80.43573907442102,0,0,unknown,False,,DEMO_SYNTHETIC
3357,22.049466153821772,80.43570325227718,0,0,unknown,False,,DEMO_SYNTHETIC
3358,22.058500221764533,80.43566741163427,0,0,unknown,False,,DEMO_SYNTHETIC
3359,22.067534279685383,80.43563155248705,0,0,unknown,False,,DEMO_SYNTHETIC
3360,21.53454008780269,80.44737206133377,0,0,unknown,False,,DEMO_SYNTHETIC
3361,21.54357473643203,80.44733786428655,0,0,unknown,False,,DEMO_SYNTHETIC
3362,21.552609375228595,80.44730364934289,0,0,unknown,False,,DEMO_SYNTHETIC
3363,21.561644004189063,80.44726941649778,0,1,barren,False,0.0,DEMO_SYNTHETIC
3364,21.570678623310133,80.44723516574624,0,0,unknown,False,,DEMO_SYNTHETIC
3365,21.57971323258849,80.44720089708325,0,0,unknown,False,,DEMO_SYNTHETIC
3366,21.588747832020815,80.44716661050381,0,0,unknown,False,,DEMO_SYNTHETIC
3367,21.597782421603814,80.44713230600293,0,0,unknown,False,,DEMO_SYNTHETIC
3368,21.606817001334164,80.44709798357556,0,0,unknown,False,,DEMO_SYNTHETIC
3369,21.615851571208566,80.44706364321671,0,0,unknown,False,,DEMO_SYNTHETIC
3370,21.624886131223718,80.44702928492136,0,0,unknown,False,,DEMO_SYNTHETIC
3371,21.633920681376303,80.44699490868446,0,0,unknown,False,,DEMO_SYNTHETIC
3372,21.642955221663016,80.44696051450101,0,0,unknown,False,,DEMO_SYNTHETIC
3373,21.65198975208056,80.44692610236599,0,0,unknown,False,,DEMO_SYNTHETIC
3374,21.661024272625642,80.44689167227435,0,0,unknown,False,,DEMO_SYNTHETIC
3375,21.670058783294937,80.44685722422105,0,0,unknown,False,,DEMO_SYNTHETIC
3376,21.679093284085162,80.44682275820105,0,0,unknown,False,,DEMO_SYNTHETIC
3377,21.688127774993013,80.44678827420933,0,0,unknown,False,,DEMO_SYNTHETIC
3378,21.69716225601519,80.44675377224083,0,0,unknown,False,,DEMO_SYNTHETIC
3379,21.70619672714839,80.44671925229049,0,0,unknown,False,,DEMO_SYNTHETIC
3380,21.715231188389335,80.44668471435325,0,0,unknown,False,,DEMO_SYNTHETIC
3381,21.724265639734703,80.44665015842409,0,0,unknown,False,,DEMO_SYNTHETIC
3382,21.73330008118122,80.44661558449793,0,0,unknown,False,,DEMO_SYNTHETIC
3383,21.74233451272558,80.44658099256971,0,1,barren,False,0.0,DEMO_SYNTHETIC
3384,21.751368934364503,80.44654638263435,0,1,barren,False,0.0,DEMO_SYNTHETIC
3385,21.760403346094687,80.4465117546868,0,0,unknown,False,,DEMO_SYNTHETIC
3386,21.769437747912846,80.44647710872196,0,0,unknown,False,,DEMO_SYNTHETIC
3387,21.778472139815683,80.4464424447348,0,0,unknown,False,,DEMO_SYNTHETIC
3388,21.787506521799912,80.4464077627202,0,0,unknown,False,,DEMO_SYNTHETIC
3389,21.796540893862254,80.44637306267308,0,0,unknown,False,,DEMO_SYNTHETIC
3390,21.805575255999415,80.44633834458836,0,0,unknown,False,,DEMO_SYNTHETIC
3391,21.81460960820811,80.44630360846095,0,0,unknown,False,,DEMO_SYNTHETIC
3392,21.823643950485053,80.44626885428578,0,0,unknown,False,,DEMO_SYNTHETIC
3393,21.83267828282696,80.44623408205771,0,0,unknown,False,,DEMO_SYNTHETIC
3394,21.841712605230544,80.44619929177168,0,0,unknown,False,,DEMO_SYNTHETIC
3395,21.850746917692543,80.44616448342255,0,0,unknown,False,,DEMO_SYNTHETIC
3396,21.859781220209648,80.44612965700523,0,0,unknown,False,,DEMO_SYNTHETIC
3397,21.86881551277859,80.44609481251462,0,0,unknown,False,,DEMO_SYNTHETIC
3398,21.877849795396106,80.44605994994559,0,0,unknown,False,,DEMO_SYNTHETIC
3399,21.886884068058897,80.44602506929303,0,0,unknown,False,,DEMO_SYNTHETIC
3400,21.89591833076369,80.44599017055182,0,0,unknown,False,,DEMO_SYNTHETIC
3401,21.904952583507217,80.44595525371683,0,0,unknown,False,,DEMO_SYNTHETIC
3402,21.913986826286198,80.44592031878294,0,0,unknown,False,,DEMO_SYNTHETIC
3403,21.923021059097366,80.44588536574501,0,0,unknown,False,,DEMO_SYNTHETIC
3404,21.932055281937433,80.44585039459793,0,0,unknown,False,,DEMO_SYNTHETIC
3405,21.941089494803137,80.44581540533653,0,0,unknown,False,,DEMO_SYNTHETIC
3406,21.95012369769121,80.44578039795569,0,0,unknown,False,,DEMO_SYNTHETIC
3407,21.959157890598373,80.44574537245025,0,0,unknown,False,,DEMO_SYNTHETIC
3408,21.96819207352137,80.44571032881507,0,0,unknown,False,,DEMO_SYNTHETIC
3409,21.977226246456915,80.445675267045,0,0,unknown,False,,DEMO_SYNTHETIC
3410,21.986260409401755,80.44564018713488,0,0,unknown,False,,DEMO_SYNTHETIC
3411,21.99529456235262,80.44560508907958,0,0,unknown,False,,DEMO_SYNTHETIC
3412,22.004328705306243,80.44556997287388,0,0,unknown,False,,DEMO_SYNTHETIC
3413,22.01336283825936,80.44553483851267,0,0,unknown,False,,DEMO_SYNTHETIC
3414,22.02239696120871,80.44549968599075,0,0,unknown,False,,DEMO_SYNTHETIC
3415,22.031431074151033,80.44546451530297,0,0,unknown,False,,DEMO_SYNTHETIC
3416,22.04046517708307,80.44542932644414,0,0,unknown,False,,DEMO_SYNTHETIC
3417,22.049499270001547,80.44539411940907,0,0,unknown,False,,DEMO_SYNTHETIC
3418,22.058533352903222,80.44535889419262,0,0,unknown,False,,DEMO_SYNTHETIC
3419,22.067567425784826,80.44532365078955,0,0,unknown,False,,DEMO_SYNTHETIC
3420,21.534571795470494,80.45702838933484,0,0,unknown,False,,DEMO_SYNTHETIC
3421,21.54360645869826,80.45699478975654,0,0,unknown,False,,DEMO_SYNTHETIC
3422,21.552641112095,80.45696117259445,0,0,unknown,False,,DEMO_SYNTHETIC
3423,21.561675755657397,80.45692753784365,0,0,unknown,False,,DEMO_SYNTHETIC
3424,21.570710389382143,80.45689388549926,0,0,unknown,False,,DEMO_SYNTHETIC
3425,21.579745013265924,80.45686021555635,0,0,unknown,False,,DEMO_SYNTHETIC
3426,21.588779627305435,80.45682652801,0,0,unknown,False,,DEMO_SYNTHETIC
3427,21.597814231497377,80.45679282285529,0,1,barren,False,0.0,DEMO_SYNTHETIC
3428,21.606848825838423,80.4567591000873,0,0,unknown,False,,DEMO_SYNTHETIC
3429,21.615883410325274,80.45672535970108,0,0,unknown,False,,DEMO_SYNTHETIC
3430,21.62491798495464,80.45669160169174,0,0,unknown,False,,DEMO_SYNTHETIC
3431,21.63395254972319,80.45665782605431,0,0,unknown,False,,DEMO_SYNTHETIC
3432,21.642987104627633,80.45662403278385,0,0,unknown,False,,DEMO_SYNTHETIC
3433,21.652021649664672,80.45659022187544,0,0,unknown,False,,DEMO_SYNTHETIC
3434,21.661056184831,80.45655639332412,0,0,unknown,False,,DEMO_SYNTHETIC
3435,21.670090710123315,80.45652254712495,0,0,unknown,False,,DEMO_SYNTHETIC
3436,21.67912522553832,80.456488683273,0,0,unknown,False,,DEMO_SYNTHETIC
3437,21.68815973107272,80.45645480176326,0,0,unknown,False,,DEMO_SYNTHETIC
3438,21.697194226723205,80.4564209025908,0,0,unknown,False,,DEMO_SYNTHETIC
3439,21.70622871248649,80.4563869857507,0,0,unknown,False,,DEMO_SYNTHETIC
3440,21.71526318835928,80.45635305123793,0,0,unknown,False,,DEMO_SYNTHETIC
3441,21.724297654338265,80.45631909904755,0,0,unknown,False,,DEMO_SYNTHETIC
3442,21.733332110420175,80.45628512917459,0,0,unknown,False,,DEMO_SYNTHETIC
3443,21.7423665566017,80.45625114161406,0,0,unknown,False,,DEMO_SYNTHETIC
3444,21.751400992879553,80.45621713636102,0,1,barren,False,0.0,DEMO_SYNTHETIC
3445,21.760435419250438,80.45618311341046,0,0,unknown,False,,DEMO_SYNTHETIC
3446,21.769469835711078,80.45614907275738,0,0,unknown,False,,DEMO_SYNTHETIC
3447,21.778504242258176,80.45611501439683,0,0,unknown,False,,DEMO_SYNTHETIC
3448,21.78753863888844,80.45608093832381,0,0,unknown,False,,DEMO_SYNTHETIC
3449,21.796573025598594,80.4560468445333,0,0,unknown,False,,DEMO_SYNTHETIC
3450,21.805607402385338,80.45601273302033,0,0,unknown,False,,DEMO_SYNTHETIC
3451,21.8146417692454,80.45597860377988,0,0,unknown,False,,DEMO_SYNTHETIC
3452,21.8236761261755,80.45594445680695,0,0,unknown,False,,DEMO_SYNTHETIC
3453,21.832710473172337,80.45591029209655,0,0,unknown,False,,DEMO_SYNTHETIC
3454,21.84174481023264,80.45587610964364,0,0,unknown,False,,DEMO_SYNTHETIC
3455,21.850779137353136,80.45584190944322,0,0,unknown,False,,DEMO_SYNTHETIC
3456,21.85981345453053,80.45580769149029,0,0,unknown,False,,DEMO_SYNTHETIC
3457,21.86884776176155,80.45577345577979,0,0,unknown,False,,DEMO_SYNTHETIC
3458,21.87788205904292,80.45573920230673,0,0,unknown,False,,DEMO_SYNTHETIC
3459,21.886916346371354,80.45570493106607,0,0,unknown,False,,DEMO_SYNTHETIC
3460,21.89595062374359,80.45567064205275,0,0,unknown,False,,DEMO_SYNTHETIC
3461,21.904984891156346,80.45563633526179,0,0,unknown,False,,DEMO_SYNTHETIC
3462,21.91401914860634,80.45560201068812,0,0,unknown,False,,DEMO_SYNTHETIC
3463,21.923053396090317,80.45556766832671,0,0,unknown,False,,DEMO_SYNTHETIC
3464,21.932087633604993,80.45553330817249,0,0,unknown,False,,DEMO_SYNTHETIC
3465,21.9411218611471,80.45549893022044,0,0,unknown,False,,DEMO_SYNTHETIC
3466,21.95015607871337,80.4554645344655,0,0,unknown,False,,DEMO_SYNTHETIC
3467,21.959190286300522,80.45543012090263,0,0,unknown,False,,DEMO_SYNTHETIC
3468,21.968224483905303,80.45539568952674,0,0,unknown,False,,DEMO_SYNTHETIC
3469,21.977258671524442,80.45536124033279,0,0,unknown,False,,DEMO_SYNTHETIC
3470,21.98629284915467,80.45532677331572,0,0,unknown,False,,DEMO_SYNTHETIC
3471,21.995327016792725,80.45529228847043,0,0,unknown,False,,DEMO_SYNTHETIC
3472,22.004361174435342,80.45525778579189,0,0,unknown,False,,DEMO_SYNTHETIC
3473,22.013395322079255,80.45522326527501,0,0,unknown,False,,DEMO_SYNTHETIC
3474,22.022429459721206,80.4551887269147,0,0,unknown,False,,DEMO_SYNTHETIC
3475,22.03146358735793,80.45515417070588,0,0,unknown,False,,DEMO_SYNTHETIC
3476,22.040497704986173,80.45511959664348,0,0,unknown,False,,DEMO_SYNTHETIC
3477,22.049531812602673,80.4550850047224,0,0,unknown,False,,DEMO_SYNTHETIC
3478,22.058565910204173,80.45505039493756,0,0,unknown,False,,DEMO_SYNTHETIC
3479,22.067599997787408,80.45501576728384,0,0,unknown,False,,DEMO_SYNTHETIC
3480,21.53460294427111,80.46668473491482,0,0,unknown,False,,DEMO_SYNTHETIC
3481,21.543637621840006,80.4666517328103,0,0,unknown,False,,DEMO_SYNTHETIC
3482,21.552672289579586,80.4666187134347,0,0,unknown,False,,DEMO_SYNTHETIC
3483,21.561706947486545,80.46658567678313,0,0,unknown,False,,DEMO_SYNTHETIC
3484,21.57074159555758,80.4665526228508,0,0,unknown,False,,DEMO_SYNTHETIC
3485,21.579776233789364,80.46651955163289,0,0,unknown,False,,DEMO_SYNTHETIC
3486,21.588810862178608,80.46648646312454,0,0,unknown,False,,DEMO_SYNTHETIC
3487,21.597845480722004,80.46645335732093,0,0,unknown,False,,DEMO_SYNTHETIC
3488,21.606880089416222,80.46642023421724,0,0,unknown,False,,DEMO_SYNTHETIC
3489,21.615914688257988,80.4663870938086,0,0,unknown,False,,DEMO_SYNTHETIC
3490,21.624949277243974,80.4663539360902,0,0,unknown,False,,DEMO_SYNTHETIC
3491,21.633983856370893,80.46632076105716,0,0,unknown,False,,DEMO_SYNTHETIC
3492,21.643018425635425,80.46628756870464,0,0,unknown,False,,DEMO_SYNTHETIC
3493,21.65205298503428,80.4662543590278,0,0,unknown,False,,DEMO_SYNTHETIC
3494,21.661087534564164,80.46622113202176,0,0,unknown,False,,DEMO_SYNTHETIC
3495,21.670122074221762,80.46618788768167,0,0,unknown,False,,DEMO_SYNTHETIC
3496,21.67915660400378,80.46615462600268,0,0,unknown,False,,DEMO_SYNTHETIC
3497,21.688191123906925,80.4661213469799,0,0,unknown,False,,DEMO_SYNTHETIC
3498,21.6972256339279,80.46608805060848,0,0,unknown,False,,DEMO_SYNTHETIC
3499,21.70626013406341,80.46605473688354,0,0,unknown,False,,DEMO_SYNTHETIC
3500,21.715294624310154,80.46602140580019,0,0,unknown,False,,DEMO_SYNTHETIC
3501,21.72432910466484,80.46598805735357,0,0,unknown,False,,DEMO_SYNTHETIC
3502,21.733363575124184,80.4659546915388,0,0,unknown,False,,DEMO_SYNTHETIC
3503,21.742398035684886,80.46592130835096,0,0,unknown,False,,DEMO_SYNTHETIC
3504,21.751432486343656,80.4658879077852,0,0,unknown,False,,DEMO_SYNTHETIC
3505,21.76046692709721,80.46585448983662,0,0,unknown,False,,DEMO_SYNTHETIC
3506,21.76950135794225,80.4658210545003,1,0,mineralized,False,1.0,DEMO_SYNTHETIC
3507,21.778535778875494,80.46578760177135,0,0,unknown,False,,DEMO_SYNTHETIC
3508,21.787570189893653,80.4657541316449,0,0,unknown,False,,DEMO_SYNTHETIC
3509,21.796604590993446,80.465720644116,0,0,unknown,False,,DEMO_SYNTHETIC
3510,21.805638982171587,80.46568713917976,0,0,unknown,False,,DEMO_SYNTHETIC
3511,21.814673363424788,80.46565361683128,0,0,unknown,False,,DEMO_SYNTHETIC
3512,21.82370773474977,80.46562007706562,0,0,unknown,False,,DEMO_SYNTHETIC
3513,21.832742096143242,80.46558651987787,0,0,unknown,False,,DEMO_SYNTHETIC
3514,21.841776447601937,80.46555294526311,0,0,unknown,False,,DEMO_SYNTHETIC
3515,21.850810789122573,80.46551935321644,0,0,unknown,False,,DEMO_SYNTHETIC
3516,21.859845120701866,80.46548574373288,0,0,unknown,False,,DEMO_SYNTHETIC
3517,21.868879442336535,80.46545211680754,0,0,unknown,False,,DEMO_SYNTHETIC
3518,21.87791375402331,80.46541847243546,0,0,unknown,False,,DEMO_SYNTHETIC
3519,21.88694805575891,80.46538481061172,0,0,unknown,False,,DEMO_SYNTHETIC
3520,21.895982347540066,80.46535113133137,0,0,unknown,False,,DEMO_SYNTHETIC
3521,21.905016629363498,80.46531743458947,0,0,unknown,False,,DEMO_SYNTHETIC
3522,21.914050901225938,80.46528372038105,0,0,unknown,False,,DEMO_SYNTHETIC
3523,21.923085163124114,80.46524998870119,0,0,unknown,False,,DEMO_SYNTHETIC
3524,21.93211941505475,80.46521623954492,0,0,unknown,False,,DEMO_SYNTHETIC
3525,21.94115365701458,80.46518247290726,0,0,unknown,False,,DEMO_SYNTHETIC
3526,21.95018788900034,80.46514868878329,1,0,mineralized,False,1.0,DEMO_SYNTHETIC
3527,21.95922211100875,80.46511488716801,0,0,unknown,False,,DEMO_SYNTHETIC
3528,21.968256323036556,80.46508106805648,0,0,unknown,False,,DEMO_SYNTHETIC
3529,21.977290525080477,80.4650472314437,0,0,unknown,False,,DEMO_SYNTHETIC
3530,21.98632471713726,80.46501337732474,0,0,unknown,False,,DEMO_SYNTHETIC
3531,21.995358899203644,80.46497950569457,0,0,unknown,False,,DEMO_SYNTHETIC
3532,22.00439307127635,80.46494561654823,0,0,unknown,False,,DEMO_SYNTHETIC
3533,22.013427233352136,80.46491170988075,0,0,unknown,False,,DEMO_SYNTHETIC
3534,22.02246138542772,80.46487778568714,0,0,unknown,False,,DEMO_SYNTHETIC
3535,22.031495527499864,80.46484384396238,0,0,unknown,False,,DEMO_SYNTHETIC
3536,22.04052965956529,80.4648098847015,0,0,unknown,False,,DEMO_SYNTHETIC
3537,22.049563781620755,80.46477590789948,0,0,unknown,False,,DEMO_SYNTHETIC
3538,22.058597893662988,80.46474191355135,0,0,unknown,False,,DEMO_SYNTHETIC
3539,22.067631995688743,80.46470790165208,0,0,unknown,False,,DEMO_SYNTHETIC
3540,21.534633534200363,80.47634109776106,0,0,unknown,False,,DEMO_SYNTHETIC
3541,21.54366822585307,80.47630869313521,0,0,unknown,False,,DEMO_SYNTHETIC
3542,21.55270290767816,80.47627627155087,0,0,unknown,False,,DEMO_SYNTHETIC
3543,21.561737579672325,80.47624383300337,0,0,unknown,False,,DEMO_SYNTHETIC
3544,21.57077224183225,80.47621137748793,0,0,unknown,False,,DEMO_SYNTHETIC
3545,21.57980689415462,80.47617890499983,0,0,unknown,False,,DEMO_SYNTHETIC
3546,21.58884153663613,80.47614641553434,0,0,unknown,False,,DEMO_SYNTHETIC
3547,21.597876169273494,80.47611390908668,0,0,unknown,False,,DEMO_SYNTHETIC
3548,21.606910792063378,80.47608138565212,0,0,unknown,False,,DEMO_SYNTHETIC
3549,21.615945405002492,80.4760488452259,0,0,unknown,False,,DEMO_SYNTHETIC
3550,21.624980008087533,80.47601628780328,0,0,unknown,False,,DEMO_SYNTHETIC
3551,21.634014601315197,80.47598371337949,0,0,unknown,False,,DEMO_SYNTHETIC
3552,21.643049184682177,80.47595112194976,0,0,unknown,False,,DEMO_SYNTHETIC
3553,21.65208375818518,80.47591851350933,0,1,barren,False,0.0,DEMO_SYNTHETIC
3554,21.661118321820904,80.47588588805343,0,1,barren,False,0.0,DEMO_SYNTHETIC
3555,21.67015287558605,80.47585324557728,0,0,unknown,False,,DEMO_SYNTHETIC
3556,21.67918741947732,80.47582058607614,0,0,unknown,False,,DEMO_SYNTHETIC
3557,21.688221953491425,80.47578790954519,0,0,unknown,False,,DEMO_SYNTHETIC
3558,21.697256477625054,80.47575521597966,0,0,unknown,False,,DEMO_SYNTHETIC
3559,21.706290991874916,80.47572250537478,0,0,unknown,False,,DEMO_SYNTHETIC
3560,21.715325496237735,80.47568977772573,0,0,unknown,False,,DEMO_SYNTHETIC
3561,21.724359990710198,80.47565703302776,0,0,unknown,False,,DEMO_SYNTHETIC
3562,21.73339447528902,80.47562427127605,0,0,unknown,False,,DEMO_SYNTHETIC
3563,21.74242894997092,80.4755914924658,0,0,unknown,False,,DEMO_SYNTHETIC
3564,21.75146341475259,80.47555869659222,0,0,unknown,False,,DEMO_SYNTHETIC
3565,21.760497869630758,80.47552588365049,0,0,unknown,False,,DEMO_SYNTHETIC
3566,21.769532314602124,80.47549305363583,0,0,unknown,False,,DEMO_SYNTHETIC
3567,21.778566749663405,80.4754602065434,0,0,unknown,False,,DEMO_SYNTHETIC
3568,21.787601174811318,80.4754273423684,0,0,unknown,False,,DEMO_SYNTHETIC
3569,21.79663559004258,80.47539446110603,0,0,unknown,False,,DEMO_SYNTHETIC
3570,21.805669995353902,80.47536156275144,0,0,unknown,False,,DEMO_SYNTHETIC
3571,21.814704390742012,80.47532864729985,0,0,unknown,False,,DEMO_SYNTHETIC
3572,21.82373877620361,80.47529571474637,0,0,unknown,False,,DEMO_SYNTHETIC
3573,21.832773151735427,80.47526276508621,0,0,unknown,False,,DEMO_SYNTHETIC
3574,21.841807517334175,80.47522979831454,0,0,unknown,False,,DEMO_SYNTHETIC
3575,21.850841872996593,80.4751968144265,0,0,unknown,False,,DEMO_SYNTHETIC
3576,21.859876218719382,80.47516381341728,0,0,unknown,False,,DEMO_SYNTHETIC
3577,21.868910554499283,80.47513079528203,0,0,unknown,False,,DEMO_SYNTHETIC
3578,21.877944880333004,80.47509776001587,0,0,unknown,False,,DEMO_SYNTHETIC
3579,21.886979196217286,80.475064707614,0,0,unknown,False,,DEMO_SYNTHETIC
3580,21.896013502148843,80.47503163807153,0,0,unknown,False,,DEMO_SYNTHETIC
3581,21.905047798124407,80.47499855138364,0,0,unknown,False,,DEMO_SYNTHETIC
3582,21.914082084140702,80.47496544754544,0,0,unknown,False,,DEMO_SYNTHETIC
3583,21.92311636019447,80.47493232655206,0,0,unknown,False,,DEMO_SYNTHETIC
3584,21.93215062628242,80.47489918839868,0,0,unknown,False,,DEMO_SYNTHETIC
3585,21.941184882401302,80.4748660330804,0,0,unknown,False,,DEMO_SYNTHETIC
3586,21.95021912854784,80.47483286059236,0,0,unknown,False,,DEMO_SYNTHETIC
3587,21.959253364718762,80.47479967092967,0,0,unknown,False,,DEMO_SYNTHETIC
3588,21.968287590910816,80.47476646408745,0,0,unknown,False,,DEMO_SYNTHETIC
3589,21.977321807120727,80.47473324006084,0,0,unknown,False,,DEMO_SYNTHETIC
3590,21.98635601334523,80.47469999884495,0,0,unknown,False,,DEMO_SYNTHETIC
3591,21.99539020958107,80.47466674043488,0,0,unknown,False,,DEMO_SYNTHETIC
3592,22.00442439582498,80.47463346482574,0,0,unknown,False,,DEMO_SYNTHETIC
3593,22.013458572073695,80.47460017201266,0,0,unknown,False,,DEMO_SYNTHETIC
3594,22.022492738323965,80.47456686199071,0,0,unknown,False,,DEMO_SYNTHETIC
3595,22.031526894572522,80.474533534755,0,0,unknown,False,,DEMO_SYNTHETIC
3596,22.04056104081611,80.47450019030063,0,0,unknown,False,,DEMO_SYNTHETIC
3597,22.049595177051476,80.4744668286227,0,0,unknown,False,,DEMO_SYNTHETIC
3598,22.058629303275364,80.47443344971627,0,0,unknown,False,,DEMO_SYNTHETIC
3599,22.067663419484514,80.47440005357647,0,0,unknown,False,,DEMO_SYNTHETIC
