{
"type": "FeatureCollection",
"name": "zones",
"crs": { "type": "name", "properties": { "name": "urn:ogc:def:crs:OGC:1.3:CRS84" } },
"features": [
{ "type": "Feature", "properties": { "zone_id": "r00_c00", "lat": 21.655, "lon": 80.055, "n_mineralized_obs": 0, "n_barren_obs": 1, "label_class": "barren", "conflict": false, "label": 0.0, "label_source": "REAL_GEOLOGICAL" }, "geometry": { "type": "Polygon", "coordinates": [ [ [ 80.060031406076703, 21.650034075174059 ], [ 80.05996671239005, 21.660022662934111 ], [ 80.049968248831817, 21.659965756935026 ], [ 80.050033630368162, 21.649977198001874 ], [ 80.060031406076703, 21.650034075174059 ] ] ] } },
{ "type": "Feature", "properties": { "zone_id": "r00_c01", "lat": 21.655, "lon": 80.065, "n_mineralized_obs": 0, "n_barren_obs": 1, "label_class": "barren", "conflict": false, "label": 0.0, "label_source": "REAL_GEOLOGICAL" }, "geometry": { "type": "Polygon", "coordinates": [ [ [ 80.070031076384424, 21.650033759888842 ], [ 80.069967070869922, 21.660022376244232 ], [ 80.059968578532477, 21.659966072372058 ], [ 80.060033271904544, 21.649977484538635 ], [ 80.070031076384424, 21.650033759888842 ] ] ] } },
{ "type": "Feature", "properties": { "zone_id": "r00_c02", "lat": 21.655, "lon": 80.075, "n_mineralized_obs": 0, "n_barren_obs": 1, "label_class": "barren", "conflict": false, "label": 0.0, "label_source": "REAL_GEOLOGICAL" }, "geometry": { "type": "Polygon", "coordinates": [ [ [ 80.080030746538171, 21.650033444755699 ], [ 80.079967429197708, 21.660022089400616 ], [ 80.069968908387168, 21.659966387657057 ], [ 80.07003291359301, 21.64997777122916 ], [ 80.080030746538171, 21.650033444755699 ] ] ] } },
{ "type": "Feature", "properties": { "zone_id": "r00_c03", "lat": 21.655, "lon": 80.085, "n_mineralized_obs": 0, "n_barren_obs": 1, "label_class": "barren", "conflict": false, "label": 0.0, "label_source": "REAL_GEOLOGICAL" }, "geometry": { "type": "Polygon", "coordinates": [ [ [ 80.090030416537928, 21.650033129774606 ], [ 80.089967787373368, 21.660021802403257 ], [ 80.07996923839589, 21.659966702789976 ], [ 80.080032555433533, 21.649978058073408 ], [ 80.090030416537928, 21.650033129774606 ] ] ] } },
{ "type": "Feature", "properties": { "zone_id": "r00_c04", "lat": 21.655, "lon": 80.095, "n_mineralized_obs": 0, "n_barren_obs": 1, "label_class": "barren", "conflict": false, "label": 0.0, "label_source": "REAL_GEOLOGICAL" }, "geometry": { "type": "Polygon", "coordinates": [ [ [ 80.10003008638374, 21.6500328149456 ], [ 80.099968145396929, 21.660021515252172 ], [ 80.089969568558629, 21.659967017770828 ], [ 80.090032197426154, 21.649978345071389 ], [ 80.10003008638374, 21.6500328149456 ] ] ] } },
{ "type": "Feature", "properties": { "zone_id": "r00_c05", "lat": 21.655, "lon": 80.105, "n_mineralized_obs": 0, "n_barren_obs": 1, "label_class": "barren", "conflict": false, "label": 0.0, "label_source": "REAL_GEOLOGICAL" }, "geometry": { "type": "Polygon", "coordinates": [ [ [ 80.110029756075576, 21.65003250026869 ], [ 80.109968503268334, 21.660021227947375 ], [ 80.099969898875372, 21.65996733259961 ], [ 80.10003183957086, 21.649978632223103 ], [ 80.110029756075576, 21.65003250026869 ] ] ] } },
{ "type": "Feature", "properties": { "zone_id": "r00_c06", "lat": 21.655, "lon": 80.115, "n_mineralized_obs": 0, "n_barren_obs": 1, "label_class": "barren", "conflict": false, "label": 0.0, "label_source": "REAL_GEOLOGICAL" }, "geometry": { "type": "Polygon", "coordinates": [ [ [ 80.120029425613438, 21.650032185743871 ], [ 80.119968860987584, 21.660020940488874 ], [ 80.109970229346089, 21.659967647276293 ], [ 80.110031481867665, 21.649978919528518 ], [ 80.120029425613438, 21.650032185743871 ] ] ] } },
{ "type": "Feature", "properties": { "zone_id": "r00_c07", "lat": 21.655, "lon": 80.125, "n_mineralized_obs": 0, "n_barren_obs": 1, "label_class": "barren", "conflict": false, "label": 0.0, "label_source": "REAL_GEOLOGICAL" }, "geometry": { "type": "Polygon", "coordinates": [ [ [ 80.130029094997397, 21.650031871371169 ], [ 80.129969218554706, 21.660020652876671 ], [ 80.11997055997081, 21.659967961800884 ], [ 80.120031124316597, 21.649979206987652 ], [ 80.130029094997397, 21.650031871371169 ] ] ] } },
{ "type": "Feature", "properties": { "zone_id": "r00_c08", "lat": 21.655, "lon": 80.135, "n_mineralized_obs": 0, "n_barren_obs": 1, "label_class": "barren", "conflict": false, "label": 0.0, "label_source": "REAL_GEOLOGICAL" }, "geometry": { "type": "Polygon", "coordinates": [ [ [ 80.140028764227395, 21.650031557150569 ], [ 80.139969575969644, 21.660020365110778 ], [ 80.12997089074949, 21.659968276173363 ], [ 80.130030766917642, 21.649979494600466 ], [ 80.140028764227395, 21.650031557150569 ] ] ] } },
{ "type": "Feature", "properties": { "zone_id": "r00_c09", "lat": 21.655, "lon": 80.145, "n_mineralized_obs": 0, "n_barren_obs": 1, "label_class": "barren", "conflict": false, "label": 0.0, "label_source": "REAL_GEOLOGICAL" }, "geometry": { "type": "Polygon", "coordinates": [ [ [ 80.15002843330349, 21.650031243082111 ], [ 80.149969933232413, 21.660020077191202 ], [ 80.139971221682146, 21.659968590393724 ], [ 80.140030409670814, 21.64997978236697 ], [ 80.15002843330349, 21.650031243082111 ] ] ] } },
{ "type": "Feature", "properties": { "zone_id": "r00_c10", "lat": 21.655, "lon": 80.155, "n_mineralized_obs": 0, "n_barren_obs": 1, "label_class": "barren", "conflict": false, "label": 0.0, "label_source": "REAL_GEOLOGICAL" }, "geometry": { "type": "Polygon", "coordinates": [ [ [ 80.160028102225652, 21.650030929165776 ], [ 80.159970290342983, 21.660019789117953 ], [ 80.149971552768733, 21.659968904461959 ], [ 80.150030052576156, 21.64998007028715 ], [ 80.160028102225652, 21.650030929165776 ] ] ] } },
{ "type": "Feature", "properties": { "zone_id": "r00_c11", "lat": 21.655, "lon": 80.165, "n_mineralized_obs": 0, "n_barren_obs": 1, "label_class": "barren", "conflict": false, "label": 0.0, "label_source": "REAL_GEOLOGICAL" }, "geometry": { "type": "Polygon", "coordinates": [ [ [ 80.170027770993954, 21.650030615401597 ], [ 80.169970647301383, 21.66001950089105 ], [ 80.159971884009295, 21.659969218378055 ], [ 80.160029695633639, 21.64998035836101 ], [ 80.170027770993954, 21.650030615401597 ] ] ] } },
{ "type": "Feature", "properties": { "zone_id": "r00_c12", "lat": 21.655, "lon": 80.175, "n_mineralized_obs": 0, "n_barren_obs": 1, "label_class": "barren", "conflict": false, "label": 0.0, "label_source": "REAL_GEOLOGICAL" }, "geometry": { "type": "Polygon", "coordinates": [ [ [ 80.180027439608324, 21.650030301789567 ], [ 80.179971004107529, 21.660019212510477 ], [ 80.169972215403774, 21.659969532142007 ], [ 80.170029338843293, 21.649980646588524 ], [ 80.180027439608324, 21.650030301789567 ] ] ] } },
{ "type": "Feature", "properties": { "zone_id": "r00_c13", "lat": 21.655, "lon": 80.185, "n_mineralized_obs": 0, "n_barren_obs": 1, "label_class": "barren", "conflict": false, "label": 0.0, "label_source": "REAL_GEOLOGICAL" }, "geometry": { "type": "Polygon", "coordinates": [ [ [ 80.190027108068819, 21.650029988329699 ], [ 80.189971360761476, 21.660018923976253 ], [ 80.179972546952172, 21.659969845753796 ], [ 80.18002898220513, 21.64998093496969 ], [ 80.190027108068819, 21.650029988329699 ] ] ] } },
{ "type": "Feature", "properties": { "zone_id": "r00_c14", "lat": 21.655, "lon": 80.195, "n_mineralized_obs": 0, "n_barren_obs": 1, "label_class": "barren", "conflict": false, "label": 0.0, "label_source": "REAL_GEOLOGICAL" }, "geometry": { "type": "Polygon", "coordinates": [ [ [ 80.200026776375452, 21.650029675022004 ], [ 80.199971717263196, 21.660018635288399 ], [ 80.189972878654487, 21.659970159213429 ], [ 80.190028625719137, 21.649981223504508 ], [ 80.200026776375452, 21.650029675022004 ] ] ] } },
{ "type": "Feature", "properties": { "zone_id": "r00_c15", "lat": 21.655, "lon": 80.205, "n_mineralized_obs": 0, "n_barren_obs": 1, "label_class": "barren", "conflict": false, "label": 0.0, "label_source": "REAL_GEOLOGICAL" }, "geometry": { "type": "Polygon", "coordinates": [ [ [ 80.210026444528211, 21.650029361866501 ], [ 80.209972073612661, 21.660018346446911 ], [ 80.199973210510706, 21.659970472520879 ], [ 80.200028269385371, 21.649981512192955 ], [ 80.210026444528211, 21.650029361866501 ] ] ] } },
{ "type": "Feature", "properties": { "zone_id": "r00_c16", "lat": 21.655, "lon": 80.215, "n_mineralized_obs": 0, "n_barren_obs": 1, "label_class": "barren", "conflict": false, "label": 0.0, "label_source": "REAL_GEOLOGICAL" }, "geometry": { "type": "Polygon", "coordinates": [ [ [ 80.220026112527151, 21.650029048863178 ], [ 80.2199724298099, 21.660018057451808 ], [ 80.209973542520842, 21.659970785676144 ], [ 80.210027913203817, 21.649981801035025 ], [ 80.220026112527151, 21.650029048863178 ] ] ] } },
{ "type": "Feature", "properties": { "zone_id": "r00_c17", "lat": 21.655, "lon": 80.225, "n_mineralized_obs": 0, "n_barren_obs": 1, "label_class": "barren", "conflict": false, "label": 0.0, "label_source": "REAL_GEOLOGICAL" }, "geometry": { "type": "Polygon", "coordinates": [ [ [ 80.230025780372202, 21.650028736012061 ], [ 80.229972785854855, 21.660017768303089 ], [ 80.219973874684825, 21.659971098679222 ], [ 80.220027557174447, 21.649982090030711 ], [ 80.230025780372202, 21.650028736012061 ] ] ] } },
{ "type": "Feature", "properties": { "zone_id": "r00_c18", "lat": 21.655, "lon": 80.235, "n_mineralized_obs": 0, "n_barren_obs": 1, "label_class": "barren", "conflict": false, "label": 0.0, "label_source": "REAL_GEOLOGICAL" }, "geometry": { "type": "Polygon", "coordinates": [ [ [ 80.240025448063449, 21.650028423313159 ], [ 80.239973141747527, 21.660017479000768 ], [ 80.229974207002698, 21.659971411530094 ], [ 80.230027201297332, 21.649982379180017 ], [ 80.240025448063449, 21.650028423313159 ] ] ] } },
{ "type": "Feature", "properties": { "zone_id": "r00_c19", "lat": 21.655, "lon": 80.245, "n_mineralized_obs": 0, "n_barren_obs": 1, "label_class": "barren", "conflict": false, "label": 0.0, "label_source": "REAL_GEOLOGICAL" }, "geometry": { "type": "Polygon", "coordinates": [ [ [ 80.250025115600877, 21.650028110766474 ], [ 80.249973497487957, 21.660017189544849 ], [ 80.239974539474446, 21.659971724228765 ], [ 80.240026845572487, 21.649982668482917 ], [ 80.250025115600877, 21.650028110766474 ] ] ] } },
{ "type": "Feature", "properties": { "zone_id": "r00_c20", "lat": 21.655, "lon": 80.255, "n_mineralized_obs": 0, "n_barren_obs": 1, "label_class": "barren", "conflict": false, "label": 0.0, "label_source": "REAL_GEOLOGICAL" }, "geometry": { "type": "Polygon", "coordinates": [ [ [ 80.260024782984473, 21.650027798372022 ], [ 80.259973853076033, 21.660016899935343 ], [ 80.249974872100026, 21.659972036775205 ], [ 80.25002648999984, 21.649982957939411 ], [ 80.260024782984473, 21.650027798372022 ] ] ] } },
{ "type": "Feature", "properties": { "zone_id": "r00_c21", "lat": 21.655, "lon": 80.265, "n_mineralized_obs": 0, "n_barren_obs": 1, "label_class": "barren", "conflict": false, "label": 0.0, "label_source": "REAL_GEOLOGICAL" }, "geometry": { "type": "Polygon", "coordinates": [ [ [ 80.270024450214279, 21.650027486129805 ], [ 80.269974208511854, 21.660016610172253 ], [ 80.259975204879467, 21.659972349169408 ], [ 80.260026134579505, 21.649983247549486 ], [ 80.270024450214279, 21.650027486129805 ] ] ] } },
{ "type": "Feature", "properties": { "zone_id": "r00_c22", "lat": 21.655, "lon": 80.275, "n_mineralized_obs": 0, "n_barren_obs": 1, "label_class": "barren", "conflict": false, "label": 0.0, "label_source": "REAL_GEOLOGICAL" }, "geometry": { "type": "Polygon", "coordinates": [ [ [ 80.280024117290296, 21.650027174039842 ], [ 80.279974563795335, 21.660016320255608 ], [ 80.269975537812741, 21.659972661411381 ], [ 80.270025779311425, 21.64998353731314 ], [ 80.280024117290296, 21.650027174039842 ] ] ] } },
{ "type": "Feature", "properties": { "zone_id": "r00_c23", "lat": 21.655, "lon": 80.285, "n_mineralized_obs": 0, "n_barren_obs": 1, "label_class": "barren", "conflict": false, "label": 0.0, "label_source": "REAL_GEOLOGICAL" }, "geometry": { "type": "Polygon", "coordinates": [ [ [ 80.290023784212522, 21.650026862102134 ], [ 80.289974918926475, 21.6600160301854 ], [ 80.279975870899818, 21.659972973501102 ], [ 80.280025424195614, 21.649983827230361 ], [ 80.290023784212522, 21.650026862102134 ] ] ] } },
{ "type": "Feature", "properties": { "zone_id": "r00_c24", "lat": 21.655, "lon": 80.295, "n_mineralized_obs": 0, "n_barren_obs": 1, "label_class": "barren", "conflict": false, "label": 0.0, "label_source": "REAL_GEOLOGICAL" }, "geometry": { "type": "Polygon", "coordinates": [ [ [ 80.300023450981001, 21.650026550316689 ], [ 80.299975273905304, 21.660015739961636 ], [ 80.289976204140729, 21.659973285438561 ], [ 80.290025069232129, 21.649984117301134 ], [ 80.300023450981001, 21.650026550316689 ] ] ] } },
{ "type": "Feature", "properties": { "zone_id": "r00_c25", "lat": 21.655, "lon": 80.305, "n_mineralized_obs": 0, "n_barren_obs": 1, "label_class": "barren", "conflict": false, "label": 0.0, "label_source": "REAL_GEOLOGICAL" }, "geometry": { "type": "Polygon", "coordinates": [ [ [ 80.310023117595691, 21.65002623868353 ], [ 80.309975628731777, 21.660015449584328 ], [ 80.299976537535443, 21.659973597223754 ], [ 80.300024714420942, 21.649984407525462 ], [ 80.310023117595691, 21.65002623868353 ] ] ] } },
{ "type": "Feature", "properties": { "zone_id": "r00_c26", "lat": 21.655, "lon": 80.315, "n_mineralized_obs": 0, "n_barren_obs": 1, "label_class": "barren", "conflict": false, "label": 0.0, "label_source": "REAL_GEOLOGICAL" }, "geometry": { "type": "Polygon", "coordinates": [ [ [ 80.320022784056633, 21.650025927202648 ], [ 80.319975983405882, 21.660015159053486 ], [ 80.309976871083947, 21.659973908856664 ], [ 80.310024359762068, 21.649984697903314 ], [ 80.320022784056633, 21.650025927202648 ] ] ] } },
{ "type": "Feature", "properties": { "zone_id": "r00_c27", "lat": 21.655, "lon": 80.325, "n_mineralized_obs": 0, "n_barren_obs": 1, "label_class": "barren", "conflict": false, "label": 0.0, "label_source": "REAL_GEOLOGICAL" }, "geometry": { "type": "Polygon", "coordinates": [ [ [ 80.330022450363828, 21.65002561587406 ], [ 80.329976337927633, 21.660014868369117 ], [ 80.319977204786255, 21.659974220337286 ], [ 80.320024005255505, 21.649984988434706 ], [ 80.330022450363828, 21.65002561587406 ] ] ] } },
{ "type": "Feature", "properties": { "zone_id": "r00_c28", "lat": 21.655, "lon": 80.335, "n_mineralized_obs": 0, "n_barren_obs": 1, "label_class": "barren", "conflict": false, "label": 0.0, "label_source": "REAL_GEOLOGICAL" }, "geometry": { "type": "Polygon", "coordinates": [ [ [ 80.340022116517289, 21.650025304697785 ], [ 80.339976692296986, 21.660014577531236 ], [ 80.329977538642297, 21.659974531665625 ], [ 80.330023650901296, 21.649985279119623 ], [ 80.340022116517289, 21.650025304697785 ] ] ] } },
{ "type": "Feature", "properties": { "zone_id": "r00_c29", "lat": 21.655, "lon": 80.345, "n_mineralized_obs": 0, "n_barren_obs": 1, "label_class": "barren", "conflict": false, "label": 0.0, "label_source": "REAL_GEOLOGICAL" }, "geometry": { "type": "Polygon", "coordinates": [ [ [ 80.350021782517061, 21.650024993673817 ], [ 80.349977046513956, 21.660014286539841 ], [ 80.339977872652128, 21.659974842841638 ], [ 80.340023296699442, 21.649985569958051 ], [ 80.350021782517061, 21.650024993673817 ] ] ] } },
{ "type": "Feature", "properties": { "zone_id": "r01_c00", "lat": 21.665, "lon": 80.055, "n_mineralized_obs": 0, "n_barren_obs": 1, "label_class": "barren", "conflict": false, "label": 0.0, "label_source": "REAL_GEOLOGICAL" }, "geometry": { "type": "Polygon", "coordinates": [ [ [ 80.06003142052046, 21.660034091652676 ], [ 80.059966693935863, 21.670022667393333 ], [ 80.049968234211889, 21.669965740399896 ], [ 80.050033648995679, 21.659977193486 ], [ 80.06003142052046, 21.660034091652676 ] ] ] } },
{ "type": "Feature", "properties": { "zone_id": "r01_c01", "lat": 21.665, "lon": 80.065, "n_mineralized_obs": 0, "n_barren_obs": 1, "label_class": "barren", "conflict": false, "label": 0.0, "label_source": "REAL_GEOLOGICAL" }, "geometry": { "type": "Polygon", "coordinates": [ [ [ 80.070031090653202, 21.660033776256423 ], [ 80.069967052590698, 21.67002238059235 ], [ 80.059968564087541, 21.669966055947963 ], [ 80.060033290357126, 21.659977480133865 ], [ 80.070031090653202, 21.660033776256423 ] ] ] } },
{ "type": "Feature", "properties": { "zone_id": "r01_c02", "lat": 21.665, "lon": 80.075, "n_mineralized_obs": 0, "n_barren_obs": 1, "label_class": "barren", "conflict": false, "label": 0.0, "label_source": "REAL_GEOLOGICAL" }, "geometry": { "type": "Polygon", "coordinates": [ [ [ 80.080030760631971, 21.660033461012233 ], [ 80.079967411093435, 21.67002209363762 ], [ 80.069968894117252, 21.669966371343993 ], [ 80.070032931870657, 21.659977766935491 ], [ 80.080030760631971, 21.660033461012233 ] ] ] } },
{ "type": "Feature", "properties": { "zone_id": "r01_c03", "lat": 21.665, "lon": 80.085, "n_mineralized_obs": 0, "n_barren_obs": 1, "label_class": "barren", "conflict": false, "label": 0.0, "label_source": "REAL_GEOLOGICAL" }, "geometry": { "type": "Polygon", "coordinates": [ [ [ 80.090030430456721, 21.660033145920117 ], [ 80.089967769444058, 21.670021806529157 ], [ 80.079969224300953, 21.669966686587955 ], [ 80.080032573536243, 21.65997805389086 ], [ 80.090030430456721, 21.660033145920117 ] ] ] } },
{ "type": "Feature", "properties": { "zone_id": "r01_c04", "lat": 21.665, "lon": 80.095, "n_mineralized_obs": 0, "n_barren_obs": 1, "label_class": "barren", "conflict": false, "label": 0.0, "label_source": "REAL_GEOLOGICAL" }, "geometry": { "type": "Polygon", "coordinates": [ [ [ 80.10003010012754, 21.660032830980079 ], [ 80.099968127642569, 21.670021519266971 ], [ 80.089969554638714, 21.669967001679844 ], [ 80.090032215353929, 21.659978340999956 ], [ 80.10003010012754, 21.660032830980079 ] ] ] } },
{ "type": "Feature", "properties": { "zone_id": "r01_c05", "lat": 21.665, "lon": 80.105, "n_mineralized_obs": 0, "n_barren_obs": 1, "label_class": "barren", "conflict": false, "label": 0.0, "label_source": "REAL_GEOLOGICAL" }, "geometry": { "type": "Polygon", "coordinates": [ [ [ 80.110029769644385, 21.660032516192121 ], [ 80.109968485688938, 21.670021231851063 ], [ 80.099969885130449, 21.669967316619662 ], [ 80.100031857323685, 21.65997862826277 ], [ 80.110029769644385, 21.660032516192121 ] ] ] } },
{ "type": "Feature", "properties": { "zone_id": "r01_c06", "lat": 21.665, "lon": 80.115, "n_mineralized_obs": 0, "n_barren_obs": 1, "label_class": "barren", "conflict": false, "label": 0.0, "label_source": "REAL_GEOLOGICAL" }, "geometry": { "type": "Polygon", "coordinates": [ [ [ 80.12002943900724, 21.660032201556273 ], [ 80.119968843583138, 21.670020944281458 ], [ 80.109970215776173, 21.669967631407385 ], [ 80.110031499445526, 21.659978915679297 ], [ 80.12002943900724, 21.660032201556273 ] ] ] } },
{ "type": "Feature", "properties": { "zone_id": "r01_c07", "lat": 21.665, "lon": 80.125, "n_mineralized_obs": 0, "n_barren_obs": 1, "label_class": "barren", "conflict": false, "label": 0.0, "label_source": "REAL_GEOLOGICAL" }, "geometry": { "type": "Polygon", "coordinates": [ [ [ 80.13002910821622, 21.66003188707252 ], [ 80.129969201325224, 21.670020656558137 ], [ 80.1199705465759, 21.669967946043009 ], [ 80.120031141719522, 21.659979203249527 ], [ 80.13002910821622, 21.66003188707252 ] ] ] } },
{ "type": "Feature", "properties": { "zone_id": "r01_c08", "lat": 21.665, "lon": 80.135, "n_mineralized_obs": 0, "n_barren_obs": 1, "label_class": "barren", "conflict": false, "label": 0.0, "label_source": "REAL_GEOLOGICAL" }, "geometry": { "type": "Polygon", "coordinates": [ [ [ 80.140028777271226, 21.660031572740891 ], [ 80.139969558915126, 21.670020368681143 ], [ 80.129970877529587, 21.669968260526534 ], [ 80.130030784145617, 21.659979490973463 ], [ 80.140028777271226, 21.660031572740891 ] ] ] } },
{ "type": "Feature", "properties": { "zone_id": "r01_c09", "lat": 21.665, "lon": 80.145, "n_mineralized_obs": 0, "n_barren_obs": 1, "label_class": "barren", "conflict": false, "label": 0.0, "label_source": "REAL_GEOLOGICAL" }, "geometry": { "type": "Polygon", "coordinates": [ [ [ 80.150028446172314, 21.660031258561382 ], [ 80.149969916352845, 21.670020080650453 ], [ 80.139971208637249, 21.669968574857926 ], [ 80.140030426723868, 21.659979778851074 ], [ 80.150028446172314, 21.660031258561382 ] ] ] } },
{ "type": "Feature", "properties": { "zone_id": "r01_c10", "lat": 21.665, "lon": 80.155, "n_mineralized_obs": 0, "n_barren_obs": 1, "label_class": "barren", "conflict": false, "label": 0.0, "label_source": "REAL_GEOLOGICAL" }, "geometry": { "type": "Polygon", "coordinates": [ [ [ 80.160028114919513, 21.660030944534007 ], [ 80.159970273638379, 21.670019792466096 ], [ 80.149971539898857, 21.6699688890372 ], [ 80.150030069454246, 21.659980066882362 ], [ 80.160028114919513, 21.660030944534007 ] ] ] } },
{ "type": "Feature", "properties": { "zone_id": "r01_c11", "lat": 21.665, "lon": 80.165, "n_mineralized_obs": 0, "n_barren_obs": 1, "label_class": "barren", "conflict": false, "label": 0.0, "label_source": "REAL_GEOLOGICAL" }, "geometry": { "type": "Polygon", "coordinates": [ [ [ 80.170027783512793, 21.660030630658778 ], [ 80.169970630771729, 21.670019504128067 ], [ 80.159971871314426, 21.669969203064333 ], [ 80.160029712336808, 21.659980355067322 ], [ 80.170027783512793, 21.660030630658778 ] ] ] } },
{ "type": "Feature", "properties": { "zone_id": "r01_c12", "lat": 21.665, "lon": 80.175, "n_mineralized_obs": 0, "n_barren_obs": 1, "label_class": "barren", "conflict": false, "label": 0.0, "label_source": "REAL_GEOLOGICAL" }, "geometry": { "type": "Polygon", "coordinates": [ [ [ 80.180027451952171, 21.660030316935714 ], [ 80.179970987752853, 21.670019215636401 ], [ 80.169972202883898, 21.669969516939329 ], [ 80.170029355371511, 21.659980643405955 ], [ 80.180027451952171, 21.660030316935714 ] ] ] } },
{ "type": "Feature", "properties": { "zone_id": "r01_c13", "lat": 21.665, "lon": 80.185, "n_mineralized_obs": 0, "n_barren_obs": 1, "label_class": "barren", "conflict": false, "label": 0.0, "label_source": "REAL_GEOLOGICAL" }, "geometry": { "type": "Polygon", "coordinates": [ [ [ 80.190027120237687, 21.660030003364806 ], [ 80.189971344581764, 21.670018926991069 ], [ 80.179972534607302, 21.669969830662168 ], [ 80.180028998558385, 21.659980931898229 ], [ 80.190027120237687, 21.660030003364806 ] ] ] } },
{ "type": "Feature", "properties": { "zone_id": "r01_c14", "lat": 21.665, "lon": 80.195, "n_mineralized_obs": 0, "n_barren_obs": 1, "label_class": "barren", "conflict": false, "label": 0.0, "label_source": "REAL_GEOLOGICAL" }, "geometry": { "type": "Polygon", "coordinates": [ [ [ 80.200026788369314, 21.660029689946068 ], [ 80.199971701258448, 21.670018638192115 ], [ 80.189972866484638, 21.669970144232838 ], [ 80.190028641897456, 21.65998122054415 ], [ 80.200026788369314, 21.660029689946068 ] ] ] } },
{ "type": "Feature", "properties": { "zone_id": "r01_c15", "lat": 21.665, "lon": 80.205, "n_mineralized_obs": 0, "n_barren_obs": 1, "label_class": "barren", "conflict": false, "label": 0.0, "label_source": "REAL_GEOLOGICAL" }, "geometry": { "type": "Polygon", "coordinates": [ [ [ 80.210026456347094, 21.660029376679518 ], [ 80.209972057782892, 21.670018349239523 ], [ 80.199973198515849, 21.669970457651338 ], [ 80.20002828538874, 21.659981509343705 ], [ 80.210026456347094, 21.660029376679518 ] ] ] } },
{ "type": "Feature", "properties": { "zone_id": "r01_c16", "lat": 21.665, "lon": 80.215, "n_mineralized_obs": 0, "n_barren_obs": 1, "label_class": "barren", "conflict": false, "label": 0.0, "label_source": "REAL_GEOLOGICAL" }, "geometry": { "type": "Polygon", "coordinates": [ [ [ 80.220026124171014, 21.660029063565158 ], [ 80.219972414155094, 21.670018060133312 ], [ 80.209973530700992, 21.669970770917651 ], [ 80.210027929032222, 21.659981798296883 ], [ 80.220026124171014, 21.660029063565158 ] ] ] } },
{ "type": "Feature", "properties": { "zone_id": "r01_c17", "lat": 21.665, "lon": 80.225, "n_mineralized_obs": 0, "n_barren_obs": 1, "label_class": "barren", "conflict": false, "label": 0.0, "label_source": "REAL_GEOLOGICAL" }, "geometry": { "type": "Polygon", "coordinates": [ [ [ 80.230025791841086, 21.660028750602997 ], [ 80.229972770374999, 21.670017770873482 ], [ 80.219973863039996, 21.669971084031776 ], [ 80.220027572827917, 21.659982087403684 ], [ 80.230025791841086, 21.660028750602997 ] ] ] } },
{ "type": "Feature", "properties": { "zone_id": "r01_c18", "lat": 21.665, "lon": 80.235, "n_mineralized_obs": 0, "n_barren_obs": 1, "label_class": "barren", "conflict": false, "label": 0.0, "label_source": "REAL_GEOLOGICAL" }, "geometry": { "type": "Polygon", "coordinates": [ [ [ 80.240025459357327, 21.660028437793038 ], [ 80.239973126442649, 21.670017481460047 ], [ 80.229974195532861, 21.669971396993692 ], [ 80.230027216775852, 21.659982376664086 ], [ 80.240025459357327, 21.660028437793038 ] ] ] } },
{ "type": "Feature", "properties": { "zone_id": "r01_c19", "lat": 21.665, "lon": 80.245, "n_mineralized_obs": 0, "n_barren_obs": 1, "label_class": "barren", "conflict": false, "label": 0.0, "label_source": "REAL_GEOLOGICAL" }, "geometry": { "type": "Polygon", "coordinates": [ [ [ 80.250025126719763, 21.660028125135309 ], [ 80.249973482358044, 21.670017191893027 ], [ 80.239974528179616, 21.669971709803402 ], [ 80.240026860876043, 21.659982666078097 ], [ 80.250025126719763, 21.660028125135309 ] ] ] } },
{ "type": "Feature", "properties": { "zone_id": "r01_c20", "lat": 21.665, "lon": 80.255, "n_mineralized_obs": 0, "n_barren_obs": 1, "label_class": "barren", "conflict": false, "label": 0.0, "label_source": "REAL_GEOLOGICAL" }, "geometry": { "type": "Polygon", "coordinates": [ [ [ 80.260024793928366, 21.66002781262981 ], [ 80.259973838121098, 21.670016902172414 ], [ 80.249974860980217, 21.669972022460886 ], [ 80.250026505128446, 21.659982955645702 ], [ 80.260024793928366, 21.66002781262981 ] ] ] } },
{ "type": "Feature", "properties": { "zone_id": "r01_c21", "lat": 21.665, "lon": 80.265, "n_mineralized_obs": 0, "n_barren_obs": 1, "label_class": "barren", "conflict": false, "label": 0.0, "label_source": "REAL_GEOLOGICAL" }, "geometry": { "type": "Polygon", "coordinates": [ [ [ 80.270024460983194, 21.660027500276541 ], [ 80.269974193731883, 21.670016612298227 ], [ 80.259975193934665, 21.669972334966143 ], [ 80.260026149533161, 21.659983245366885 ], [ 80.270024460983194, 21.660027500276541 ] ] ] } },
{ "type": "Feature", "properties": { "zone_id": "r01_c22", "lat": 21.665, "lon": 80.275, "n_mineralized_obs": 0, "n_barren_obs": 1, "label_class": "barren", "conflict": false, "label": 0.0, "label_source": "REAL_GEOLOGICAL" }, "geometry": { "type": "Polygon", "coordinates": [ [ [ 80.280024127884218, 21.660027188075528 ], [ 80.279974549190328, 21.670016322270467 ], [ 80.269975527042945, 21.669972647319163 ], [ 80.270025794090131, 21.659983535241647 ], [ 80.280024127884218, 21.660027188075528 ] ] ] } },
{ "type": "Feature", "properties": { "zone_id": "r01_c23", "lat": 21.665, "lon": 80.285, "n_mineralized_obs": 0, "n_barren_obs": 1, "label_class": "barren", "conflict": false, "label": 0.0, "label_source": "REAL_GEOLOGICAL" }, "geometry": { "type": "Polygon", "coordinates": [ [ [ 80.290023794631423, 21.66002687602677 ], [ 80.289974904496447, 21.670016032089148 ], [ 80.279975860305044, 21.669972959519924 ], [ 80.28002543879937, 21.659983825269965 ], [ 80.290023794631423, 21.66002687602677 ] ] ] } },
{ "type": "Feature", "properties": { "zone_id": "r01_c24", "lat": 21.665, "lon": 80.295, "n_mineralized_obs": 0, "n_barren_obs": 1, "label_class": "barren", "conflict": false, "label": 0.0, "label_source": "REAL_GEOLOGICAL" }, "geometry": { "type": "Polygon", "coordinates": [ [ [ 80.30002346122491, 21.660026564130277 ], [ 80.299975259650253, 21.670015741754284 ], [ 80.28997619372096, 21.669973271568434 ], [ 80.290025083660936, 21.659984115451849 ], [ 80.30002346122491, 21.660026564130277 ] ] ] } },
{ "type": "Feature", "properties": { "zone_id": "r01_c25", "lat": 21.665, "lon": 80.305, "n_mineralized_obs": 0, "n_barren_obs": 1, "label_class": "barren", "conflict": false, "label": 0.0, "label_source": "REAL_GEOLOGICAL" }, "geometry": { "type": "Polygon", "coordinates": [ [ [ 80.310023127664621, 21.660026252386064 ], [ 80.309975614651691, 21.670015451265868 ], [ 80.299976527290681, 21.669973583464678 ], [ 80.300024728674785, 21.659984405787281 ], [ 80.310023127664621, 21.660026252386064 ] ] ] } },
{ "type": "Feature", "properties": { "zone_id": "r01_c26", "lat": 21.665, "lon": 80.315, "n_mineralized_obs": 0, "n_barren_obs": 1, "label_class": "barren", "conflict": false, "label": 0.0, "label_source": "REAL_GEOLOGICAL" }, "geometry": { "type": "Polygon", "coordinates": [ [ [ 80.320022793950571, 21.660025940794139 ], [ 80.319975969500774, 21.670015160623922 ], [ 80.309976861014192, 21.669973895208646 ], [ 80.310024373840946, 21.659984696276247 ], [ 80.320022793950571, 21.660025940794139 ] ] ] } },
{ "type": "Feature", "properties": { "zone_id": "r01_c27", "lat": 21.665, "lon": 80.325, "n_mineralized_obs": 0, "n_barren_obs": 1, "label_class": "barren", "conflict": false, "label": 0.0, "label_source": "REAL_GEOLOGICAL" }, "geometry": { "type": "Polygon", "coordinates": [ [ [ 80.330022460082773, 21.6600256293545 ], [ 80.329976324197489, 21.670014869828453 ], [ 80.319977194891493, 21.669974206800326 ], [ 80.320024019159447, 21.659984986918751 ], [ 80.330022460082773, 21.6600256293545 ] ] ] } },
{ "type": "Feature", "properties": { "zone_id": "r01_c28", "lat": 21.665, "lon": 80.335, "n_mineralized_obs": 0, "n_barren_obs": 1, "label_class": "barren", "conflict": false, "label": 0.0, "label_source": "REAL_GEOLOGICAL" }, "geometry": { "type": "Polygon", "coordinates": [ [ [ 80.340022126061228, 21.660025318067166 ], [ 80.339976678741806, 21.670014578879464 ], [ 80.329977528922555, 21.669974518239709 ], [ 80.330023664630261, 21.659985277714771 ], [ 80.340022126061228, 21.660025318067166 ] ] ] } },
{ "type": "Feature", "properties": { "zone_id": "r01_c29", "lat": 21.665, "lon": 80.345, "n_mineralized_obs": 0, "n_barren_obs": 1, "label_class": "barren", "conflict": false, "label": 0.0, "label_source": "REAL_GEOLOGICAL" }, "geometry": { "type": "Polygon", "coordinates": [ [ [ 80.350021791886007, 21.660025006932141 ], [ 80.349977033133754, 21.670014287776958 ], [ 80.339977863107407, 21.66997482952678 ], [ 80.340023310253457, 21.659985568664304 ], [ 80.350021791886007, 21.660025006932141 ] ] ] } },
{ "type": "Feature", "properties": { "zone_id": "r02_c00", "lat": 21.675, "lon": 80.055, "n_mineralized_obs": 0, "n_barren_obs": 1, "label_class": "barren", "conflict": false, "label": 0.0, "label_source": "REAL_GEOLOGICAL" }, "geometry": { "type": "Polygon", "coordinates": [ [ [ 80.060031434965751, 21.670034108130011 ], [ 80.059966675478677, 21.680022671846842 ], [ 80.049968219590383, 21.679965723866054 ], [ 80.050033667626224, 21.669977188975849 ], [ 80.060031434965751, 21.670034108130011 ] ] ] } },
{ "type": "Feature", "properties": { "zone_id": "r02_c01", "lat": 21.675, "lon": 80.065, "n_mineralized_obs": 0, "n_barren_obs": 1, "label_class": "barren", "conflict": false, "label": 0.0, "label_source": "REAL_GEOLOGICAL" }, "geometry": { "type": "Polygon", "coordinates": [ [ [ 80.070031104923473, 21.670033792622768 ], [ 80.069967034308476, 21.680022384934787 ], [ 80.05996854964107, 21.679966039525127 ], [ 80.060033308812706, 21.6699774757348 ], [ 80.070031104923473, 21.670033792622768 ] ] ] } },
{ "type": "Feature", "properties": { "zone_id": "r02_c02", "lat": 21.675, "lon": 80.075, "n_mineralized_obs": 0, "n_barren_obs": 1, "label_class": "barren", "conflict": false, "label": 0.0, "label_source": "REAL_GEOLOGICAL" }, "geometry": { "type": "Polygon", "coordinates": [ [ [ 80.08003077472722, 21.670033477267584 ], [ 80.079967392986205, 21.680022097868985 ], [ 80.069968879845817, 21.679966355032146 ], [ 80.070032950151273, 21.669977762647498 ], [ 80.08003077472722, 21.670033477267584 ] ] ] } },
{ "type": "Feature", "properties": { "zone_id": "r02_c03", "lat": 21.675, "lon": 80.085, "n_mineralized_obs": 0, "n_barren_obs": 1, "label_class": "barren", "conflict": false, "label": 0.0, "label_source": "REAL_GEOLOGICAL" }, "geometry": { "type": "Polygon", "coordinates": [ [ [ 80.090030444376964, 21.670033162064463 ], [ 80.089967751511807, 21.68002181064945 ], [ 80.079969210204567, 21.67996667038711 ], [ 80.080032591641896, 21.669978049713936 ], [ 80.090030444376964, 21.670033162064463 ] ] ] } },
{ "type": "Feature", "properties": { "zone_id": "r02_c04", "lat": 21.675, "lon": 80.095, "n_mineralized_obs": 0, "n_barren_obs": 1, "label_class": "barren", "conflict": false, "label": 0.0, "label_source": "REAL_GEOLOGICAL" }, "geometry": { "type": "Polygon", "coordinates": [ [ [ 80.100030113872762, 21.670032847013417 ], [ 80.099968109885296, 21.680021523276181 ], [ 80.089969540717334, 21.679966985589999 ], [ 80.090032233284603, 21.669978336934097 ], [ 80.100030113872762, 21.670032847013417 ] ] ] } },
{ "type": "Feature", "properties": { "zone_id": "r02_c05", "lat": 21.675, "lon": 80.105, "n_mineralized_obs": 0, "n_barren_obs": 1, "label_class": "barren", "conflict": false, "label": 0.0, "label_source": "REAL_GEOLOGICAL" }, "geometry": { "type": "Polygon", "coordinates": [ [ [ 80.110029783214586, 21.670032532114465 ], [ 80.109968468106658, 21.680021235749216 ], [ 80.099969871384104, 21.679967300640818 ], [ 80.100031875079409, 21.669978624307987 ], [ 80.110029783214586, 21.670032532114465 ] ] ] } },
{ "type": "Feature", "properties": { "zone_id": "r02_c06", "lat": 21.675, "lon": 80.115, "n_mineralized_obs": 0, "n_barren_obs": 1, "label_class": "barren", "conflict": false, "label": 0.0, "label_source": "REAL_GEOLOGICAL" }, "geometry": { "type": "Polygon", "coordinates": [ [ [ 80.120029452402449, 21.670032217367606 ], [ 80.119968826175835, 21.680020948068531 ], [ 80.109970202204863, 21.679967615539539 ], [ 80.1100315170263, 21.669978911835589 ], [ 80.120029452402449, 21.670032217367606 ] ] ] } },
{ "type": "Feature", "properties": { "zone_id": "r02_c07", "lat": 21.675, "lon": 80.125, "n_mineralized_obs": 0, "n_barren_obs": 1, "label_class": "barren", "conflict": false, "label": 0.0, "label_source": "REAL_GEOLOGICAL" }, "geometry": { "type": "Polygon", "coordinates": [ [ [ 80.130029121436394, 21.670031902772859 ], [ 80.1299691840929, 21.680020660234153 ], [ 80.119970533179625, 21.679967930286164 ], [ 80.120031159125318, 21.669979199516892 ], [ 80.130029121436394, 21.670031902772859 ] ] ] } },
{ "type": "Feature", "properties": { "zone_id": "r02_c08", "lat": 21.675, "lon": 80.135, "n_mineralized_obs": 0, "n_barren_obs": 1, "label_class": "barren", "conflict": false, "label": 0.0, "label_source": "REAL_GEOLOGICAL" }, "geometry": { "type": "Polygon", "coordinates": [ [ [ 80.140028790316393, 21.670031588330229 ], [ 80.139969541857795, 21.680020372246073 ], [ 80.129970864308348, 21.679968244880683 ], [ 80.130030801376464, 21.669979487351895 ], [ 80.140028790316393, 21.670031588330229 ] ] ] } },
{ "type": "Feature", "properties": { "zone_id": "r02_c09", "lat": 21.675, "lon": 80.145, "n_mineralized_obs": 0, "n_barren_obs": 1, "label_class": "barren", "conflict": false, "label": 0.0, "label_source": "REAL_GEOLOGICAL" }, "geometry": { "type": "Polygon", "coordinates": [ [ [ 80.15002845904246, 21.670031274039719 ], [ 80.149969899470506, 21.680020084104328 ], [ 80.139971195591031, 21.679968559323093 ], [ 80.140030443779722, 21.669979775340575 ], [ 80.15002845904246, 21.670031274039719 ] ] ] } },
{ "type": "Feature", "properties": { "zone_id": "r02_c10", "lat": 21.675, "lon": 80.155, "n_mineralized_obs": 0, "n_barren_obs": 1, "label_class": "barren", "conflict": false, "label": 0.0, "label_source": "REAL_GEOLOGICAL" }, "geometry": { "type": "Polygon", "coordinates": [ [ [ 80.160028127614623, 21.670030959901339 ], [ 80.159970256931018, 21.680019795808892 ], [ 80.149971527027674, 21.679968873613362 ], [ 80.15003008633515, 21.669980063482942 ], [ 80.160028127614623, 21.670030959901339 ] ] ] } },
{ "type": "Feature", "properties": { "zone_id": "r02_c11", "lat": 21.675, "lon": 80.165, "n_mineralized_obs": 0, "n_barren_obs": 1, "label_class": "barren", "conflict": false, "label": 0.0, "label_source": "REAL_GEOLOGICAL" }, "geometry": { "type": "Polygon", "coordinates": [ [ [ 80.170027796032898, 21.670030645915109 ], [ 80.169970614239361, 21.680019507359802 ], [ 80.159971858618263, 21.679969187751503 ], [ 80.160029729042719, 21.669980351778975 ], [ 80.170027796032898, 21.670030645915109 ] ] ] } },
{ "type": "Feature", "properties": { "zone_id": "r02_c12", "lat": 21.675, "lon": 80.175, "n_mineralized_obs": 0, "n_barren_obs": 1, "label_class": "barren", "conflict": false, "label": 0.0, "label_source": "REAL_GEOLOGICAL" }, "geometry": { "type": "Polygon", "coordinates": [ [ [ 80.180027464297268, 21.670030332081026 ], [ 80.179970971395463, 21.680019218757046 ], [ 80.16997219036277, 21.679969501737492 ], [ 80.170029371902444, 21.669980640228665 ], [ 80.180027464297268, 21.670030332081026 ] ] ] } },
{ "type": "Feature", "properties": { "zone_id": "r02_c13", "lat": 21.675, "lon": 80.185, "n_mineralized_obs": 0, "n_barren_obs": 1, "label_class": "barren", "conflict": false, "label": 0.0, "label_source": "REAL_GEOLOGICAL" }, "geometry": { "type": "Polygon", "coordinates": [ [ [ 80.190027132407749, 21.670030018399114 ], [ 80.189971328399366, 21.68001893000066 ], [ 80.17997252226121, 21.67996981557134 ], [ 80.180029014914368, 21.669980928832015 ], [ 80.190027132407749, 21.670030018399114 ] ] ] } },
{ "type": "Feature", "properties": { "zone_id": "r02_c14", "lat": 21.675, "lon": 80.195, "n_mineralized_obs": 0, "n_barren_obs": 1, "label_class": "barren", "conflict": false, "label": 0.0, "label_source": "REAL_GEOLOGICAL" }, "geometry": { "type": "Polygon", "coordinates": [ [ [ 80.200026800364355, 21.670029704869375 ], [ 80.199971685251043, 21.680018641090619 ], [ 80.189972854313567, 21.679970129253011 ], [ 80.190028658078461, 21.669981217589005 ], [ 80.200026800364355, 21.670029704869375 ] ] ] } },
{ "type": "Feature", "properties": { "zone_id": "r02_c15", "lat": 21.675, "lon": 80.205, "n_mineralized_obs": 0, "n_barren_obs": 1, "label_class": "barren", "conflict": false, "label": 0.0, "label_source": "REAL_GEOLOGICAL" }, "geometry": { "type": "Polygon", "coordinates": [ [ [ 80.210026468167115, 21.670029391491813 ], [ 80.209972041950465, 21.680018352026963 ], [ 80.199973186519813, 21.679970442782519 ], [ 80.200028301394767, 21.669981506499632 ], [ 80.210026468167115, 21.670029391491813 ] ] ] } },
{ "type": "Feature", "properties": { "zone_id": "r02_c16", "lat": 21.675, "lon": 80.215, "n_mineralized_obs": 0, "n_barren_obs": 1, "label_class": "barren", "conflict": false, "label": 0.0, "label_source": "REAL_GEOLOGICAL" }, "geometry": { "type": "Polygon", "coordinates": [ [ [ 80.220026135816028, 21.670029078266445 ], [ 80.219972398497646, 21.68001806280968 ], [ 80.209973518879991, 21.679970756159847 ], [ 80.210027944863285, 21.669981795563888 ], [ 80.220026135816028, 21.670029078266445 ] ] ] } },
{ "type": "Feature", "properties": { "zone_id": "r02_c17", "lat": 21.675, "lon": 80.225, "n_mineralized_obs": 0, "n_barren_obs": 1, "label_class": "barren", "conflict": false, "label": 0.0, "label_source": "REAL_GEOLOGICAL" }, "geometry": { "type": "Polygon", "coordinates": [ [ [ 80.230025803311094, 21.670028765193273 ], [ 80.229972754892557, 21.680017773438777 ], [ 80.219973851394016, 21.679971069384973 ], [ 80.220027588484001, 21.669982084781754 ], [ 80.230025803311094, 21.670028765193273 ] ] ] } },
{ "type": "Feature", "properties": { "zone_id": "r02_c18", "lat": 21.675, "lon": 80.235, "n_mineralized_obs": 0, "n_barren_obs": 1, "label_class": "barren", "conflict": false, "label": 0.0, "label_source": "REAL_GEOLOGICAL" }, "geometry": { "type": "Polygon", "coordinates": [ [ [ 80.240025470652313, 21.670028452272312 ], [ 80.2399731111352, 21.680017483914284 ], [ 80.22997418406193, 21.679971382457907 ], [ 80.230027232256973, 21.669982374153228 ], [ 80.240025470652313, 21.670028452272312 ] ] ] } },
{ "type": "Feature", "properties": { "zone_id": "r02_c19", "lat": 21.675, "lon": 80.245, "n_mineralized_obs": 0, "n_barren_obs": 1, "label_class": "barren", "conflict": false, "label": 0.0, "label_source": "REAL_GEOLOGICAL" }, "geometry": { "type": "Polygon", "coordinates": [ [ [ 80.250025137839742, 21.670028139503579 ], [ 80.249973467225573, 21.680017194236196 ], [ 80.23997451688372, 21.679971695378626 ], [ 80.240026876182171, 21.669982663678319 ], [ 80.250025137839742, 21.670028139503579 ] ] ] } },
{ "type": "Feature", "properties": { "zone_id": "r02_c20", "lat": 21.675, "lon": 80.255, "n_mineralized_obs": 0, "n_barren_obs": 1, "label_class": "barren", "conflict": false, "label": 0.0, "label_source": "REAL_GEOLOGICAL" }, "geometry": { "type": "Polygon", "coordinates": [ [ [ 80.260024804873325, 21.670027826887061 ], [ 80.259973823163619, 21.680016904404507 ], [ 80.249974849859328, 21.679972008147118 ], [ 80.250026520259624, 21.669982953356982 ], [ 80.260024804873325, 21.670027826887061 ] ] ] } },
{ "type": "Feature", "properties": { "zone_id": "r02_c21", "lat": 21.675, "lon": 80.265, "n_mineralized_obs": 0, "n_barren_obs": 1, "label_class": "barren", "conflict": false, "label": 0.0, "label_source": "REAL_GEOLOGICAL" }, "geometry": { "type": "Polygon", "coordinates": [ [ [ 80.270024471753118, 21.670027514422785 ], [ 80.269974178949397, 21.680016614419245 ], [ 80.259975182988825, 21.67997232076338 ], [ 80.260026164489346, 21.669983243189236 ], [ 80.270024471753118, 21.670027514422785 ] ] ] } },
{ "type": "Feature", "properties": { "zone_id": "r02_c22", "lat": 21.675, "lon": 80.275, "n_mineralized_obs": 0, "n_barren_obs": 1, "label_class": "barren", "conflict": false, "label": 0.0, "label_source": "REAL_GEOLOGICAL" }, "geometry": { "type": "Polygon", "coordinates": [ [ [ 80.280024138479106, 21.670027202110756 ], [ 80.279974534582848, 21.68001632428042 ], [ 80.26997551627214, 21.679972633227415 ], [ 80.270025808871338, 21.669983533175067 ], [ 80.280024138479106, 21.670027202110756 ] ] ] } },
{ "type": "Feature", "properties": { "zone_id": "r02_c23", "lat": 21.675, "lon": 80.285, "n_mineralized_obs": 0, "n_barren_obs": 1, "label_class": "barren", "conflict": false, "label": 0.0, "label_source": "REAL_GEOLOGICAL" }, "geometry": { "type": "Polygon", "coordinates": [ [ [ 80.29002380505132, 21.670026889950993 ], [ 80.289974890063959, 21.680016033988039 ], [ 80.279975849709245, 21.679972945539202 ], [ 80.280025453405585, 21.66998382331446 ], [ 80.29002380505132, 21.670026889950993 ] ] ] } },
{ "type": "Feature", "properties": { "zone_id": "r02_c24", "lat": 21.675, "lon": 80.295, "n_mineralized_obs": 0, "n_barren_obs": 1, "label_class": "barren", "conflict": false, "label": 0.0, "label_source": "REAL_GEOLOGICAL" }, "geometry": { "type": "Polygon", "coordinates": [ [ [ 80.300023471469785, 21.670026577943482 ], [ 80.299975245392758, 21.6800157435421 ], [ 80.289976183300212, 21.67997325769872 ], [ 80.290025098092173, 21.669984113607406 ], [ 80.300023471469785, 21.670026577943482 ] ] ] } },
{ "type": "Feature", "properties": { "zone_id": "r02_c25", "lat": 21.675, "lon": 80.305, "n_mineralized_obs": 0, "n_barren_obs": 1, "label_class": "barren", "conflict": false, "label": 0.0, "label_source": "REAL_GEOLOGICAL" }, "geometry": { "type": "Polygon", "coordinates": [ [ [ 80.310023137734461, 21.670026266088254 ], [ 80.309975600569203, 21.680015452942616 ], [ 80.299976517044968, 21.679973569705968 ], [ 80.300024742931043, 21.66998440405391 ], [ 80.310023137734461, 21.670026266088254 ] ] ] } },
{ "type": "Feature", "properties": { "zone_id": "r02_c26", "lat": 21.675, "lon": 80.315, "n_mineralized_obs": 0, "n_barren_obs": 1, "label_class": "barren", "conflict": false, "label": 0.0, "label_source": "REAL_GEOLOGICAL" }, "geometry": { "type": "Polygon", "coordinates": [ [ [ 80.32002280384539, 21.670025954385306 ], [ 80.319975955593279, 21.680015162189605 ], [ 80.309976850943514, 21.679973881560947 ], [ 80.31002438792224, 21.669984694653948 ], [ 80.32002280384539, 21.670025954385306 ] ] ] } },
{ "type": "Feature", "properties": { "zone_id": "r02_c27", "lat": 21.675, "lon": 80.325, "n_mineralized_obs": 0, "n_barren_obs": 1, "label_class": "barren", "conflict": false, "label": 0.0, "label_source": "REAL_GEOLOGICAL" }, "geometry": { "type": "Polygon", "coordinates": [ [ [ 80.330022469802586, 21.670025642834656 ], [ 80.329976310464986, 21.68001487128306 ], [ 80.319977184995849, 21.679974193263639 ], [ 80.320024033065749, 21.669984985407517 ], [ 80.330022469802586, 21.670025642834656 ] ] ] } },
{ "type": "Feature", "properties": { "zone_id": "r02_c28", "lat": 21.675, "lon": 80.335, "n_mineralized_obs": 0, "n_barren_obs": 1, "label_class": "barren", "conflict": false, "label": 0.0, "label_source": "REAL_GEOLOGICAL" }, "geometry": { "type": "Polygon", "coordinates": [ [ [ 80.340022135606034, 21.670025331436307 ], [ 80.339976665184309, 21.680014580223002 ], [ 80.329977519201947, 21.679974504814034 ], [ 80.330023678361599, 21.669985276314605 ], [ 80.340022135606034, 21.670025331436307 ] ] ] } },
{ "type": "Feature", "properties": { "zone_id": "r02_c29", "lat": 21.675, "lon": 80.345, "n_mineralized_obs": 0, "n_barren_obs": 1, "label_class": "barren", "conflict": false, "label": 0.0, "label_source": "REAL_GEOLOGICAL" }, "geometry": { "type": "Polygon", "coordinates": [ [ [ 80.350021801255778, 21.67002502019028 ], [ 80.34997701975125, 21.680014289009446 ], [ 80.33997785356182, 21.679974816212138 ], [ 80.340023323809802, 21.669985567375214 ], [ 80.350021801255778, 21.67002502019028 ] ] ] } },
{ "type": "Feature", "properties": { "zone_id": "r03_c00", "lat": 21.685, "lon": 80.055, "n_mineralized_obs": 0, "n_barren_obs": 1, "label_class": "barren", "conflict": false, "label": 0.0, "label_source": "REAL_GEOLOGICAL" }, "geometry": { "type": "Polygon", "coordinates": [ [ [ 80.060031449412577, 21.680034124606074 ], [ 80.059966657018478, 21.690022676294639 ], [ 80.049968204967357, 21.68996570733351 ], [ 80.050033686259809, 21.679977184471444 ], [ 80.060031449412577, 21.680034124606074 ] ] ] } },
{ "type": "Feature", "properties": { "zone_id": "r03_c01", "lat": 21.685, "lon": 80.065, "n_mineralized_obs": 0, "n_barren_obs": 1, "label_class": "barren", "conflict": false, "label": 0.0, "label_source": "REAL_GEOLOGICAL" }, "geometry": { "type": "Polygon", "coordinates": [ [ [ 80.070031119195249, 21.680033808987861 ], [ 80.069967016023284, 21.690022389271533 ], [ 80.059968535193093, 21.689966023103533 ], [ 80.060033327271299, 21.679977471341427 ], [ 80.070031119195249, 21.680033808987861 ] ] ] } },
{ "type": "Feature", "properties": { "zone_id": "r03_c02", "lat": 21.685, "lon": 80.075, "n_mineralized_obs": 0, "n_barren_obs": 1, "label_class": "barren", "conflict": false, "label": 0.0, "label_source": "REAL_GEOLOGICAL" }, "geometry": { "type": "Polygon", "coordinates": [ [ [ 80.080030788823962, 21.680033493521719 ], [ 80.07996737487602, 21.690022102094698 ], [ 80.069968865572889, 21.689966338721522 ], [ 80.070032968434887, 21.679977758365162 ], [ 80.080030788823962, 21.680033493521719 ] ] ] } },
{ "type": "Feature", "properties": { "zone_id": "r03_c03", "lat": 21.685, "lon": 80.085, "n_mineralized_obs": 0, "n_barren_obs": 1, "label_class": "barren", "conflict": false, "label": 0.0, "label_source": "REAL_GEOLOGICAL" }, "geometry": { "type": "Polygon", "coordinates": [ [ [ 80.090030458298656, 21.680033178207641 ], [ 80.089967733576614, 21.690021814764133 ], [ 80.079969196106674, 21.689966654187451 ], [ 80.080032609750518, 21.679978045542637 ], [ 80.090030458298656, 21.680033178207641 ] ] ] } },
{ "type": "Feature", "properties": { "zone_id": "r03_c04", "lat": 21.685, "lon": 80.095, "n_mineralized_obs": 0, "n_barren_obs": 1, "label_class": "barren", "conflict": false, "label": 0.0, "label_source": "REAL_GEOLOGICAL" }, "geometry": { "type": "Polygon", "coordinates": [ [ [ 80.100030127619405, 21.680032863045636 ], [ 80.09996809212511, 21.690021527279839 ], [ 80.089969526794519, 21.689966969501299 ], [ 80.090032251218247, 21.679978332873834 ], [ 80.100030127619405, 21.680032863045636 ] ] ] } },
{ "type": "Feature", "properties": { "zone_id": "r03_c05", "lat": 21.685, "lon": 80.105, "n_mineralized_obs": 0, "n_barren_obs": 1, "label_class": "barren", "conflict": false, "label": 0.0, "label_source": "REAL_GEOLOGICAL" }, "geometry": { "type": "Polygon", "coordinates": [ [ [ 80.110029796786208, 21.680032548035715 ], [ 80.109968450521464, 21.690021239641826 ], [ 80.099969857636339, 21.689967284663073 ], [ 80.100031892838047, 21.679978620358749 ], [ 80.110029796786208, 21.680032548035715 ] ] ] } },
{ "type": "Feature", "properties": { "zone_id": "r03_c06", "lat": 21.685, "lon": 80.115, "n_mineralized_obs": 0, "n_barren_obs": 1, "label_class": "barren", "conflict": false, "label": 0.0, "label_source": "REAL_GEOLOGICAL" }, "geometry": { "type": "Polygon", "coordinates": [ [ [ 80.120029465799021, 21.680032233177894 ], [ 80.119968808765677, 21.690020951850109 ], [ 80.109970188632147, 21.689967599672762 ], [ 80.110031534609945, 21.679978907997388 ], [ 80.120029465799021, 21.680032233177894 ] ] ] } },
{ "type": "Feature", "properties": { "zone_id": "r03_c07", "lat": 21.685, "lon": 80.125, "n_mineralized_obs": 0, "n_barren_obs": 1, "label_class": "barren", "conflict": false, "label": 0.0, "label_source": "REAL_GEOLOGICAL" }, "geometry": { "type": "Polygon", "coordinates": [ [ [ 80.130029134657917, 21.680031918472181 ], [ 80.129969166857748, 21.690020663904694 ], [ 80.119970519781958, 21.689967914530357 ], [ 80.120031176533985, 21.679979195789731 ], [ 80.130029134657917, 21.680031918472181 ] ] ] } },
{ "type": "Feature", "properties": { "zone_id": "r03_c08", "lat": 21.685, "lon": 80.135, "n_mineralized_obs": 0, "n_barren_obs": 1, "label_class": "barren", "conflict": false, "label": 0.0, "label_source": "REAL_GEOLOGICAL" }, "geometry": { "type": "Polygon", "coordinates": [ [ [ 80.140028803362867, 21.680031603918589 ], [ 80.139969524797635, 21.690020375805592 ], [ 80.12997085108573, 21.689968229235834 ], [ 80.130030818610123, 21.67997948373576 ], [ 80.140028803362867, 21.680031603918589 ] ] ] } },
{ "type": "Feature", "properties": { "zone_id": "r03_c09", "lat": 21.685, "lon": 80.145, "n_mineralized_obs": 0, "n_barren_obs": 1, "label_class": "barren", "conflict": false, "label": 0.0, "label_source": "REAL_GEOLOGICAL" }, "geometry": { "type": "Polygon", "coordinates": [ [ [ 80.150028471913913, 21.680031289517103 ], [ 80.149969882585353, 21.690020087552796 ], [ 80.139971182543476, 21.689968543789202 ], [ 80.140030460838403, 21.67997977183548 ], [ 80.150028471913913, 21.680031289517103 ] ] ] } },
{ "type": "Feature", "properties": { "zone_id": "r03_c10", "lat": 21.685, "lon": 80.155, "n_mineralized_obs": 0, "n_barren_obs": 1, "label_class": "barren", "conflict": false, "label": 0.0, "label_source": "REAL_GEOLOGICAL" }, "geometry": { "type": "Polygon", "coordinates": [ [ [ 80.160028140311027, 21.680030975267762 ], [ 80.159970240220886, 21.690019799146341 ], [ 80.149971514155169, 21.689968858190444 ], [ 80.150030103218825, 21.67998006008888 ], [ 80.160028140311027, 21.680030975267762 ] ] ] } },
{ "type": "Feature", "properties": { "zone_id": "r03_c11", "lat": 21.685, "lon": 80.165, "n_mineralized_obs": 0, "n_barren_obs": 1, "label_class": "barren", "conflict": false, "label": 0.0, "label_source": "REAL_GEOLOGICAL" }, "geometry": { "type": "Polygon", "coordinates": [ [ [ 80.170027808554266, 21.680030661170566 ], [ 80.169970597704236, 21.690019510586211 ], [ 80.159971845920822, 21.689969172439554 ], [ 80.160029745751416, 21.679980348495945 ], [ 80.170027808554266, 21.680030661170566 ] ] ] } },
{ "type": "Feature", "properties": { "zone_id": "r03_c12", "lat": 21.685, "lon": 80.175, "n_mineralized_obs": 0, "n_barren_obs": 1, "label_class": "barren", "conflict": false, "label": 0.0, "label_source": "REAL_GEOLOGICAL" }, "geometry": { "type": "Polygon", "coordinates": [ [ [ 80.180027476643573, 21.680030347225514 ], [ 80.179970955035358, 21.690019221872426 ], [ 80.169972177840378, 21.689969486536519 ], [ 80.170029388436149, 21.679980637056676 ], [ 80.180027476643573, 21.680030347225514 ] ] ] } },
{ "type": "Feature", "properties": { "zone_id": "r03_c13", "lat": 21.685, "lon": 80.185, "n_mineralized_obs": 0, "n_barren_obs": 1, "label_class": "barren", "conflict": false, "label": 0.0, "label_source": "REAL_GEOLOGICAL" }, "geometry": { "type": "Polygon", "coordinates": [ [ [ 80.19002714457902, 21.680030033432637 ], [ 80.189971312214269, 21.690018933004996 ], [ 80.179972509913867, 21.689969800481332 ], [ 80.180029031273065, 21.679980925771059 ], [ 80.19002714457902, 21.680030033432637 ] ] ] } },
{ "type": "Feature", "properties": { "zone_id": "r03_c14", "lat": 21.685, "lon": 80.195, "n_mineralized_obs": 0, "n_barren_obs": 1, "label_class": "barren", "conflict": false, "label": 0.0, "label_source": "REAL_GEOLOGICAL" }, "geometry": { "type": "Polygon", "coordinates": [ [ [ 80.200026812360605, 21.680029719791928 ], [ 80.199971669240938, 21.690018643983937 ], [ 80.189972842141287, 21.689970114273972 ], [ 80.190028674262166, 21.679981214639088 ], [ 80.200026812360605, 21.680029719791928 ] ] ] } },
{ "type": "Feature", "properties": { "zone_id": "r03_c15", "lat": 21.685, "lon": 80.205, "n_mineralized_obs": 0, "n_barren_obs": 1, "label_class": "barren", "conflict": false, "label": 0.0, "label_source": "REAL_GEOLOGICAL" }, "geometry": { "type": "Polygon", "coordinates": [ [ [ 80.210026479988315, 21.680029406303397 ], [ 80.209972026115381, 21.690018354809244 ], [ 80.199973174522597, 21.68997042791446 ], [ 80.200028317403479, 21.679981503660745 ], [ 80.210026479988315, 21.680029406303397 ] ] ] } },
{ "type": "Feature", "properties": { "zone_id": "r03_c16", "lat": 21.685, "lon": 80.215, "n_mineralized_obs": 0, "n_barren_obs": 1, "label_class": "barren", "conflict": false, "label": 0.0, "label_source": "REAL_GEOLOGICAL" }, "geometry": { "type": "Polygon", "coordinates": [ [ [ 80.220026147462193, 21.680029092967047 ], [ 80.219972382837597, 21.690018065480928 ], [ 80.209973507057825, 21.689970741402735 ], [ 80.210027960697005, 21.679981792836031 ], [ 80.220026147462193, 21.680029092967047 ] ] ] } },
{ "type": "Feature", "properties": { "zone_id": "r03_c17", "lat": 21.685, "lon": 80.225, "n_mineralized_obs": 0, "n_barren_obs": 1, "label_class": "barren", "conflict": false, "label": 0.0, "label_source": "REAL_GEOLOGICAL" }, "geometry": { "type": "Polygon", "coordinates": [ [ [ 80.230025814782195, 21.680028779782909 ], [ 80.229972739407515, 21.690017775998999 ], [ 80.219973839746913, 21.689971054738844 ], [ 80.220027604142714, 21.67998208216493 ], [ 80.230025814782195, 21.680028779782909 ] ] ] } },
{ "type": "Feature", "properties": { "zone_id": "r03_c18", "lat": 21.685, "lon": 80.235, "n_mineralized_obs": 0, "n_barren_obs": 1, "label_class": "barren", "conflict": false, "label": 0.0, "label_source": "REAL_GEOLOGICAL" }, "geometry": { "type": "Polygon", "coordinates": [ [ [ 80.240025481948379, 21.680028466750986 ], [ 80.239973095825164, 21.69001748636347 ], [ 80.229974172589863, 21.689971367922745 ], [ 80.230027247740679, 21.679982371647448 ], [ 80.240025481948379, 21.680028466750986 ] ] ] } },
{ "type": "Feature", "properties": { "zone_id": "r03_c19", "lat": 21.685, "lon": 80.245, "n_mineralized_obs": 0, "n_barren_obs": 1, "label_class": "barren", "conflict": false, "label": 0.0, "label_source": "REAL_GEOLOGICAL" }, "geometry": { "type": "Polygon", "coordinates": [ [ [ 80.250025148960759, 21.68002815387127 ], [ 80.249973452090558, 21.690017196574338 ], [ 80.239974505586716, 21.689971680954439 ], [ 80.240026891490885, 21.67998266128356 ], [ 80.250025148960759, 21.68002815387127 ] ] ] } },
{ "type": "Feature", "properties": { "zone_id": "r03_c20", "lat": 21.685, "lon": 80.255, "n_mineralized_obs": 0, "n_barren_obs": 1, "label_class": "barren", "conflict": false, "label": 0.0, "label_source": "REAL_GEOLOGICAL" }, "geometry": { "type": "Polygon", "coordinates": [ [ [ 80.260024815819293, 21.680027841143776 ], [ 80.259973808203625, 21.690016906631623 ], [ 80.249974838737387, 21.689971993833908 ], [ 80.250026535393332, 21.679982951073264 ], [ 80.260024815819293, 21.680027841143776 ] ] ] } },
{ "type": "Feature", "properties": { "zone_id": "r03_c21", "lat": 21.685, "lon": 80.265, "n_mineralized_obs": 0, "n_barren_obs": 1, "label_class": "barren", "conflict": false, "label": 0.0, "label_source": "REAL_GEOLOGICAL" }, "geometry": { "type": "Polygon", "coordinates": [ [ [ 80.270024482524065, 21.68002752856853 ], [ 80.269974164164424, 21.690016616535338 ], [ 80.259975172041933, 21.689972306561145 ], [ 80.260026179448062, 21.679983241016547 ], [ 80.270024482524065, 21.68002752856853 ] ] ] } },
{ "type": "Feature", "properties": { "zone_id": "r03_c22", "lat": 21.685, "lon": 80.275, "n_mineralized_obs": 0, "n_barren_obs": 1, "label_class": "barren", "conflict": false, "label": 0.0, "label_source": "REAL_GEOLOGICAL" }, "geometry": { "type": "Polygon", "coordinates": [ [ [ 80.280024149075018, 21.680027216145522 ], [ 80.279974519972882, 21.69001632628548 ], [ 80.269975505500312, 21.689972619136146 ], [ 80.270025823655047, 21.679983531113407 ], [ 80.280024149075018, 21.680027216145522 ] ] ] } },
{ "type": "Feature", "properties": { "zone_id": "r03_c23", "lat": 21.685, "lon": 80.285, "n_mineralized_obs": 0, "n_barren_obs": 1, "label_class": "barren", "conflict": false, "label": 0.0, "label_source": "REAL_GEOLOGICAL" }, "geometry": { "type": "Polygon", "coordinates": [ [ [ 80.290023815472182, 21.680026903874783 ], [ 80.289974875629014, 21.69001603588206 ], [ 80.279975839112481, 21.689972931558906 ], [ 80.280025468014301, 21.679983821363837 ], [ 80.290023815472182, 21.680026903874783 ] ] ] } },
{ "type": "Feature", "properties": { "zone_id": "r03_c24", "lat": 21.685, "lon": 80.295, "n_mineralized_obs": 0, "n_barren_obs": 1, "label_class": "barren", "conflict": false, "label": 0.0, "label_source": "REAL_GEOLOGICAL" }, "geometry": { "type": "Polygon", "coordinates": [ [ [ 80.300023481715584, 21.680026591756302 ], [ 80.299975231132834, 21.690015745325088 ], [ 80.289976172878497, 21.6899732438294 ], [ 80.290025112525882, 21.679984111767823 ], [ 80.300023481715584, 21.680026591756302 ] ] ] } },
{ "type": "Feature", "properties": { "zone_id": "r03_c25", "lat": 21.685, "lon": 80.305, "n_mineralized_obs": 0, "n_barren_obs": 1, "label_class": "barren", "conflict": false, "label": 0.0, "label_source": "REAL_GEOLOGICAL" }, "geometry": { "type": "Polygon", "coordinates": [ [ [ 80.310023147805225, 21.680026279790095 ], [ 80.309975586484285, 21.690015454614578 ], [ 80.299976506798316, 21.689973555947631 ], [ 80.300024757189746, 21.679984402325349 ], [ 80.310023147805225, 21.680026279790095 ] ] ] } },
{ "type": "Feature", "properties": { "zone_id": "r03_c26", "lat": 21.685, "lon": 80.315, "n_mineralized_obs": 0, "n_barren_obs": 1, "label_class": "barren", "conflict": false, "label": 0.0, "label_source": "REAL_GEOLOGICAL" }, "geometry": { "type": "Polygon", "coordinates": [ [ [ 80.320022813741119, 21.680025967976171 ], [ 80.319975941683396, 21.69001516375053 ], [ 80.309976840871911, 21.68997386791359 ], [ 80.310024402005936, 21.679984693036417 ], [ 80.320022813741119, 21.680025967976171 ] ] ] } },
{ "type": "Feature", "properties": { "zone_id": "r03_c27", "lat": 21.685, "lon": 80.325, "n_mineralized_obs": 0, "n_barren_obs": 1, "label_class": "barren", "conflict": false, "label": 0.0, "label_source": "REAL_GEOLOGICAL" }, "geometry": { "type": "Polygon", "coordinates": [ [ [ 80.330022479523265, 21.680025656314548 ], [ 80.329976296730123, 21.690014872732963 ], [ 80.319977175099311, 21.689974179727262 ], [ 80.320024046974453, 21.679984983901026 ], [ 80.330022479523265, 21.680025656314548 ] ] ] } },
{ "type": "Feature", "properties": { "zone_id": "r03_c28", "lat": 21.685, "lon": 80.335, "n_mineralized_obs": 0, "n_barren_obs": 1, "label_class": "barren", "conflict": false, "label": 0.0, "label_source": "REAL_GEOLOGICAL" }, "geometry": { "type": "Polygon", "coordinates": [ [ [ 80.340022145151664, 21.68002534480522 ], [ 80.339976651624468, 21.690014581561869 ], [ 80.329977509480443, 21.689974491388632 ], [ 80.330023692095281, 21.679985274919147 ], [ 80.340022145151664, 21.68002534480522 ] ] ] } },
{ "type": "Feature", "properties": { "zone_id": "r03_c29", "lat": 21.685, "lon": 80.345, "n_mineralized_obs": 0, "n_barren_obs": 1, "label_class": "barren", "conflict": false, "label": 0.0, "label_source": "REAL_GEOLOGICAL" }, "geometry": { "type": "Polygon", "coordinates": [ [ [ 80.350021810626359, 21.680025033448207 ], [ 80.349977006366444, 21.690014290237276 ], [ 80.339977844015394, 21.689974802897702 ], [ 80.340023337368493, 21.679985566090778 ], [ 80.350021810626359, 21.680025033448207 ] ] ] } },
{ "type": "Feature", "properties": { "zone_id": "r04_c00", "lat": 21.695, "lon": 80.055, "n_mineralized_obs": 0, "n_barren_obs": 1, "label_class": "barren", "conflict": false, "label": 0.0, "label_source": "REAL_GEOLOGICAL" }, "geometry": { "type": "Polygon", "coordinates": [ [ [ 80.060031463860895, 21.690034141080861 ], [ 80.059966638555267, 21.700022680736708 ], [ 80.049968190342767, 21.699965690802266 ], [ 80.050033704896421, 21.689977179972775 ], [ 80.060031463860895, 21.690034141080861 ] ] ] } },
{ "type": "Feature", "properties": { "zone_id": "r04_c01", "lat": 21.695, "lon": 80.065, "n_mineralized_obs": 0, "n_barren_obs": 1, "label_class": "barren", "conflict": false, "label": 0.0, "label_source": "REAL_GEOLOGICAL" }, "geometry": { "type": "Polygon", "coordinates": [ [ [ 80.070031133468518, 21.690033825351726 ], [ 80.069966997735108, 21.700022393602605 ], [ 80.059968520743581, 21.699966006683219 ], [ 80.060033345732904, 21.689977466953756 ], [ 80.070031133468518, 21.690033825351726 ] ] ] } },
{ "type": "Feature", "properties": { "zone_id": "r04_c02", "lat": 21.695, "lon": 80.075, "n_mineralized_obs": 0, "n_barren_obs": 1, "label_class": "barren", "conflict": false, "label": 0.0, "label_source": "REAL_GEOLOGICAL" }, "geometry": { "type": "Polygon", "coordinates": [ [ [ 80.080030802922153, 21.690033509774658 ], [ 80.079967356762864, 21.70002210631478 ], [ 80.069968851298455, 21.69996632241212 ], [ 80.070032986721472, 21.689977754088492 ], [ 80.080030802922153, 21.690033509774658 ] ] ] } },
{ "type": "Feature", "properties": { "zone_id": "r04_c03", "lat": 21.695, "lon": 80.085, "n_mineralized_obs": 0, "n_barren_obs": 1, "label_class": "barren", "conflict": false, "label": 0.0, "label_source": "REAL_GEOLOGICAL" }, "geometry": { "type": "Polygon", "coordinates": [ [ [ 80.090030472221798, 21.690033194349652 ], [ 80.08996771563848, 21.700021818873211 ], [ 80.079969182007332, 21.699966637988975 ], [ 80.080032627862096, 21.689978041376957 ], [ 80.090030472221798, 21.690033194349652 ] ] ] } },
{ "type": "Feature", "properties": { "zone_id": "r04_c04", "lat": 21.695, "lon": 80.095, "n_mineralized_obs": 0, "n_barren_obs": 1, "label_class": "barren", "conflict": false, "label": 0.0, "label_source": "REAL_GEOLOGICAL" }, "geometry": { "type": "Polygon", "coordinates": [ [ [ 80.100030141367498, 21.690032879076721 ], [ 80.099968074362025, 21.700021531277919 ], [ 80.08996951287024, 21.699966953413757 ], [ 80.090032269154818, 21.689978328819159 ], [ 80.100030141367498, 21.690032879076721 ] ] ] } },
{ "type": "Feature", "properties": { "zone_id": "r04_c05", "lat": 21.695, "lon": 80.105, "n_mineralized_obs": 0, "n_barren_obs": 1, "label_class": "barren", "conflict": false, "label": 0.0, "label_source": "REAL_GEOLOGICAL" }, "geometry": { "type": "Polygon", "coordinates": [ [ [ 80.110029810359208, 21.690032563955878 ], [ 80.1099684329334, 21.700021243528909 ], [ 80.099969843887138, 21.69996726868645 ], [ 80.100031910599611, 21.689978616415072 ], [ 80.110029810359208, 21.690032563955878 ] ] ] } },
{ "type": "Feature", "properties": { "zone_id": "r04_c06", "lat": 21.695, "lon": 80.115, "n_mineralized_obs": 0, "n_barren_obs": 1, "label_class": "barren", "conflict": false, "label": 0.0, "label_source": "REAL_GEOLOGICAL" }, "geometry": { "type": "Polygon", "coordinates": [ [ [ 80.120029479196958, 21.69003224898713 ], [ 80.119968791352633, 21.700020955626197 ], [ 80.109970175058024, 21.699967583807059 ], [ 80.110031552196489, 21.689978904164708 ], [ 80.120029479196958, 21.69003224898713 ] ] ] } },
{ "type": "Feature", "properties": { "zone_id": "r04_c07", "lat": 21.695, "lon": 80.125, "n_mineralized_obs": 0, "n_barren_obs": 1, "label_class": "barren", "conflict": false, "label": 0.0, "label_source": "REAL_GEOLOGICAL" }, "geometry": { "type": "Polygon", "coordinates": [ [ [ 80.130029147880791, 21.690031934170495 ], [ 80.12996914961974, 21.700020667569785 ], [ 80.119970506382913, 21.699967898775579 ], [ 80.120031193945508, 21.689979192068048 ], [ 80.130029147880791, 21.690031934170495 ] ] ] } },
{ "type": "Feature", "properties": { "zone_id": "r04_c08", "lat": 21.695, "lon": 80.135, "n_mineralized_obs": 0, "n_barren_obs": 1, "label_class": "barren", "conflict": false, "label": 0.0, "label_source": "REAL_GEOLOGICAL" }, "geometry": { "type": "Polygon", "coordinates": [ [ [ 80.140028816410691, 21.690031619505955 ], [ 80.139969507734662, 21.700020379359678 ], [ 80.129970837861777, 21.69996821359199 ], [ 80.13003083584664, 21.689979480125075 ], [ 80.140028816410691, 21.690031619505955 ] ] ] } },
{ "type": "Feature", "properties": { "zone_id": "r04_c09", "lat": 21.695, "lon": 80.145, "n_mineralized_obs": 0, "n_barren_obs": 1, "label_class": "barren", "conflict": false, "label": 0.0, "label_source": "REAL_GEOLOGICAL" }, "geometry": { "type": "Polygon", "coordinates": [ [ [ 80.150028484786674, 21.69003130499355 ], [ 80.149969865697415, 21.700020090995892 ], [ 80.139971169494586, 21.699968528256289 ], [ 80.140030477899899, 21.689979768335792 ], [ 80.150028484786674, 21.69003130499355 ] ] ] } },
{ "type": "Feature", "properties": { "zone_id": "r04_c10", "lat": 21.695, "lon": 80.155, "n_mineralized_obs": 0, "n_barren_obs": 1, "label_class": "barren", "conflict": false, "label": 0.0, "label_source": "REAL_GEOLOGICAL" }, "geometry": { "type": "Polygon", "coordinates": [ [ [ 80.160028153008724, 21.690030990633282 ], [ 80.159970223507983, 21.700019802478437 ], [ 80.149971501281357, 21.699968842768467 ], [ 80.150030120105313, 21.68998005670019 ], [ 80.160028153008724, 21.690030990633282 ] ] ] } },
{ "type": "Feature", "properties": { "zone_id": "r04_c11", "lat": 21.695, "lon": 80.165, "n_mineralized_obs": 0, "n_barren_obs": 1, "label_class": "barren", "conflict": false, "label": 0.0, "label_source": "REAL_GEOLOGICAL" }, "geometry": { "type": "Polygon", "coordinates": [ [ [ 80.170027821076886, 21.690030676425152 ], [ 80.169970581166368, 21.700019513807312 ], [ 80.159971833222087, 21.699969157128496 ], [ 80.160029762462869, 21.689980345218252 ], [ 80.170027821076886, 21.690030676425152 ] ] ] } },
{ "type": "Feature", "properties": { "zone_id": "r04_c12", "lat": 21.695, "lon": 80.175, "n_mineralized_obs": 0, "n_barren_obs": 1, "label_class": "barren", "conflict": false, "label": 0.0, "label_source": "REAL_GEOLOGICAL" }, "geometry": { "type": "Polygon", "coordinates": [ [ [ 80.180027488991144, 21.690030362369175 ], [ 80.179970938672525, 21.70001922498254 ], [ 80.169972165316722, 21.699969471336395 ], [ 80.170029404972581, 21.689980633889984 ], [ 80.180027488991144, 21.690030362369175 ] ] ] } },
{ "type": "Feature", "properties": { "zone_id": "r04_c13", "lat": 21.695, "lon": 80.185, "n_mineralized_obs": 0, "n_barren_obs": 1, "label_class": "barren", "conflict": false, "label": 0.0, "label_source": "REAL_GEOLOGICAL" }, "geometry": { "type": "Polygon", "coordinates": [ [ [ 80.190027156751512, 21.690030048465363 ], [ 80.189971296026457, 21.700018936004113 ], [ 80.179972497565302, 21.699969785392135 ], [ 80.180029047634477, 21.689980922715364 ], [ 80.190027156751512, 21.690030048465363 ] ] ] } },
{ "type": "Feature", "properties": { "zone_id": "r04_c14", "lat": 21.695, "lon": 80.195, "n_mineralized_obs": 0, "n_barren_obs": 1, "label_class": "barren", "conflict": false, "label": 0.0, "label_source": "REAL_GEOLOGICAL" }, "geometry": { "type": "Polygon", "coordinates": [ [ [ 80.200026824358034, 21.690029734713715 ], [ 80.199971653228189, 21.700018646872056 ], [ 80.1899728299678, 21.699970099295719 ], [ 80.190028690448571, 21.689981211694381 ], [ 80.200026824358034, 21.690029734713715 ] ] ] } },
{ "type": "Feature", "properties": { "zone_id": "r04_c15", "lat": 21.695, "lon": 80.205, "n_mineralized_obs": 0, "n_barren_obs": 1, "label_class": "barren", "conflict": false, "label": 0.0, "label_source": "REAL_GEOLOGICAL" }, "geometry": { "type": "Polygon", "coordinates": [ [ [ 80.210026491810666, 21.690029421114254 ], [ 80.209972010277667, 21.700018357586359 ], [ 80.199973162524188, 21.699970413047115 ], [ 80.200028333414863, 21.689981500827034 ], [ 80.210026491810666, 21.690029421114254 ] ] ] } },
{ "type": "Feature", "properties": { "zone_id": "r04_c16", "lat": 21.695, "lon": 80.215, "n_mineralized_obs": 0, "n_barren_obs": 1, "label_class": "barren", "conflict": false, "label": 0.0, "label_source": "REAL_GEOLOGICAL" }, "geometry": { "type": "Polygon", "coordinates": [ [ [ 80.22002615910948, 21.690029107666984 ], [ 80.219972367174918, 21.700018068147056 ], [ 80.209973495234493, 21.699970726646345 ], [ 80.210027976533354, 21.689981790113325 ], [ 80.22002615910948, 21.690029107666984 ] ] ] } },
{ "type": "Feature", "properties": { "zone_id": "r04_c17", "lat": 21.695, "lon": 80.225, "n_mineralized_obs": 0, "n_barren_obs": 1, "label_class": "barren", "conflict": false, "label": 0.0, "label_source": "REAL_GEOLOGICAL" }, "geometry": { "type": "Polygon", "coordinates": [ [ [ 80.230025826254419, 21.690028794371905 ], [ 80.229972723919872, 21.70001777855413 ], [ 80.219973828098659, 21.699971040093388 ], [ 80.220027619804057, 21.689982079553225 ], [ 80.230025826254419, 21.690028794371905 ] ] ] } },
{ "type": "Feature", "properties": { "zone_id": "r04_c18", "lat": 21.695, "lon": 80.235, "n_mineralized_obs": 0, "n_barren_obs": 1, "label_class": "barren", "conflict": false, "label": 0.0, "label_source": "REAL_GEOLOGICAL" }, "geometry": { "type": "Polygon", "coordinates": [ [ [ 80.24002549324554, 21.690028481229032 ], [ 80.23997308051257, 21.7000174888076 ], [ 80.229974161116701, 21.699971353388218 ], [ 80.230027263227001, 21.689982369146726 ], [ 80.24002549324554, 21.690028481229032 ] ] ] } },
{ "type": "Feature", "properties": { "zone_id": "r04_c19", "lat": 21.695, "lon": 80.245, "n_mineralized_obs": 0, "n_barren_obs": 1, "label_class": "barren", "conflict": false, "label": 0.0, "label_source": "REAL_GEOLOGICAL" }, "geometry": { "type": "Polygon", "coordinates": [ [ [ 80.250025160082842, 21.690028168238381 ], [ 80.249973436952985, 21.700017198907478 ], [ 80.239974494288631, 21.699971666530839 ], [ 80.240026906802186, 21.689982658893836 ], [ 80.250025160082842, 21.690028168238381 ] ] ] } },
{ "type": "Feature", "properties": { "zone_id": "r04_c20", "lat": 21.695, "lon": 80.255, "n_mineralized_obs": 0, "n_barren_obs": 1, "label_class": "barren", "conflict": false, "label": 0.0, "label_source": "REAL_GEOLOGICAL" }, "geometry": { "type": "Polygon", "coordinates": [ [ [ 80.260024826766326, 21.690027855399961 ], [ 80.259973793241102, 21.700016908853769 ], [ 80.249974827614381, 21.699971979521244 ], [ 80.250026550529597, 21.689982948794533 ], [ 80.260024826766326, 21.690027855399961 ] ] ] } },
{ "type": "Feature", "properties": { "zone_id": "r04_c21", "lat": 21.695, "lon": 80.265, "n_mineralized_obs": 0, "n_barren_obs": 1, "label_class": "barren", "conflict": false, "label": 0.0, "label_source": "REAL_GEOLOGICAL" }, "geometry": { "type": "Polygon", "coordinates": [ [ [ 80.27002449329602, 21.690027542713771 ], [ 80.269974149376949, 21.70001661864648 ], [ 80.259975161094005, 21.699972292359419 ], [ 80.260026194409306, 21.689983238848811 ], [ 80.27002449329602, 21.690027542713771 ] ] ] } },
{ "type": "Feature", "properties": { "zone_id": "r04_c22", "lat": 21.695, "lon": 80.275, "n_mineralized_obs": 0, "n_barren_obs": 1, "label_class": "barren", "conflict": false, "label": 0.0, "label_source": "REAL_GEOLOGICAL" }, "geometry": { "type": "Polygon", "coordinates": [ [ [ 80.280024159671896, 21.690027230179837 ], [ 80.279974505360457, 21.700016328285628 ], [ 80.269975494727447, 21.69997260504536 ], [ 80.270025838441271, 21.689983529056679 ], [ 80.280024159671896, 21.690027230179837 ] ] ] } },
{ "type": "Feature", "properties": { "zone_id": "r04_c23", "lat": 21.695, "lon": 80.285, "n_mineralized_obs": 0, "n_barren_obs": 1, "label_class": "barren", "conflict": false, "label": 0.0, "label_source": "REAL_GEOLOGICAL" }, "geometry": { "type": "Polygon", "coordinates": [ [ [ 80.290023825893996, 21.69002691779815 ], [ 80.289974861191624, 21.700016037771213 ], [ 80.279975828514722, 21.699972917579057 ], [ 80.28002548262549, 21.689983819418096 ], [ 80.290023825893996, 21.69002691779815 ] ] ] } },
{ "type": "Feature", "properties": { "zone_id": "r04_c24", "lat": 21.695, "lon": 80.295, "n_mineralized_obs": 0, "n_barren_obs": 1, "label_class": "barren", "conflict": false, "label": 0.0, "label_source": "REAL_GEOLOGICAL" }, "geometry": { "type": "Polygon", "coordinates": [ [ [ 80.300023491962335, 21.690026605568733 ], [ 80.299975216870479, 21.700015747103254 ], [ 80.289976162455815, 21.699973229960495 ], [ 80.29002512696205, 21.689984109933075 ], [ 80.300023491962335, 21.690026605568733 ] ] ] } },
{ "type": "Feature", "properties": { "zone_id": "r04_c25", "lat": 21.695, "lon": 80.305, "n_mineralized_obs": 0, "n_barren_obs": 1, "label_class": "barren", "conflict": false, "label": 0.0, "label_source": "REAL_GEOLOGICAL" }, "geometry": { "type": "Polygon", "coordinates": [ [ [ 80.310023157876913, 21.690026293491592 ], [ 80.309975572396979, 21.700015456281744 ], [ 80.299976496550698, 21.699973542189664 ], [ 80.300024771450893, 21.689984400601606 ], [ 80.310023157876913, 21.690026293491592 ] ] ] } },
{ "type": "Feature", "properties": { "zone_id": "r04_c26", "lat": 21.695, "lon": 80.315, "n_mineralized_obs": 0, "n_barren_obs": 1, "label_class": "barren", "conflict": false, "label": 0.0, "label_source": "REAL_GEOLOGICAL" }, "geometry": { "type": "Polygon", "coordinates": [ [ [ 80.320022823637743, 21.690025981566727 ], [ 80.319975927771125, 21.700015165306702 ], [ 80.309976830799386, 21.69997385426656 ], [ 80.310024416092048, 21.689984691423668 ], [ 80.320022823637743, 21.690025981566727 ] ] ] } },
{ "type": "Feature", "properties": { "zone_id": "r04_c27", "lat": 21.695, "lon": 80.325, "n_mineralized_obs": 0, "n_barren_obs": 1, "label_class": "barren", "conflict": false, "label": 0.0, "label_source": "REAL_GEOLOGICAL" }, "geometry": { "type": "Polygon", "coordinates": [ [ [ 80.330022489244811, 21.690025669794153 ], [ 80.329976282992902, 21.700014874178134 ], [ 80.319977165201848, 21.699974166191165 ], [ 80.320024060885515, 21.689984982399263 ], [ 80.330022489244811, 21.690025669794153 ] ] ] } },
{ "type": "Feature", "properties": { "zone_id": "r04_c28", "lat": 21.695, "lon": 80.335, "n_mineralized_obs": 0, "n_barren_obs": 1, "label_class": "barren", "conflict": false, "label": 0.0, "label_source": "REAL_GEOLOGICAL" }, "geometry": { "type": "Polygon", "coordinates": [ [ [ 80.340022154698147, 21.690025358173884 ], [ 80.339976638062296, 21.70001458289606 ], [ 80.329977499758087, 21.699974477963483 ], [ 80.330023705831337, 21.689985273528379 ], [ 80.340022154698147, 21.690025358173884 ] ] ] } },
{ "type": "Feature", "properties": { "zone_id": "r04_c29", "lat": 21.695, "lon": 80.345, "n_mineralized_obs": 0, "n_barren_obs": 1, "label_class": "barren", "conflict": false, "label": 0.0, "label_source": "REAL_GEOLOGICAL" }, "geometry": { "type": "Polygon", "coordinates": [ [ [ 80.350021819997778, 21.69002504670593 ], [ 80.349976992979322, 21.700014291460466 ], [ 80.339977834468115, 21.6999747895835 ], [ 80.340023350929513, 21.68998556481101 ], [ 80.350021819997778, 21.69002504670593 ] ] ] } },
{ "type": "Feature", "properties": { "zone_id": "r05_c00", "lat": 21.705, "lon": 80.055, "n_mineralized_obs": 0, "n_barren_obs": 1, "label_class": "barren", "conflict": false, "label": 0.0, "label_source": "REAL_GEOLOGICAL" }, "geometry": { "type": "Polygon", "coordinates": [ [ [ 80.060031478310776, 21.700034157554359 ], [ 80.059966620089043, 21.710022685173048 ], [ 80.049968175716629, 21.709965674272311 ], [ 80.050033723536075, 21.699977175479848 ], [ 80.060031478310776, 21.700034157554359 ] ] ] } },
{ "type": "Feature", "properties": { "zone_id": "r05_c01", "lat": 21.705, "lon": 80.065, "n_mineralized_obs": 0, "n_barren_obs": 1, "label_class": "barren", "conflict": false, "label": 0.0, "label_source": "REAL_GEOLOGICAL" }, "geometry": { "type": "Polygon", "coordinates": [ [ [ 80.070031147743293, 21.700033841714347 ], [ 80.069966979443919, 21.710022397928004 ], [ 80.059968506292549, 21.709965990264156 ], [ 80.060033364197523, 21.699977462571791 ], [ 80.070031147743293, 21.700033841714347 ] ] ] } },
{ "type": "Feature", "properties": { "zone_id": "r05_c02", "lat": 21.705, "lon": 80.075, "n_mineralized_obs": 0, "n_barren_obs": 1, "label_class": "barren", "conflict": false, "label": 0.0, "label_source": "REAL_GEOLOGICAL" }, "geometry": { "type": "Polygon", "coordinates": [ [ [ 80.08003081702185, 21.700033526026392 ], [ 80.079967338646739, 21.710022110529206 ], [ 80.069968837022529, 21.709966306103951 ], [ 80.070033005011069, 21.699977749817485 ], [ 80.08003081702185, 21.700033526026392 ] ] ] } },
{ "type": "Feature", "properties": { "zone_id": "r05_c03", "lat": 21.705, "lon": 80.085, "n_mineralized_obs": 0, "n_barren_obs": 1, "label_class": "barren", "conflict": false, "label": 0.0, "label_source": "REAL_GEOLOGICAL" }, "geometry": { "type": "Polygon", "coordinates": [ [ [ 80.090030486146404, 21.700033210490499 ], [ 80.089967697697418, 21.710021822976682 ], [ 80.079969167906498, 21.709966621791679 ], [ 80.080032645976644, 21.699978037216912 ], [ 80.090030486146404, 21.700033210490499 ] ] ] } },
{ "type": "Feature", "properties": { "zone_id": "r05_c04", "lat": 21.705, "lon": 80.095, "n_mineralized_obs": 0, "n_barren_obs": 1, "label_class": "barren", "conflict": false, "label": 0.0, "label_source": "REAL_GEOLOGICAL" }, "geometry": { "type": "Polygon", "coordinates": [ [ [ 80.100030155117011, 21.700032895106677 ], [ 80.099968056595998, 21.710021535270432 ], [ 80.089969498944498, 21.709966937327348 ], [ 80.090032287094317, 21.699978324770068 ], [ 80.100030155117011, 21.700032895106677 ] ] ] } },
{ "type": "Feature", "properties": { "zone_id": "r05_c05", "lat": 21.705, "lon": 80.105, "n_mineralized_obs": 0, "n_barren_obs": 1, "label_class": "barren", "conflict": false, "label": 0.0, "label_source": "REAL_GEOLOGICAL" }, "geometry": { "type": "Polygon", "coordinates": [ [ [ 80.11002982393363, 21.700032579874943 ], [ 80.10996841534245, 21.710021247410463 ], [ 80.099969830136516, 21.709967252710939 ], [ 80.100031928364075, 21.699978612476951 ], [ 80.11002982393363, 21.700032579874943 ] ] ] } },
{ "type": "Feature", "properties": { "zone_id": "r05_c06", "lat": 21.705, "lon": 80.115, "n_mineralized_obs": 0, "n_barren_obs": 1, "label_class": "barren", "conflict": false, "label": 0.0, "label_source": "REAL_GEOLOGICAL" }, "geometry": { "type": "Polygon", "coordinates": [ [ [ 80.120029492596302, 21.700032264795311 ], [ 80.119968773936733, 21.71002095939679 ], [ 80.109970161482494, 21.709967567942442 ], [ 80.110031569785917, 21.699978900337545 ], [ 80.120029492596302, 21.700032264795311 ] ] ] } },
{ "type": "Feature", "properties": { "zone_id": "r05_c07", "lat": 21.705, "lon": 80.125, "n_mineralized_obs": 0, "n_barren_obs": 1, "label_class": "barren", "conflict": false, "label": 0.0, "label_source": "REAL_GEOLOGICAL" }, "geometry": { "type": "Polygon", "coordinates": [ [ [ 80.130029161105043, 21.700031949867775 ], [ 80.129969132378889, 21.710020671229412 ], [ 80.119970492982489, 21.709967883021843 ], [ 80.120031211359887, 21.699979188351847 ], [ 80.130029161105043, 21.700031949867775 ] ] ] } },
{ "type": "Feature", "properties": { "zone_id": "r05_c08", "lat": 21.705, "lon": 80.135, "n_mineralized_obs": 0, "n_barren_obs": 1, "label_class": "barren", "conflict": false, "label": 0.0, "label_source": "REAL_GEOLOGICAL" }, "geometry": { "type": "Polygon", "coordinates": [ [ [ 80.140028829459837, 21.700031635092351 ], [ 80.139969490668875, 21.710020382908347 ], [ 80.129970824636445, 21.709968197949145 ], [ 80.130030853085998, 21.699979476519832 ], [ 80.140028829459837, 21.700031635092351 ] ] ] } },
{ "type": "Feature", "properties": { "zone_id": "r05_c09", "lat": 21.705, "lon": 80.145, "n_mineralized_obs": 0, "n_barren_obs": 1, "label_class": "barren", "conflict": false, "label": 0.0, "label_source": "REAL_GEOLOGICAL" }, "geometry": { "type": "Polygon", "coordinates": [ [ [ 80.150028497660728, 21.700031320469051 ], [ 80.149969848806677, 21.710020094433606 ], [ 80.139971156444375, 21.709968512724338 ], [ 80.140030494964208, 21.699979764841505 ], [ 80.150028497660728, 21.700031320469051 ] ] ] } },
{ "type": "Feature", "properties": { "zone_id": "r05_c10", "lat": 21.705, "lon": 80.155, "n_mineralized_obs": 0, "n_barren_obs": 1, "label_class": "barren", "conflict": false, "label": 0.0, "label_source": "REAL_GEOLOGICAL" }, "geometry": { "type": "Polygon", "coordinates": [ [ [ 80.160028165707701, 21.700031005997896 ], [ 80.159970206792309, 21.710019805805196 ], [ 80.149971488406251, 21.709968827347407 ], [ 80.150030136994573, 21.699980053316867 ], [ 80.160028165707701, 21.700031005997896 ] ] ] } },
{ "type": "Feature", "properties": { "zone_id": "r05_c11", "lat": 21.705, "lon": 80.165, "n_mineralized_obs": 0, "n_barren_obs": 1, "label_class": "barren", "conflict": false, "label": 0.0, "label_source": "REAL_GEOLOGICAL" }, "geometry": { "type": "Polygon", "coordinates": [ [ [ 80.17002783360077, 21.700030691678869 ], [ 80.169970564625757, 21.710019517023106 ], [ 80.159971820522074, 21.70996914181833 ], [ 80.160029779177094, 21.699980341945896 ], [ 80.17002783360077, 21.700030691678869 ] ] ] } },
{ "type": "Feature", "properties": { "zone_id": "r05_c12", "lat": 21.705, "lon": 80.175, "n_mineralized_obs": 0, "n_barren_obs": 1, "label_class": "barren", "conflict": false, "label": 0.0, "label_source": "REAL_GEOLOGICAL" }, "geometry": { "type": "Polygon", "coordinates": [ [ [ 80.180027501339936, 21.700030377512 ], [ 80.179970922306964, 21.710019228087369 ], [ 80.169972152791814, 21.709969456137117 ], [ 80.170029421511757, 21.699980630728579 ], [ 80.180027501339936, 21.700030377512 ] ] ] } },
{ "type": "Feature", "properties": { "zone_id": "r05_c13", "lat": 21.705, "lon": 80.185, "n_mineralized_obs": 0, "n_barren_obs": 1, "label_class": "barren", "conflict": false, "label": 0.0, "label_source": "REAL_GEOLOGICAL" }, "geometry": { "type": "Polygon", "coordinates": [ [ [ 80.190027168925226, 21.700030063497291 ], [ 80.189971279835973, 21.71001893899799 ], [ 80.179972485215501, 21.709969770303754 ], [ 80.180029063998631, 21.699980919664917 ], [ 80.190027168925226, 21.700030063497291 ] ] ] } },
{ "type": "Feature", "properties": { "zone_id": "r05_c14", "lat": 21.705, "lon": 80.195, "n_mineralized_obs": 0, "n_barren_obs": 1, "label_class": "barren", "conflict": false, "label": 0.0, "label_source": "REAL_GEOLOGICAL" }, "geometry": { "type": "Polygon", "coordinates": [ [ [ 80.200026836356642, 21.700029749634748 ], [ 80.199971637212755, 21.710018649754968 ], [ 80.189972817793091, 21.709970084318233 ], [ 80.190028706637676, 21.699981208754895 ], [ 80.200026836356642, 21.700029749634748 ] ] ] } },
{ "type": "Feature", "properties": { "zone_id": "r05_c15", "lat": 21.705, "lon": 80.205, "n_mineralized_obs": 0, "n_barren_obs": 1, "label_class": "barren", "conflict": false, "label": 0.0, "label_source": "REAL_GEOLOGICAL" }, "geometry": { "type": "Polygon", "coordinates": [ [ [ 80.210026503634211, 21.700029435924389 ], [ 80.209971994437282, 21.710018360358319 ], [ 80.199973150524585, 21.709970398180531 ], [ 80.200028349428905, 21.699981497998511 ], [ 80.210026503634211, 21.700029435924389 ] ] ] } },
{ "type": "Feature", "properties": { "zone_id": "r05_c16", "lat": 21.705, "lon": 80.215, "n_mineralized_obs": 0, "n_barren_obs": 1, "label_class": "barren", "conflict": false, "label": 0.0, "label_source": "REAL_GEOLOGICAL" }, "geometry": { "type": "Polygon", "coordinates": [ [ [ 80.220026170757905, 21.700029122366217 ], [ 80.219972351509597, 21.710018070808047 ], [ 80.20997348341001, 21.709970711890648 ], [ 80.21002799237236, 21.69998178739575 ], [ 80.220026170757905, 21.700029122366217 ] ] ] } },
{ "type": "Feature", "properties": { "zone_id": "r05_c17", "lat": 21.705, "lon": 80.225, "n_mineralized_obs": 0, "n_barren_obs": 1, "label_class": "barren", "conflict": false, "label": 0.0, "label_source": "REAL_GEOLOGICAL" }, "geometry": { "type": "Polygon", "coordinates": [ [ [ 80.230025837727766, 21.700028808960244 ], [ 80.229972708429614, 21.710017781104163 ], [ 80.219973816449269, 21.709971025448581 ], [ 80.220027635468014, 21.699982076946611 ], [ 80.230025837727766, 21.700028808960244 ] ] ] } },
{ "type": "Feature", "properties": { "zone_id": "r05_c18", "lat": 21.705, "lon": 80.235, "n_mineralized_obs": 0, "n_barren_obs": 1, "label_class": "barren", "conflict": false, "label": 0.0, "label_source": "REAL_GEOLOGICAL" }, "geometry": { "type": "Polygon", "coordinates": [ [ [ 80.24002550454378, 21.700028495706469 ], [ 80.239973065197375, 21.710017491246678 ], [ 80.229974149642416, 21.709971338854313 ], [ 80.230027278715895, 21.699982366651074 ], [ 80.24002550454378, 21.700028495706469 ] ] ] } },
{ "type": "Feature", "properties": { "zone_id": "r05_c19", "lat": 21.705, "lon": 80.245, "n_mineralized_obs": 0, "n_barren_obs": 1, "label_class": "barren", "conflict": false, "label": 0.0, "label_source": "REAL_GEOLOGICAL" }, "geometry": { "type": "Polygon", "coordinates": [ [ [ 80.250025171206005, 21.700028182604932 ], [ 80.249973421812868, 21.710017201235601 ], [ 80.239974482989453, 21.709971652107839 ], [ 80.240026922116044, 21.699982656509146 ], [ 80.250025171206005, 21.700028182604932 ] ] ] } },
{ "type": "Feature", "properties": { "zone_id": "r05_c20", "lat": 21.705, "lon": 80.255, "n_mineralized_obs": 0, "n_barren_obs": 1, "label_class": "barren", "conflict": false, "label": 0.0, "label_source": "REAL_GEOLOGICAL" }, "geometry": { "type": "Polygon", "coordinates": [ [ [ 80.260024837714397, 21.700027869655607 ], [ 80.259973778276049, 21.71001691107093 ], [ 80.249974816490308, 21.709971965209139 ], [ 80.250026565668421, 21.699982946520805 ], [ 80.260024837714397, 21.700027869655607 ] ] ] } },
{ "type": "Feature", "properties": { "zone_id": "r05_c21", "lat": 21.705, "lon": 80.265, "n_mineralized_obs": 0, "n_barren_obs": 1, "label_class": "barren", "conflict": false, "label": 0.0, "label_source": "REAL_GEOLOGICAL" }, "geometry": { "type": "Polygon", "coordinates": [ [ [ 80.270024504068985, 21.700027556858515 ], [ 80.269974134586946, 21.710016620752686 ], [ 80.259975150145038, 21.709972278158212 ], [ 80.260026209373066, 21.699983236686045 ], [ 80.270024504068985, 21.700027556858515 ] ] ] } },
{ "type": "Feature", "properties": { "zone_id": "r05_c22", "lat": 21.705, "lon": 80.275, "n_mineralized_obs": 0, "n_barren_obs": 1, "label_class": "barren", "conflict": false, "label": 0.0, "label_source": "REAL_GEOLOGICAL" }, "geometry": { "type": "Polygon", "coordinates": [ [ [ 80.280024170269783, 21.700027244213675 ], [ 80.279974490745516, 21.710016330280872 ], [ 80.269975483953587, 21.709972590955054 ], [ 80.270025853229981, 21.699983527004857 ], [ 80.280024170269783, 21.700027244213675 ] ] ] } },
{ "type": "Feature", "properties": { "zone_id": "r05_c23", "lat": 21.705, "lon": 80.285, "n_mineralized_obs": 0, "n_barren_obs": 1, "label_class": "barren", "conflict": false, "label": 0.0, "label_source": "REAL_GEOLOGICAL" }, "geometry": { "type": "Polygon", "coordinates": [ [ [ 80.290023836316792, 21.700026931721094 ], [ 80.289974846751761, 21.710016039655507 ], [ 80.279975817915954, 21.709972903599649 ], [ 80.280025497239151, 21.699983817477243 ], [ 80.290023836316792, 21.700026931721094 ] ] ] } },
{ "type": "Feature", "properties": { "zone_id": "r05_c24", "lat": 21.705, "lon": 80.295, "n_mineralized_obs": 0, "n_barren_obs": 1, "label_class": "barren", "conflict": false, "label": 0.0, "label_source": "REAL_GEOLOGICAL" }, "geometry": { "type": "Polygon", "coordinates": [ [ [ 80.300023502210053, 21.700026619380775 ], [ 80.299975202605694, 21.710015748876586 ], [ 80.289976152032153, 21.709973216091988 ], [ 80.290025141400662, 21.69998410810318 ], [ 80.300023502210053, 21.700026619380775 ] ] ] } },
{ "type": "Feature", "properties": { "zone_id": "r05_c25", "lat": 21.705, "lon": 80.305, "n_mineralized_obs": 0, "n_barren_obs": 1, "label_class": "barren", "conflict": false, "label": 0.0, "label_source": "REAL_GEOLOGICAL" }, "geometry": { "type": "Polygon", "coordinates": [ [ [ 80.310023167949524, 21.700026307192726 ], [ 80.309975558307258, 21.710015457944117 ], [ 80.299976486302157, 21.709973528432059 ], [ 80.300024785714442, 21.699984398882663 ], [ 80.310023167949524, 21.700026307192726 ] ] ] } },
{ "type": "Feature", "properties": { "zone_id": "r05_c26", "lat": 21.705, "lon": 80.315, "n_mineralized_obs": 0, "n_barren_obs": 1, "label_class": "barren", "conflict": false, "label": 0.0, "label_source": "REAL_GEOLOGICAL" }, "geometry": { "type": "Polygon", "coordinates": [ [ [ 80.320022833535262, 21.70002599515696 ], [ 80.319975913856481, 21.710015166858124 ], [ 80.309976820725936, 21.709973840619853 ], [ 80.310024430180547, 21.699984689815686 ], [ 80.320022833535262, 21.70002599515696 ] ] ] } },
{ "type": "Feature", "properties": { "zone_id": "r05_c27", "lat": 21.705, "lon": 80.325, "n_mineralized_obs": 0, "n_barren_obs": 1, "label_class": "barren", "conflict": false, "label": 0.0, "label_source": "REAL_GEOLOGICAL" }, "geometry": { "type": "Polygon", "coordinates": [ [ [ 80.330022498967239, 21.700025683273488 ], [ 80.329976269253322, 21.710014875618594 ], [ 80.319977155303519, 21.70997415265537 ], [ 80.32002407479898, 21.69998498090224 ], [ 80.330022498967239, 21.700025683273488 ] ] ] } },
{ "type": "Feature", "properties": { "zone_id": "r05_c28", "lat": 21.705, "lon": 80.335, "n_mineralized_obs": 0, "n_barren_obs": 1, "label_class": "barren", "conflict": false, "label": 0.0, "label_source": "REAL_GEOLOGICAL" }, "geometry": { "type": "Polygon", "coordinates": [ [ [ 80.340022164245482, 21.70002537154231 ], [ 80.33997662449778, 21.710014584225554 ], [ 80.32997749003485, 21.70997446453859 ], [ 80.330023719569724, 21.69998527214231 ], [ 80.340022164245482, 21.70002537154231 ] ] ] } },
{ "type": "Feature", "properties": { "zone_id": "r05_c29", "lat": 21.705, "lon": 80.345, "n_mineralized_obs": 0, "n_barren_obs": 1, "label_class": "barren", "conflict": false, "label": 0.0, "label_source": "REAL_GEOLOGICAL" }, "geometry": { "type": "Polygon", "coordinates": [ [ [ 80.350021829370021, 21.700025059963448 ], [ 80.349976979589869, 21.710014292679009 ], [ 80.339977824919984, 21.709974776269505 ], [ 80.340023364492851, 21.699985563535897 ], [ 80.350021829370021, 21.700025059963448 ] ] ] } },
{ "type": "Feature", "properties": { "zone_id": "r06_c00", "lat": 21.715, "lon": 80.055, "n_mineralized_obs": 0, "n_barren_obs": 1, "label_class": "barren", "conflict": false, "label": 0.0, "label_source": "REAL_GEOLOGICAL" }, "geometry": { "type": "Polygon", "coordinates": [ [ [ 80.06003149276215, 21.710034174026593 ], [ 80.059966601619806, 21.720022689603677 ], [ 80.049968161088927, 21.719965657743668 ], [ 80.050033742178755, 21.709977170992659 ], [ 80.06003149276215, 21.710034174026593 ] ] ] } },
{ "type": "Feature", "properties": { "zone_id": "r06_c01", "lat": 21.715, "lon": 80.065, "n_mineralized_obs": 0, "n_barren_obs": 1, "label_class": "barren", "conflict": false, "label": 0.0, "label_source": "REAL_GEOLOGICAL" }, "geometry": { "type": "Polygon", "coordinates": [ [ [ 80.070031162019575, 21.710033858075722 ], [ 80.069966961149774, 21.720022402247711 ], [ 80.059968491839982, 21.719965973846364 ], [ 80.060033382665154, 21.709977458195521 ], [ 80.070031162019575, 21.710033858075722 ] ] ] } },
{ "type": "Feature", "properties": { "zone_id": "r06_c02", "lat": 21.715, "lon": 80.075, "n_mineralized_obs": 0, "n_barren_obs": 1, "label_class": "barren", "conflict": false, "label": 0.0, "label_source": "REAL_GEOLOGICAL" }, "geometry": { "type": "Polygon", "coordinates": [ [ [ 80.080030831123011, 21.710033542276918 ], [ 80.079967320527658, 21.72002211473799 ], [ 80.069968822745082, 21.719966289797 ], [ 80.070033023303623, 21.709977745552145 ], [ 80.080030831123011, 21.710033542276918 ] ] ] } },
{ "type": "Feature", "properties": { "zone_id": "r06_c03", "lat": 21.715, "lon": 80.085, "n_mineralized_obs": 0, "n_barren_obs": 1, "label_class": "barren", "conflict": false, "label": 0.0, "label_source": "REAL_GEOLOGICAL" }, "geometry": { "type": "Polygon", "coordinates": [ [ [ 80.090030500072459, 21.71003322663017 ], [ 80.089967679753414, 21.720021827074543 ], [ 80.079969153804186, 21.719966605595584 ], [ 80.080032664094134, 21.709978033062498 ], [ 80.090030500072459, 21.71003322663017 ] ] ] } },
{ "type": "Feature", "properties": { "zone_id": "r06_c04", "lat": 21.715, "lon": 80.095, "n_mineralized_obs": 0, "n_barren_obs": 1, "label_class": "barren", "conflict": false, "label": 0.0, "label_source": "REAL_GEOLOGICAL" }, "geometry": { "type": "Polygon", "coordinates": [ [ [ 80.100030168867946, 21.710032911135496 ], [ 80.099968038827072, 21.72002153925737 ], [ 80.08996948501732, 21.719966921242097 ], [ 80.090032305036758, 21.709978320726574 ], [ 80.100030168867946, 21.710032911135496 ] ] ] } },
{ "type": "Feature", "properties": { "zone_id": "r06_c05", "lat": 21.715, "lon": 80.105, "n_mineralized_obs": 0, "n_barren_obs": 1, "label_class": "barren", "conflict": false, "label": 0.0, "label_source": "REAL_GEOLOGICAL" }, "geometry": { "type": "Polygon", "coordinates": [ [ [ 80.110029837509458, 21.710032595792914 ], [ 80.109968397748602, 21.720021251286472 ], [ 80.099969816384458, 21.719967236736544 ], [ 80.100031946131452, 21.709978608544382 ], [ 80.110029837509458, 21.710032595792914 ] ] ] } },
{ "type": "Feature", "properties": { "zone_id": "r06_c06", "lat": 21.715, "lon": 80.115, "n_mineralized_obs": 0, "n_barren_obs": 1, "label_class": "barren", "conflict": false, "label": 0.0, "label_source": "REAL_GEOLOGICAL" }, "geometry": { "type": "Polygon", "coordinates": [ [ [ 80.120029505997024, 21.71003228060243 ], [ 80.119968756517963, 21.720020963161886 ], [ 80.109970147905557, 21.719967552078899 ], [ 80.110031587378231, 21.709978896515899 ], [ 80.120029505997024, 21.71003228060243 ] ] ] } },
{ "type": "Feature", "properties": { "zone_id": "r06_c07", "lat": 21.715, "lon": 80.125, "n_mineralized_obs": 0, "n_barren_obs": 1, "label_class": "barren", "conflict": false, "label": 0.0, "label_source": "REAL_GEOLOGICAL" }, "geometry": { "type": "Polygon", "coordinates": [ [ [ 80.130029174330645, 21.710031965564038 ], [ 80.129969115135196, 21.720020674883585 ], [ 80.119970479580687, 21.719967867269162 ], [ 80.120031228777151, 21.709979184641117 ], [ 80.130029174330645, 21.710031965564038 ] ] ] } },
{ "type": "Feature", "properties": { "zone_id": "r06_c08", "lat": 21.715, "lon": 80.135, "n_mineralized_obs": 0, "n_barren_obs": 1, "label_class": "barren", "conflict": false, "label": 0.0, "label_source": "REAL_GEOLOGICAL" }, "geometry": { "type": "Polygon", "coordinates": [ [ [ 80.140028842510333, 21.710031650677763 ], [ 80.13996947360026, 21.720020386451598 ], [ 80.129970811409763, 21.719968182307312 ], [ 80.130030870328184, 21.709979472920029 ], [ 80.140028842510333, 21.710031650677763 ] ] ] } },
{ "type": "Feature", "properties": { "zone_id": "r06_c09", "lat": 21.715, "lon": 80.145, "n_mineralized_obs": 0, "n_barren_obs": 1, "label_class": "barren", "conflict": false, "label": 0.0, "label_source": "REAL_GEOLOGICAL" }, "geometry": { "type": "Polygon", "coordinates": [ [ [ 80.150028510536103, 21.710031335943615 ], [ 80.149969831913154, 21.720020097865937 ], [ 80.139971143392813, 21.719968497193356 ], [ 80.140030512031331, 21.709979761352635 ], [ 80.150028510536103, 21.710031335943615 ] ] ] } },
{ "type": "Feature", "properties": { "zone_id": "r06_c10", "lat": 21.715, "lon": 80.155, "n_mineralized_obs": 0, "n_barren_obs": 1, "label_class": "barren", "conflict": false, "label": 0.0, "label_source": "REAL_GEOLOGICAL" }, "geometry": { "type": "Polygon", "coordinates": [ [ [ 80.160028178407956, 21.710031021361598 ], [ 80.159970190073864, 21.720019809126594 ], [ 80.149971475529824, 21.71996881192727 ], [ 80.150030153886632, 21.709980049938913 ], [ 80.160028178407956, 21.710031021361598 ] ] ] } },
{ "type": "Feature", "properties": { "zone_id": "r06_c11", "lat": 21.715, "lon": 80.165, "n_mineralized_obs": 1, "n_barren_obs": 0, "label_class": "mineralized", "conflict": false, "label": 1.0, "label_source": "REAL_GEOLOGICAL" }, "geometry": { "type": "Polygon", "coordinates": [ [ [ 80.170027846125919, 21.710030706931711 ], [ 80.169970548082389, 21.720019520233592 ], [ 80.159971807820781, 21.719969126509056 ], [ 80.16002979589409, 21.70998033867885 ], [ 80.170027846125919, 21.710030706931711 ] ] ] } },
{ "type": "Feature", "properties": { "zone_id": "r06_c12", "lat": 21.715, "lon": 80.175, "n_mineralized_obs": 1, "n_barren_obs": 0, "label_class": "mineralized", "conflict": false, "label": 1.0, "label_source": "REAL_GEOLOGICAL" }, "geometry": { "type": "Polygon", "coordinates": [ [ [ 80.180027513689964, 21.710030392653984 ], [ 80.179970905938688, 21.720019231186935 ], [ 80.169972140265642, 21.719969440938698 ], [ 80.170029438053703, 21.709980627572467 ], [ 80.180027513689964, 21.710030392653984 ] ] ] } },
{ "type": "Feature", "properties": { "zone_id": "r06_c13", "lat": 21.715, "lon": 80.185, "n_mineralized_obs": 1, "n_barren_obs": 0, "label_class": "mineralized", "conflict": false, "label": 1.0, "label_source": "REAL_GEOLOGICAL" }, "geometry": { "type": "Polygon", "coordinates": [ [ [ 80.190027181100135, 21.710030078528423 ], [ 80.189971263642775, 21.720018941986634 ], [ 80.179972472864449, 21.719969755216201 ], [ 80.180029080365486, 21.709980916619728 ], [ 80.190027181100135, 21.710030078528423 ] ] ] } },
{ "type": "Feature", "properties": { "zone_id": "r06_c14", "lat": 21.715, "lon": 80.195, "n_mineralized_obs": 1, "n_barren_obs": 0, "label_class": "mineralized", "conflict": false, "label": 1.0, "label_source": "REAL_GEOLOGICAL" }, "geometry": { "type": "Polygon", "coordinates": [ [ [ 80.200026848356444, 21.710029764555021 ], [ 80.199971621194649, 21.720018652632689 ], [ 80.189972805617174, 21.719970069341528 ], [ 80.190028722829453, 21.709981205820629 ], [ 80.200026848356444, 21.710029764555021 ] ] ] } },
{ "type": "Feature", "properties": { "zone_id": "r06_c15", "lat": 21.715, "lon": 80.205, "n_mineralized_obs": 1, "n_barren_obs": 0, "label_class": "mineralized", "conflict": false, "label": 1.0, "label_source": "REAL_GEOLOGICAL" }, "geometry": { "type": "Polygon", "coordinates": [ [ [ 80.210026515458878, 21.710029450733803 ], [ 80.209971978594268, 21.720018363125121 ], [ 80.199973138523802, 21.719970383314688 ], [ 80.200028365445633, 21.709981495175175 ], [ 80.210026515458878, 21.710029450733803 ] ] ] } },
{ "type": "Feature", "properties": { "zone_id": "r06_c16", "lat": 21.715, "lon": 80.215, "n_mineralized_obs": 1, "n_barren_obs": 0, "label_class": "mineralized", "conflict": false, "label": 1.0, "label_source": "REAL_GEOLOGICAL" }, "geometry": { "type": "Polygon", "coordinates": [ [ [ 80.220026182407494, 21.710029137064776 ], [ 80.219972335841661, 21.72001807346393 ], [ 80.209973471584334, 21.719970697135672 ], [ 80.210028008214024, 21.70998178468334 ], [ 80.220026182407494, 21.710029137064776 ] ] ] } },
{ "type": "Feature", "properties": { "zone_id": "r06_c17", "lat": 21.715, "lon": 80.225, "n_mineralized_obs": 0, "n_barren_obs": 1, "label_class": "barren", "conflict": false, "label": 0.0, "label_source": "REAL_GEOLOGICAL" }, "geometry": { "type": "Polygon", "coordinates": [ [ [ 80.230025849202221, 21.710028823547937 ], [ 80.229972692936755, 21.720017783649119 ], [ 80.219973804798727, 21.719971010804461 ], [ 80.2200276511346, 21.709982074345113 ], [ 80.230025849202221, 21.710028823547937 ] ] ] } },
{ "type": "Feature", "properties": { "zone_id": "r06_c18", "lat": 21.715, "lon": 80.235, "n_mineralized_obs": 0, "n_barren_obs": 1, "label_class": "barren", "conflict": false, "label": 0.0, "label_source": "REAL_GEOLOGICAL" }, "geometry": { "type": "Polygon", "coordinates": [ [ [ 80.240025515843143, 21.71002851018331 ], [ 80.239973049879609, 21.720017493680711 ], [ 80.229974138167023, 21.719971324321051 ], [ 80.230027294207417, 21.709982364160503 ], [ 80.240025515843143, 21.71002851018331 ] ] ] } },
{ "type": "Feature", "properties": { "zone_id": "r06_c19", "lat": 21.715, "lon": 80.245, "n_mineralized_obs": 0, "n_barren_obs": 1, "label_class": "barren", "conflict": false, "label": 0.0, "label_source": "REAL_GEOLOGICAL" }, "geometry": { "type": "Polygon", "coordinates": [ [ [ 80.250025182330234, 21.710028196970896 ], [ 80.249973406670208, 21.720017203558712 ], [ 80.239974471689166, 21.719971637685433 ], [ 80.240026937432489, 21.709982654129494 ], [ 80.250025182330234, 21.710028196970896 ] ] ] } },
{ "type": "Feature", "properties": { "zone_id": "r06_c20", "lat": 21.715, "lon": 80.255, "n_mineralized_obs": 0, "n_barren_obs": 1, "label_class": "barren", "conflict": false, "label": 0.0, "label_source": "REAL_GEOLOGICAL" }, "geometry": { "type": "Polygon", "coordinates": [ [ [ 80.260024848663505, 21.710027883910712 ], [ 80.259973763308466, 21.720016913283132 ], [ 80.24997480536517, 21.719971950897598 ], [ 80.250026580809774, 21.709982944252069 ], [ 80.260024848663505, 21.710027883910712 ] ] ] } },
{ "type": "Feature", "properties": { "zone_id": "r06_c21", "lat": 21.715, "lon": 80.265, "n_mineralized_obs": 0, "n_barren_obs": 1, "label_class": "barren", "conflict": false, "label": 0.0, "label_source": "REAL_GEOLOGICAL" }, "geometry": { "type": "Polygon", "coordinates": [ [ [ 80.270024514842987, 21.710027571002769 ], [ 80.269974119794455, 21.720016622853962 ], [ 80.259975139195021, 21.719972263957537 ], [ 80.26002622433937, 21.709983234528234 ], [ 80.270024514842987, 21.710027571002769 ] ] ] } },
{ "type": "Feature", "properties": { "zone_id": "r06_c22", "lat": 21.715, "lon": 80.275, "n_mineralized_obs": 0, "n_barren_obs": 1, "label_class": "barren", "conflict": false, "label": 0.0, "label_source": "REAL_GEOLOGICAL" }, "geometry": { "type": "Polygon", "coordinates": [ [ [ 80.280024180868679, 21.710027258247067 ], [ 80.279974476128132, 21.720016332271225 ], [ 80.269975473178704, 21.719972576865239 ], [ 80.270025868021193, 21.709983524957977 ], [ 80.280024180868679, 21.710027258247067 ] ] ] } },
{ "type": "Feature", "properties": { "zone_id": "r06_c23", "lat": 21.715, "lon": 80.285, "n_mineralized_obs": 0, "n_barren_obs": 1, "label_class": "barren", "conflict": false, "label": 0.0, "label_source": "REAL_GEOLOGICAL" }, "geometry": { "type": "Polygon", "coordinates": [ [ [ 80.290023846740553, 21.710026945643616 ], [ 80.289974832309454, 21.720016041534937 ], [ 80.279975807316191, 21.719972889620696 ], [ 80.2800255118553, 21.709983815541271 ], [ 80.290023846740553, 21.710026945643616 ] ] ] } },
{ "type": "Feature", "properties": { "zone_id": "r06_c24", "lat": 21.715, "lon": 80.295, "n_mineralized_obs": 0, "n_barren_obs": 1, "label_class": "barren", "conflict": false, "label": 0.0, "label_source": "REAL_GEOLOGICAL" }, "geometry": { "type": "Polygon", "coordinates": [ [ [ 80.300023512458694, 21.710026633192435 ], [ 80.299975188338479, 21.720015750645096 ], [ 80.289976141607525, 21.719973202223898 ], [ 80.290025155841718, 21.709984106278139 ], [ 80.300023512458694, 21.710026633192435 ] ] ] } },
{ "type": "Feature", "properties": { "zone_id": "r06_c25", "lat": 21.715, "lon": 80.305, "n_mineralized_obs": 0, "n_barren_obs": 1, "label_class": "barren", "conflict": false, "label": 0.0, "label_source": "REAL_GEOLOGICAL" }, "geometry": { "type": "Polygon", "coordinates": [ [ [ 80.310023178023073, 21.710026320893519 ], [ 80.309975544215121, 21.720015459601708 ], [ 80.299976476052649, 21.719973514674834 ], [ 80.300024799980434, 21.70998439716854 ], [ 80.310023178023073, 21.710026320893519 ] ] ] } },
{ "type": "Feature", "properties": { "zone_id": "r06_c26", "lat": 21.715, "lon": 80.315, "n_mineralized_obs": 0, "n_barren_obs": 1, "label_class": "barren", "conflict": false, "label": 0.0, "label_source": "REAL_GEOLOGICAL" }, "geometry": { "type": "Polygon", "coordinates": [ [ [ 80.320022843433676, 21.710026008746883 ], [ 80.319975899939436, 21.720015168404796 ], [ 80.309976810651577, 21.719973826973497 ], [ 80.310024444271477, 21.709984688212483 ], [ 80.320022843433676, 21.710026008746883 ] ] ] } },
{ "type": "Feature", "properties": { "zone_id": "r06_c27", "lat": 21.715, "lon": 80.325, "n_mineralized_obs": 0, "n_barren_obs": 1, "label_class": "barren", "conflict": false, "label": 0.0, "label_source": "REAL_GEOLOGICAL" }, "geometry": { "type": "Polygon", "coordinates": [ [ [ 80.330022508690547, 21.710025696752549 ], [ 80.329976255511383, 21.72001487705435 ], [ 80.31997714540428, 21.719974139119877 ], [ 80.320024088714831, 21.709984979409956 ], [ 80.330022508690547, 21.710025696752549 ] ] ] } },
{ "type": "Feature", "properties": { "zone_id": "r06_c28", "lat": 21.715, "lon": 80.335, "n_mineralized_obs": 0, "n_barren_obs": 1, "label_class": "barren", "conflict": false, "label": 0.0, "label_source": "REAL_GEOLOGICAL" }, "geometry": { "type": "Polygon", "coordinates": [ [ [ 80.34002217379367, 21.710025384910509 ], [ 80.339976610930933, 21.720014585550391 ], [ 80.329977480310745, 21.719974451113963 ], [ 80.330023733310497, 21.709985270760956 ], [ 80.34002217379367, 21.710025384910509 ] ] ] } },
{ "type": "Feature", "properties": { "zone_id": "r06_c29", "lat": 21.715, "lon": 80.345, "n_mineralized_obs": 0, "n_barren_obs": 1, "label_class": "barren", "conflict": false, "label": 0.0, "label_source": "REAL_GEOLOGICAL" }, "geometry": { "type": "Polygon", "coordinates": [ [ [ 80.350021838743089, 21.710025073220777 ], [ 80.349976966198128, 21.720014293892927 ], [ 80.339977815371, 21.719974762955747 ], [ 80.340023378058547, 21.709985562265462 ], [ 80.350021838743089, 21.710025073220777 ] ] ] } },
{ "type": "Feature", "properties": { "zone_id": "r07_c00", "lat": 21.725, "lon": 80.055, "n_mineralized_obs": 0, "n_barren_obs": 1, "label_class": "barren", "conflict": false, "label": 0.0, "label_source": "REAL_GEOLOGICAL" }, "geometry": { "type": "Polygon", "coordinates": [ [ [ 80.060031507215086, 21.720034190497529 ], [ 80.059966583147556, 21.730022694028595 ], [ 80.04996814645969, 21.729965641216328 ], [ 80.050033760824476, 21.71997716651121 ], [ 80.060031507215086, 21.720034190497529 ] ] ] } },
{ "type": "Feature", "properties": { "zone_id": "r07_c01", "lat": 21.725, "lon": 80.065, "n_mineralized_obs": 0, "n_barren_obs": 1, "label_class": "barren", "conflict": false, "label": 0.0, "label_source": "REAL_GEOLOGICAL" }, "geometry": { "type": "Polygon", "coordinates": [ [ [ 80.070031176297363, 21.720033874435849 ], [ 80.069966942852616, 21.730022406561734 ], [ 80.05996847738588, 21.729965957429826 ], [ 80.060033401135797, 21.719977453824963 ], [ 80.070031176297363, 21.720033874435849 ] ] ] } },
{ "type": "Feature", "properties": { "zone_id": "r07_c02", "lat": 21.725, "lon": 80.075, "n_mineralized_obs": 0, "n_barren_obs": 1, "label_class": "barren", "conflict": false, "label": 0.0, "label_source": "REAL_GEOLOGICAL" }, "geometry": { "type": "Polygon", "coordinates": [ [ [ 80.080030845225664, 21.720033558526232 ], [ 80.079967302405606, 21.730022118941132 ], [ 80.069968808466129, 21.729966273491286 ], [ 80.070033041599189, 21.719977741292464 ], [ 80.080030845225664, 21.720033558526232 ] ] ] } },
{ "type": "Feature", "properties": { "zone_id": "r07_c03", "lat": 21.725, "lon": 80.085, "n_mineralized_obs": 0, "n_barren_obs": 1, "label_class": "barren", "conflict": false, "label": 0.0, "label_source": "REAL_GEOLOGICAL" }, "geometry": { "type": "Polygon", "coordinates": [ [ [ 80.090030513999963, 21.720033242768668 ], [ 80.089967661806455, 21.730021831166791 ], [ 80.079969139700381, 21.729966589400675 ], [ 80.080032682214608, 21.719978028913701 ], [ 80.090030513999963, 21.720033242768668 ] ] ] } },
{ "type": "Feature", "properties": { "zone_id": "r07_c04", "lat": 21.725, "lon": 80.095, "n_mineralized_obs": 0, "n_barren_obs": 1, "label_class": "barren", "conflict": false, "label": 0.0, "label_source": "REAL_GEOLOGICAL" }, "geometry": { "type": "Polygon", "coordinates": [ [ [ 80.100030182620316, 21.720032927163189 ], [ 80.099968021055233, 21.730021543238738 ], [ 80.089969471088665, 21.729966905158012 ], [ 80.090032322982154, 21.719978316688671 ], [ 80.100030182620316, 21.720032927163189 ] ] ] } },
{ "type": "Feature", "properties": { "zone_id": "r07_c05", "lat": 21.725, "lon": 80.105, "n_mineralized_obs": 0, "n_barren_obs": 1, "label_class": "barren", "conflict": false, "label": 0.0, "label_source": "REAL_GEOLOGICAL" }, "geometry": { "type": "Polygon", "coordinates": [ [ [ 80.110029851086708, 21.720032611709787 ], [ 80.109968380151841, 21.730021255156963 ], [ 80.099969802630952, 21.729967220763267 ], [ 80.100031963901756, 21.719978604617364 ], [ 80.110029851086708, 21.720032611709787 ] ] ] } },
{ "type": "Feature", "properties": { "zone_id": "r07_c06", "lat": 21.725, "lon": 80.115, "n_mineralized_obs": 0, "n_barren_obs": 1, "label_class": "barren", "conflict": false, "label": 0.0, "label_source": "REAL_GEOLOGICAL" }, "geometry": { "type": "Polygon", "coordinates": [ [ [ 80.120029519399111, 21.72003229640848 ], [ 80.119968739096322, 21.730020966921476 ], [ 80.109970134327213, 21.729967536216432 ], [ 80.110031604973457, 21.719978892699761 ], [ 80.120029519399111, 21.72003229640848 ] ] ] } },
{ "type": "Feature", "properties": { "zone_id": "r07_c07", "lat": 21.725, "lon": 80.125, "n_mineralized_obs": 0, "n_barren_obs": 1, "label_class": "barren", "conflict": false, "label": 0.0, "label_source": "REAL_GEOLOGICAL" }, "geometry": { "type": "Polygon", "coordinates": [ [ [ 80.130029187557611, 21.720031981259279 ], [ 80.129969097888662, 21.730020678532295 ], [ 80.119970466177492, 21.729967851517507 ], [ 80.120031246197286, 21.719979180935869 ], [ 80.130029187557611, 21.720031981259279 ] ] ] } },
{ "type": "Feature", "properties": { "zone_id": "r07_c08", "lat": 21.725, "lon": 80.135, "n_mineralized_obs": 0, "n_barren_obs": 1, "label_class": "barren", "conflict": false, "label": 0.0, "label_source": "REAL_GEOLOGICAL" }, "geometry": { "type": "Polygon", "coordinates": [ [ [ 80.140028855562164, 21.720031666262191 ], [ 80.139969456528831, 21.73002038998942 ], [ 80.129970798181716, 21.729968166666481 ], [ 80.130030887573213, 21.719979469325672 ], [ 80.140028855562164, 21.720031666262191 ] ] ] } },
{ "type": "Feature", "properties": { "zone_id": "r07_c09", "lat": 21.725, "lon": 80.145, "n_mineralized_obs": 1, "n_barren_obs": 0, "label_class": "mineralized", "conflict": false, "label": 1.0, "label_source": "REAL_GEOLOGICAL" }, "geometry": { "type": "Polygon", "coordinates": [ [ [ 80.150028523412786, 21.720031351417219 ], [ 80.149969815016831, 21.730020101292872 ], [ 80.139971130339916, 21.729968481663338 ], [ 80.140030529101281, 21.719979757869154 ], [ 80.150028523412786, 21.720031351417219 ] ] ] } },
{ "type": "Feature", "properties": { "zone_id": "r07_c10", "lat": 21.725, "lon": 80.155, "n_mineralized_obs": 1, "n_barren_obs": 0, "label_class": "mineralized", "conflict": false, "label": 1.0, "label_source": "REAL_GEOLOGICAL" }, "geometry": { "type": "Polygon", "coordinates": [ [ [ 80.160028191109504, 21.720031036724375 ], [ 80.159970173352647, 21.730019812442645 ], [ 80.149971462652076, 21.729968796508071 ], [ 80.150030170781491, 21.719980046566317 ], [ 80.160028191109504, 21.720031036724375 ] ] ] } },
{ "type": "Feature", "properties": { "zone_id": "r07_c11", "lat": 21.725, "lon": 80.165, "n_mineralized_obs": 1, "n_barren_obs": 0, "label_class": "mineralized", "conflict": false, "label": 1.0, "label_source": "REAL_GEOLOGICAL" }, "geometry": { "type": "Polygon", "coordinates": [ [ [ 80.170027858652332, 21.720030722183683 ], [ 80.169970531536279, 21.730019523438759 ], [ 80.159971795118182, 21.729969111200674 ], [ 80.160029812613857, 21.719980335417155 ], [ 80.170027858652332, 21.720030722183683 ] ] ] } },
{ "type": "Feature", "properties": { "zone_id": "r07_c12", "lat": 21.725, "lon": 80.175, "n_mineralized_obs": 1, "n_barren_obs": 0, "label_class": "mineralized", "conflict": false, "label": 1.0, "label_source": "REAL_GEOLOGICAL" }, "geometry": { "type": "Polygon", "coordinates": [ [ [ 80.180027526041243, 21.720030407795136 ], [ 80.179970889567684, 21.730019234281219 ], [ 80.169972127738205, 21.729969425741142 ], [ 80.170029454598378, 21.719980624421652 ], [ 80.180027526041243, 21.720030407795136 ] ] ] } },
{ "type": "Feature", "properties": { "zone_id": "r07_c13", "lat": 21.725, "lon": 80.185, "n_mineralized_obs": 1, "n_barren_obs": 0, "label_class": "mineralized", "conflict": false, "label": 1.0, "label_source": "REAL_GEOLOGICAL" }, "geometry": { "type": "Polygon", "coordinates": [ [ [ 80.190027193276279, 21.720030093558748 ], [ 80.189971247446891, 21.730018944970023 ], [ 80.179972460512175, 21.729969740129448 ], [ 80.180029096735069, 21.7199809135798 ], [ 80.190027193276279, 21.720030093558748 ] ] ] } },
{ "type": "Feature", "properties": { "zone_id": "r07_c14", "lat": 21.725, "lon": 80.195, "n_mineralized_obs": 1, "n_barren_obs": 0, "label_class": "mineralized", "conflict": false, "label": 1.0, "label_source": "REAL_GEOLOGICAL" }, "geometry": { "type": "Polygon", "coordinates": [ [ [ 80.20002686035744, 21.72002977947453 ], [ 80.199971605173857, 21.730018655505205 ], [ 80.189972793440035, 21.729970054365605 ], [ 80.190028739023944, 21.719981202891585 ], [ 80.20002686035744, 21.72002977947453 ] ] ] } },
{ "type": "Feature", "properties": { "zone_id": "r07_c15", "lat": 21.725, "lon": 80.205, "n_mineralized_obs": 1, "n_barren_obs": 0, "label_class": "mineralized", "conflict": false, "label": 1.0, "label_source": "REAL_GEOLOGICAL" }, "geometry": { "type": "Polygon", "coordinates": [ [ [ 80.210026527284739, 21.720029465542488 ], [ 80.209971962748597, 21.730018365886743 ], [ 80.199973126521826, 21.729970368449585 ], [ 80.200028381465017, 21.719981492357007 ], [ 80.210026527284739, 21.720029465542488 ] ] ] } },
{ "type": "Feature", "properties": { "zone_id": "r07_c16", "lat": 21.725, "lon": 80.215, "n_mineralized_obs": 1, "n_barren_obs": 0, "label_class": "mineralized", "conflict": false, "label": 1.0, "label_source": "REAL_GEOLOGICAL" }, "geometry": { "type": "Polygon", "coordinates": [ [ [ 80.220026194058207, 21.720029151762635 ], [ 80.219972320171095, 21.730018076114671 ], [ 80.209973459757506, 21.729970682381389 ], [ 80.210028024058317, 21.71998178197606 ], [ 80.220026194058207, 21.720029151762635 ] ] ] } },
{ "type": "Feature", "properties": { "zone_id": "r07_c17", "lat": 21.725, "lon": 80.225, "n_mineralized_obs": 1, "n_barren_obs": 0, "label_class": "mineralized", "conflict": false, "label": 1.0, "label_source": "REAL_GEOLOGICAL" }, "geometry": { "type": "Polygon", "coordinates": [ [ [ 80.230025860677799, 21.720028838134972 ], [ 80.22997267744131, 21.730017786188974 ], [ 80.219973793147048, 21.729970996160993 ], [ 80.220027666803816, 21.719982071748721 ], [ 80.230025860677799, 21.720028838134972 ] ] ] } },
{ "type": "Feature", "properties": { "zone_id": "r07_c18", "lat": 21.725, "lon": 80.235, "n_mineralized_obs": 1, "n_barren_obs": 0, "label_class": "mineralized", "conflict": false, "label": 1.0, "label_source": "REAL_GEOLOGICAL" }, "geometry": { "type": "Polygon", "coordinates": [ [ [ 80.240025527143573, 21.720028524659522 ], [ 80.23997303455927, 21.730017496109692 ], [ 80.229974126690479, 21.729971309788414 ], [ 80.230027309701526, 21.719982361674997 ], [ 80.240025527143573, 21.720028524659522 ] ] ] } },
{ "type": "Feature", "properties": { "zone_id": "r07_c19", "lat": 21.725, "lon": 80.245, "n_mineralized_obs": 0, "n_barren_obs": 1, "label_class": "barren", "conflict": false, "label": 0.0, "label_source": "REAL_GEOLOGICAL" }, "geometry": { "type": "Polygon", "coordinates": [ [ [ 80.250025193455542, 21.720028211336295 ], [ 80.249973391524975, 21.730017205876802 ], [ 80.239974460387799, 21.729971623263626 ], [ 80.240026952751506, 21.719982651754872 ], [ 80.250025193455542, 21.720028211336295 ] ] ] } },
{ "type": "Feature", "properties": { "zone_id": "r07_c20", "lat": 21.725, "lon": 80.255, "n_mineralized_obs": 0, "n_barren_obs": 1, "label_class": "barren", "conflict": false, "label": 0.0, "label_source": "REAL_GEOLOGICAL" }, "geometry": { "type": "Polygon", "coordinates": [ [ [ 80.260024859613665, 21.720027898165281 ], [ 80.259973748338354, 21.730016915490332 ], [ 80.249974794238938, 21.729971936586615 ], [ 80.250026595953713, 21.719982941988334 ], [ 80.260024859613665, 21.720027898165281 ] ] ] } },
{ "type": "Feature", "properties": { "zone_id": "r07_c21", "lat": 21.725, "lon": 80.265, "n_mineralized_obs": 0, "n_barren_obs": 1, "label_class": "barren", "conflict": false, "label": 0.0, "label_source": "REAL_GEOLOGICAL" }, "geometry": { "type": "Polygon", "coordinates": [ [ [ 80.270024525618012, 21.720027585146507 ], [ 80.269974104999449, 21.730016624950281 ], [ 80.259975128243951, 21.72997224975737 ], [ 80.260026239308189, 21.71998323237538 ], [ 80.270024525618012, 21.720027585146507 ] ] ] } },
{ "type": "Feature", "properties": { "zone_id": "r07_c22", "lat": 21.725, "lon": 80.275, "n_mineralized_obs": 0, "n_barren_obs": 1, "label_class": "barren", "conflict": false, "label": 0.0, "label_source": "REAL_GEOLOGICAL" }, "geometry": { "type": "Polygon", "coordinates": [ [ [ 80.280024191468556, 21.720027272279982 ], [ 80.279974461508232, 21.730016334256671 ], [ 80.269975462402783, 21.729972562775909 ], [ 80.27002588281492, 21.719983522916003 ], [ 80.280024191468556, 21.720027272279982 ] ] ] } },
{ "type": "Feature", "properties": { "zone_id": "r07_c23", "lat": 21.725, "lon": 80.285, "n_mineralized_obs": 0, "n_barren_obs": 1, "label_class": "barren", "conflict": false, "label": 0.0, "label_source": "REAL_GEOLOGICAL" }, "geometry": { "type": "Polygon", "coordinates": [ [ [ 80.290023857165309, 21.720026959565701 ], [ 80.289974817864675, 21.730016043409496 ], [ 80.279975796715433, 21.729972875642183 ], [ 80.280025526473935, 21.719983813610185 ], [ 80.290023857165309, 21.720026959565701 ] ] ] } },
{ "type": "Feature", "properties": { "zone_id": "r07_c24", "lat": 21.725, "lon": 80.295, "n_mineralized_obs": 0, "n_barren_obs": 1, "label_class": "barren", "conflict": false, "label": 0.0, "label_source": "REAL_GEOLOGICAL" }, "geometry": { "type": "Polygon", "coordinates": [ [ [ 80.300023522708301, 21.720026647003689 ], [ 80.29997517406882, 21.730015752408768 ], [ 80.289976131181916, 21.729973188356212 ], [ 80.290025170285261, 21.719984104457932 ], [ 80.300023522708301, 21.720026647003689 ] ] ] } },
{ "type": "Feature", "properties": { "zone_id": "r07_c25", "lat": 21.725, "lon": 80.305, "n_mineralized_obs": 0, "n_barren_obs": 1, "label_class": "barren", "conflict": false, "label": 0.0, "label_source": "REAL_GEOLOGICAL" }, "geometry": { "type": "Polygon", "coordinates": [ [ [ 80.310023188097531, 21.720026334593943 ], [ 80.309975530120582, 21.730015461254496 ], [ 80.299976465802189, 21.729973500917982 ], [ 80.300024814248886, 21.719984395459221 ], [ 80.310023188097531, 21.720026334593943 ] ] ] } },
{ "type": "Feature", "properties": { "zone_id": "r07_c26", "lat": 21.725, "lon": 80.315, "n_mineralized_obs": 0, "n_barren_obs": 1, "label_class": "barren", "conflict": false, "label": 0.0, "label_source": "REAL_GEOLOGICAL" }, "geometry": { "type": "Polygon", "coordinates": [ [ [ 80.320022853333001, 21.720026022336487 ], [ 80.319975886020018, 21.7300151699467 ], [ 80.309976800576266, 21.729973813327472 ], [ 80.310024458364794, 21.719984686614051 ], [ 80.320022853333001, 21.720026022336487 ] ] ] } },
{ "type": "Feature", "properties": { "zone_id": "r07_c27", "lat": 21.725, "lon": 80.325, "n_mineralized_obs": 0, "n_barren_obs": 1, "label_class": "barren", "conflict": false, "label": 0.0, "label_source": "REAL_GEOLOGICAL" }, "geometry": { "type": "Polygon", "coordinates": [ [ [ 80.330022518414722, 21.720025710231315 ], [ 80.329976241767071, 21.730014878485377 ], [ 80.319977135504118, 21.729974125584683 ], [ 80.320024102633042, 21.719984977922408 ], [ 80.330022518414722, 21.720025710231315 ] ] ] } },
{ "type": "Feature", "properties": { "zone_id": "r07_c28", "lat": 21.725, "lon": 80.335, "n_mineralized_obs": 0, "n_barren_obs": 1, "label_class": "barren", "conflict": false, "label": 0.0, "label_source": "REAL_GEOLOGICAL" }, "geometry": { "type": "Polygon", "coordinates": [ [ [ 80.340022183342725, 21.720025398278437 ], [ 80.339976597361755, 21.730014586870524 ], [ 80.329977470585746, 21.729974437689584 ], [ 80.33002374705363, 21.719985269384274 ], [ 80.340022183342725, 21.720025398278437 ] ] ] } },
{ "type": "Feature", "properties": { "zone_id": "r07_c29", "lat": 21.725, "lon": 80.345, "n_mineralized_obs": 0, "n_barren_obs": 1, "label_class": "barren", "conflict": false, "label": 0.0, "label_source": "REAL_GEOLOGICAL" }, "geometry": { "type": "Polygon", "coordinates": [ [ [ 80.350021848116995, 21.720025086477886 ], [ 80.349976952804056, 21.730014295102187 ], [ 80.339977805821164, 21.729974749642206 ], [ 80.340023391626559, 21.719985560999675 ], [ 80.350021848116995, 21.720025086477886 ] ] ] } },
{ "type": "Feature", "properties": { "zone_id": "r08_c00", "lat": 21.735, "lon": 80.055, "n_mineralized_obs": 0, "n_barren_obs": 1, "label_class": "barren", "conflict": false, "label": 0.0, "label_source": "REAL_GEOLOGICAL" }, "geometry": { "type": "Polygon", "coordinates": [ [ [ 80.060031521669529, 21.730034206967172 ], [ 80.05996656467228, 21.740022698447778 ], [ 80.049968131828891, 21.739965624690285 ], [ 80.050033779473225, 21.729977162035489 ], [ 80.060031521669529, 21.730034206967172 ] ] ] } },
{ "type": "Feature", "properties": { "zone_id": "r08_c01", "lat": 21.735, "lon": 80.065, "n_mineralized_obs": 0, "n_barren_obs": 1, "label_class": "barren", "conflict": false, "label": 0.0, "label_source": "REAL_GEOLOGICAL" }, "geometry": { "type": "Polygon", "coordinates": [ [ [ 80.070031190576657, 21.730033890794726 ], [ 80.069966924552475, 21.740022410870068 ], [ 80.059968462930257, 21.739965941014564 ], [ 80.060033419609439, 21.729977449460097 ], [ 80.070031190576657, 21.730033890794726 ] ] ] } },
{ "type": "Feature", "properties": { "zone_id": "r08_c02", "lat": 21.735, "lon": 80.075, "n_mineralized_obs": 0, "n_barren_obs": 1, "label_class": "barren", "conflict": false, "label": 0.0, "label_source": "REAL_GEOLOGICAL" }, "geometry": { "type": "Polygon", "coordinates": [ [ [ 80.080030859329796, 21.730033574774321 ], [ 80.079967284280585, 21.740022123138615 ], [ 80.069968794185684, 21.739966257186786 ], [ 80.070033059897725, 21.729977737038443 ], [ 80.080030859329796, 21.730033574774321 ] ] ] } },
{ "type": "Feature", "properties": { "zone_id": "r08_c03", "lat": 21.735, "lon": 80.085, "n_mineralized_obs": 0, "n_barren_obs": 1, "label_class": "barren", "conflict": false, "label": 0.0, "label_source": "REAL_GEOLOGICAL" }, "geometry": { "type": "Polygon", "coordinates": [ [ [ 80.090030527928931, 21.730033258905994 ], [ 80.089967643856568, 21.74002183525343 ], [ 80.079969125595099, 21.739966573206953 ], [ 80.080032700338052, 21.729978024770539 ], [ 80.090030527928931, 21.730033258905994 ] ] ] } },
{ "type": "Feature", "properties": { "zone_id": "r08_c04", "lat": 21.735, "lon": 80.095, "n_mineralized_obs": 0, "n_barren_obs": 1, "label_class": "barren", "conflict": false, "label": 0.0, "label_source": "REAL_GEOLOGICAL" }, "geometry": { "type": "Polygon", "coordinates": [ [ [ 80.100030196374135, 21.730032943189734 ], [ 80.099968003280452, 21.740021547214525 ], [ 80.08996945715856, 21.739966889075067 ], [ 80.090032340930478, 21.729978312656357 ], [ 80.100030196374135, 21.730032943189734 ] ] ] } },
{ "type": "Feature", "properties": { "zone_id": "r08_c05", "lat": 21.735, "lon": 80.105, "n_mineralized_obs": 0, "n_barren_obs": 1, "label_class": "barren", "conflict": false, "label": 0.0, "label_source": "REAL_GEOLOGICAL" }, "geometry": { "type": "Polygon", "coordinates": [ [ [ 80.11002986466535, 21.730032627625551 ], [ 80.109968362552209, 21.740021259021901 ], [ 80.09996978887601, 21.7399672047911 ], [ 80.100031981674974, 21.729978600695887 ], [ 80.11002986466535, 21.730032627625551 ] ] ] } },
{ "type": "Feature", "properties": { "zone_id": "r08_c06", "lat": 21.735, "lon": 80.115, "n_mineralized_obs": 0, "n_barren_obs": 1, "label_class": "barren", "conflict": false, "label": 0.0, "label_source": "REAL_GEOLOGICAL" }, "geometry": { "type": "Polygon", "coordinates": [ [ [ 80.120029532802604, 21.730032312213471 ], [ 80.11996872167181, 21.740020970675573 ], [ 80.109970120747462, 21.739967520355044 ], [ 80.110031622571555, 21.729978888889143 ], [ 80.120029532802604, 21.730032312213471 ] ] ] } },
{ "type": "Feature", "properties": { "zone_id": "r08_c07", "lat": 21.735, "lon": 80.125, "n_mineralized_obs": 1, "n_barren_obs": 0, "label_class": "mineralized", "conflict": false, "label": 1.0, "label_source": "REAL_GEOLOGICAL" }, "geometry": { "type": "Polygon", "coordinates": [ [ [ 80.130029200785941, 21.730031996953489 ], [ 80.129969080639285, 21.740020682175537 ], [ 80.119970452772904, 21.739967835766898 ], [ 80.120031263620277, 21.729979177236096 ], [ 80.130029200785941, 21.730031996953489 ] ] ] } },
{ "type": "Feature", "properties": { "zone_id": "r08_c08", "lat": 21.735, "lon": 80.135, "n_mineralized_obs": 1, "n_barren_obs": 0, "label_class": "mineralized", "conflict": false, "label": 1.0, "label_source": "REAL_GEOLOGICAL" }, "geometry": { "type": "Polygon", "coordinates": [ [ [ 80.140028868615317, 21.730031681845624 ], [ 80.139969439454575, 21.740020393521828 ], [ 80.129970784952306, 21.739968151026652 ], [ 80.130030904821098, 21.729979465736751 ], [ 80.140028868615317, 21.730031681845624 ] ] ] } },
{ "type": "Feature", "properties": { "zone_id": "r08_c09", "lat": 21.735, "lon": 80.145, "n_mineralized_obs": 1, "n_barren_obs": 0, "label_class": "mineralized", "conflict": false, "label": 1.0, "label_source": "REAL_GEOLOGICAL" }, "geometry": { "type": "Polygon", "coordinates": [ [ [ 80.15002853629079, 21.730031366889875 ], [ 80.149969798117709, 21.740020104714429 ], [ 80.139971117285697, 21.739968466134297 ], [ 80.14003054617406, 21.729979754391088 ], [ 80.15002853629079, 21.730031366889875 ] ] ] } },
{ "type": "Feature", "properties": { "zone_id": "r08_c10", "lat": 21.735, "lon": 80.155, "n_mineralized_obs": 1, "n_barren_obs": 0, "label_class": "mineralized", "conflict": false, "label": 1.0, "label_source": "REAL_GEOLOGICAL" }, "geometry": { "type": "Polygon", "coordinates": [ [ [ 80.160028203812345, 21.73003105208625 ], [ 80.159970156628646, 21.740019815753353 ], [ 80.14997144977302, 21.739968781089811 ], [ 80.15003018767915, 21.729980043199106 ], [ 80.160028203812345, 21.73003105208625 ] ] ] } },
{ "type": "Feature", "properties": { "zone_id": "r08_c11", "lat": 21.735, "lon": 80.165, "n_mineralized_obs": 1, "n_barren_obs": 0, "label_class": "mineralized", "conflict": false, "label": 1.0, "label_source": "REAL_GEOLOGICAL" }, "geometry": { "type": "Polygon", "coordinates": [ [ [ 80.170027871180011, 21.730030737434767 ], [ 80.169970514987426, 21.740019526638616 ], [ 80.159971782414303, 21.739969095893191 ], [ 80.160029829336409, 21.729980332160782 ], [ 80.170027871180011, 21.730030737434767 ] ] ] } },
{ "type": "Feature", "properties": { "zone_id": "r08_c12", "lat": 21.735, "lon": 80.175, "n_mineralized_obs": 1, "n_barren_obs": 0, "label_class": "mineralized", "conflict": false, "label": 1.0, "label_source": "REAL_GEOLOGICAL" }, "geometry": { "type": "Polygon", "coordinates": [ [ [ 80.180027538393759, 21.730030422935439 ], [ 80.179970873193952, 21.74001923737022 ], [ 80.169972115209504, 21.739969410544429 ], [ 80.17002947114581, 21.729980621276116 ], [ 80.180027538393759, 21.730030422935439 ] ] ] } },
{ "type": "Feature", "properties": { "zone_id": "r08_c13", "lat": 21.735, "lon": 80.185, "n_mineralized_obs": 1, "n_barren_obs": 0, "label_class": "mineralized", "conflict": false, "label": 1.0, "label_source": "REAL_GEOLOGICAL" }, "geometry": { "type": "Polygon", "coordinates": [ [ [ 80.190027205453632, 21.73003010858827 ], [ 80.189971231248279, 21.74001894794819 ], [ 80.179972448158637, 21.73996972504353 ], [ 80.180029113107381, 21.729980910545116 ], [ 80.190027205453632, 21.73003010858827 ] ] ] } },
{ "type": "Feature", "properties": { "zone_id": "r08_c14", "lat": 21.735, "lon": 80.195, "n_mineralized_obs": 1, "n_barren_obs": 0, "label_class": "mineralized", "conflict": false, "label": 1.0, "label_source": "REAL_GEOLOGICAL" }, "geometry": { "type": "Polygon", "coordinates": [ [ [ 80.200026872359643, 21.730029794393268 ], [ 80.199971589150394, 21.740018658372517 ], [ 80.189972781261687, 21.739970039390467 ], [ 80.190028755221135, 21.729981199967753 ], [ 80.200026872359643, 21.730029794393268 ] ] ] } },
{ "type": "Feature", "properties": { "zone_id": "r08_c15", "lat": 21.735, "lon": 80.205, "n_mineralized_obs": 1, "n_barren_obs": 0, "label_class": "mineralized", "conflict": false, "label": 1.0, "label_source": "REAL_GEOLOGICAL" }, "geometry": { "type": "Polygon", "coordinates": [ [ [ 80.210026539111766, 21.730029480350446 ], [ 80.209971946900254, 21.740018368643216 ], [ 80.199973114518642, 21.739970353585235 ], [ 80.200028397487102, 21.729981489544027 ], [ 80.210026539111766, 21.730029480350446 ] ] ] } },
{ "type": "Feature", "properties": { "zone_id": "r08_c16", "lat": 21.735, "lon": 80.215, "n_mineralized_obs": 1, "n_barren_obs": 0, "label_class": "mineralized", "conflict": false, "label": 1.0, "label_source": "REAL_GEOLOGICAL" }, "geometry": { "type": "Polygon", "coordinates": [ [ [ 80.22002620571007, 21.730029166459804 ], [ 80.219972304497901, 21.740018078760293 ], [ 80.209973447929499, 21.739970667627819 ], [ 80.210028039905282, 21.729981779273924 ], [ 80.22002620571007, 21.730029166459804 ] ] ] } },
{ "type": "Feature", "properties": { "zone_id": "r08_c17", "lat": 21.735, "lon": 80.225, "n_mineralized_obs": 1, "n_barren_obs": 0, "label_class": "mineralized", "conflict": false, "label": 1.0, "label_source": "REAL_GEOLOGICAL" }, "geometry": { "type": "Polygon", "coordinates": [ [ [ 80.230025872154499, 21.730028852721361 ], [ 80.229972661943265, 21.740017788723748 ], [ 80.219973781494232, 21.739970981518212 ], [ 80.220027682475646, 21.729982069157433 ], [ 80.230025872154499, 21.730028852721361 ] ] ] } },
{ "type": "Feature", "properties": { "zone_id": "r08_c18", "lat": 21.735, "lon": 80.235, "n_mineralized_obs": 1, "n_barren_obs": 0, "label_class": "mineralized", "conflict": false, "label": 1.0, "label_source": "REAL_GEOLOGICAL" }, "geometry": { "type": "Polygon", "coordinates": [ [ [ 80.24002553844511, 21.730028539135123 ], [ 80.239973019236359, 21.740017498533614 ], [ 80.229974115212841, 21.739971295256414 ], [ 80.23002732519825, 21.729982359194558 ], [ 80.24002553844511, 21.730028539135123 ] ] ] } },
{ "type": "Feature", "properties": { "zone_id": "r08_c19", "lat": 21.735, "lon": 80.245, "n_mineralized_obs": 1, "n_barren_obs": 0, "label_class": "mineralized", "conflict": false, "label": 1.0, "label_source": "REAL_GEOLOGICAL" }, "geometry": { "type": "Polygon", "coordinates": [ [ [ 80.250025204581902, 21.730028225701105 ], [ 80.249973376377184, 21.740017208189887 ], [ 80.239974449085338, 21.73997160884241 ], [ 80.24002696807311, 21.729982649385281 ], [ 80.250025204581902, 21.730028225701105 ] ] ] } },
{ "type": "Feature", "properties": { "zone_id": "r08_c20", "lat": 21.735, "lon": 80.255, "n_mineralized_obs": 1, "n_barren_obs": 0, "label_class": "mineralized", "conflict": false, "label": 1.0, "label_source": "REAL_GEOLOGICAL" }, "geometry": { "type": "Polygon", "coordinates": [ [ [ 80.260024870564877, 21.730027912419303 ], [ 80.259973733365712, 21.740016917692561 ], [ 80.249974783111654, 21.739971922276183 ], [ 80.250026611100182, 21.729982939729585 ], [ 80.260024870564877, 21.730027912419303 ] ] ] } },
{ "type": "Feature", "properties": { "zone_id": "r08_c21", "lat": 21.735, "lon": 80.265, "n_mineralized_obs": 0, "n_barren_obs": 1, "label_class": "barren", "conflict": false, "label": 0.0, "label_source": "REAL_GEOLOGICAL" }, "geometry": { "type": "Polygon", "coordinates": [ [ [ 80.270024536394061, 21.730027599289745 ], [ 80.269974090201956, 21.740016627041673 ], [ 80.25997511729183, 21.739972235557737 ], [ 80.260026254279538, 21.729983230227489 ], [ 80.270024536394061, 21.730027599289745 ] ] ] } },
{ "type": "Feature", "properties": { "zone_id": "r08_c22", "lat": 21.735, "lon": 80.275, "n_mineralized_obs": 0, "n_barren_obs": 1, "label_class": "barren", "conflict": false, "label": 0.0, "label_source": "REAL_GEOLOGICAL" }, "geometry": { "type": "Polygon", "coordinates": [ [ [ 80.280024202069441, 21.730027286312421 ], [ 80.279974446885859, 21.740016336237208 ], [ 80.269975451625854, 21.739972548687049 ], [ 80.270025897611163, 21.729983520878953 ], [ 80.280024202069441, 21.730027286312421 ] ] ] } },
{ "type": "Feature", "properties": { "zone_id": "r08_c23", "lat": 21.735, "lon": 80.285, "n_mineralized_obs": 0, "n_barren_obs": 1, "label_class": "barren", "conflict": false, "label": 0.0, "label_source": "REAL_GEOLOGICAL" }, "geometry": { "type": "Polygon", "coordinates": [ [ [ 80.290023867591032, 21.730026973487355 ], [ 80.289974803417437, 21.740016045279184 ], [ 80.279975786113681, 21.739972861664121 ], [ 80.280025541095043, 21.729983811683987 ], [ 80.290023867591032, 21.730026973487355 ] ] ] } },
{ "type": "Feature", "properties": { "zone_id": "r08_c24", "lat": 21.735, "lon": 80.295, "n_mineralized_obs": 0, "n_barren_obs": 1, "label_class": "barren", "conflict": false, "label": 0.0, "label_source": "REAL_GEOLOGICAL" }, "geometry": { "type": "Polygon", "coordinates": [ [ [ 80.300023532958846, 21.730026660814552 ], [ 80.29997515979673, 21.740015754167612 ], [ 80.289976120755327, 21.739973174488938 ], [ 80.290025184731249, 21.729984102642575 ], [ 80.300023532958846, 21.730026660814552 ] ] ] } },
{ "type": "Feature", "properties": { "zone_id": "r08_c25", "lat": 21.735, "lon": 80.305, "n_mineralized_obs": 0, "n_barren_obs": 1, "label_class": "barren", "conflict": false, "label": 0.0, "label_source": "REAL_GEOLOGICAL" }, "geometry": { "type": "Polygon", "coordinates": [ [ [ 80.310023198172914, 21.730026348294022 ], [ 80.309975516023641, 21.740015462902502 ], [ 80.299976455550791, 21.7399734871615 ], [ 80.300024828519739, 21.729984393754709 ], [ 80.310023198172914, 21.730026348294022 ] ] ] } },
{ "type": "Feature", "properties": { "zone_id": "r08_c26", "lat": 21.735, "lon": 80.315, "n_mineralized_obs": 0, "n_barren_obs": 1, "label_class": "barren", "conflict": false, "label": 0.0, "label_source": "REAL_GEOLOGICAL" }, "geometry": { "type": "Polygon", "coordinates": [ [ [ 80.320022863233234, 21.730026035925764 ], [ 80.319975872098212, 21.740015171483854 ], [ 80.309976790500045, 21.739973799681778 ], [ 80.31002447246054, 21.729984685020383 ], [ 80.320022863233234, 21.730026035925764 ] ] ] } },
{ "type": "Feature", "properties": { "zone_id": "r08_c27", "lat": 21.735, "lon": 80.325, "n_mineralized_obs": 0, "n_barren_obs": 1, "label_class": "barren", "conflict": false, "label": 0.0, "label_source": "REAL_GEOLOGICAL" }, "geometry": { "type": "Polygon", "coordinates": [ [ [ 80.330022528139793, 21.730025723709812 ], [ 80.329976228020413, 21.740014879911691 ], [ 80.319977125603089, 21.739974112049783 ], [ 80.320024116553668, 21.729984976439592 ], [ 80.330022528139793, 21.730025723709812 ] ] ] } },
{ "type": "Feature", "properties": { "zone_id": "r08_c28", "lat": 21.735, "lon": 80.335, "n_mineralized_obs": 0, "n_barren_obs": 1, "label_class": "barren", "conflict": false, "label": 0.0, "label_source": "REAL_GEOLOGICAL" }, "geometry": { "type": "Polygon", "coordinates": [ [ [ 80.340022192892619, 21.730025411646146 ], [ 80.339976583790218, 21.740014588186003 ], [ 80.32997746085988, 21.739974424265487 ], [ 80.330023760799108, 21.729985268012314 ], [ 80.340022192892619, 21.730025411646146 ] ] ] } },
{ "type": "Feature", "properties": { "zone_id": "r08_c29", "lat": 21.735, "lon": 80.345, "n_mineralized_obs": 0, "n_barren_obs": 1, "label_class": "barren", "conflict": false, "label": 0.0, "label_source": "REAL_GEOLOGICAL" }, "geometry": { "type": "Polygon", "coordinates": [ [ [ 80.35002185749174, 21.730025099734792 ], [ 80.349976939407668, 21.740014296306803 ], [ 80.33997779627046, 21.73997473632889 ], [ 80.340023405196916, 21.729985559738555 ], [ 80.35002185749174, 21.730025099734792 ] ] ] } },
{ "type": "Feature", "properties": { "zone_id": "r09_c00", "lat": 21.745, "lon": 80.055, "n_mineralized_obs": 0, "n_barren_obs": 1, "label_class": "barren", "conflict": false, "label": 0.0, "label_source": "REAL_GEOLOGICAL" }, "geometry": { "type": "Polygon", "coordinates": [ [ [ 80.060031536125521, 21.740034223435547 ], [ 80.059966546193991, 21.750022702861248 ], [ 80.049968117196528, 21.749965608165564 ], [ 80.050033798125028, 21.739977157565523 ], [ 80.060031536125521, 21.740034223435547 ] ] ] } },
{ "type": "Feature", "properties": { "zone_id": "r09_c01", "lat": 21.745, "lon": 80.065, "n_mineralized_obs": 0, "n_barren_obs": 1, "label_class": "barren", "conflict": false, "label": 0.0, "label_source": "REAL_GEOLOGICAL" }, "geometry": { "type": "Polygon", "coordinates": [ [ [ 80.070031204857457, 21.740033907152355 ], [ 80.069966906249334, 21.750022415172726 ], [ 80.059968448473086, 21.749965924600566 ], [ 80.060033438086109, 21.739977445100937 ], [ 80.070031204857457, 21.740033907152355 ] ] ] } },
{ "type": "Feature", "properties": { "zone_id": "r09_c02", "lat": 21.745, "lon": 80.075, "n_mineralized_obs": 0, "n_barren_obs": 1, "label_class": "barren", "conflict": false, "label": 0.0, "label_source": "REAL_GEOLOGICAL" }, "geometry": { "type": "Polygon", "coordinates": [ [ [ 80.080030873435419, 21.74003359102122 ], [ 80.079967266152593, 21.750022127330467 ], [ 80.069968779903704, 21.749966240883541 ], [ 80.070033078199259, 21.739977732790106 ], [ 80.080030873435419, 21.74003359102122 ] ] ] } },
{ "type": "Feature", "properties": { "zone_id": "r09_c03", "lat": 21.745, "lon": 80.085, "n_mineralized_obs": 0, "n_barren_obs": 1, "label_class": "barren", "conflict": false, "label": 0.0, "label_source": "REAL_GEOLOGICAL" }, "geometry": { "type": "Polygon", "coordinates": [ [ [ 80.090030541859363, 21.740033275042144 ], [ 80.089967625903739, 21.750021839334472 ], [ 80.079969111488339, 21.749966557014446 ], [ 80.080032718464466, 21.739978020633007 ], [ 80.090030541859363, 21.740033275042144 ] ] ] } },
{ "type": "Feature", "properties": { "zone_id": "r09_c04", "lat": 21.745, "lon": 80.095, "n_mineralized_obs": 0, "n_barren_obs": 1, "label_class": "barren", "conflict": false, "label": 0.0, "label_source": "REAL_GEOLOGICAL" }, "geometry": { "type": "Polygon", "coordinates": [ [ [ 80.10003021012939, 21.740032959215139 ], [ 80.099967985502772, 21.750021551184744 ], [ 80.089969443226991, 21.749966872993287 ], [ 80.090032358881743, 21.739978308629631 ], [ 80.10003021012939, 21.740032959215139 ] ] ] } },
{ "type": "Feature", "properties": { "zone_id": "r09_c05", "lat": 21.745, "lon": 80.105, "n_mineralized_obs": 0, "n_barren_obs": 1, "label_class": "barren", "conflict": false, "label": 0.0, "label_source": "REAL_GEOLOGICAL" }, "geometry": { "type": "Polygon", "coordinates": [ [ [ 80.110029878245413, 21.740032643540232 ], [ 80.109968344949664, 21.750021262881315 ], [ 80.099969775119646, 21.749967188820065 ], [ 80.100031999451105, 21.739978596779991 ], [ 80.110029878245413, 21.740032643540232 ] ] ] } },
{ "type": "Feature", "properties": { "zone_id": "r09_c06", "lat": 21.745, "lon": 80.115, "n_mineralized_obs": 1, "n_barren_obs": 0, "label_class": "mineralized", "conflict": false, "label": 1.0, "label_source": "REAL_GEOLOGICAL" }, "geometry": { "type": "Polygon", "coordinates": [ [ [ 80.120029546207476, 21.740032328017403 ], [ 80.119968704244428, 21.750020974424178 ], [ 80.109970107166291, 21.749967504494748 ], [ 80.110031640172551, 21.739978885084046 ], [ 80.120029546207476, 21.740032328017403 ] ] ] } },
{ "type": "Feature", "properties": { "zone_id": "r09_c07", "lat": 21.745, "lon": 80.125, "n_mineralized_obs": 1, "n_barren_obs": 0, "label_class": "mineralized", "conflict": false, "label": 1.0, "label_source": "REAL_GEOLOGICAL" }, "geometry": { "type": "Polygon", "coordinates": [ [ [ 80.130029214015622, 21.740032012646683 ], [ 80.129969063387051, 21.750020685813336 ], [ 80.119970439366924, 21.74996782001735 ], [ 80.120031281046138, 21.739979173541819 ], [ 80.130029214015622, 21.740032012646683 ] ] ] } },
{ "type": "Feature", "properties": { "zone_id": "r09_c08", "lat": 21.745, "lon": 80.135, "n_mineralized_obs": 1, "n_barren_obs": 0, "label_class": "mineralized", "conflict": false, "label": 1.0, "label_source": "REAL_GEOLOGICAL" }, "geometry": { "type": "Polygon", "coordinates": [ [ [ 80.140028881669835, 21.740031697428069 ], [ 80.139969422377504, 21.750020397048807 ], [ 80.129970771721545, 21.749968135387839 ], [ 80.130030922071825, 21.739979462153279 ], [ 80.140028881669835, 21.740031697428069 ] ] ] } },
{ "type": "Feature", "properties": { "zone_id": "r09_c09", "lat": 21.745, "lon": 80.145, "n_mineralized_obs": 1, "n_barren_obs": 0, "label_class": "mineralized", "conflict": false, "label": 1.0, "label_source": "REAL_GEOLOGICAL" }, "geometry": { "type": "Polygon", "coordinates": [ [ [ 80.150028549170116, 21.740031382361575 ], [ 80.149969781215788, 21.750020108130592 ], [ 80.139971104230113, 21.749968450606222 ], [ 80.140030563249653, 21.739979750918426 ], [ 80.150028549170116, 21.740031382361575 ] ] ] } },
{ "type": "Feature", "properties": { "zone_id": "r09_c10", "lat": 21.745, "lon": 80.155, "n_mineralized_obs": 1, "n_barren_obs": 0, "label_class": "mineralized", "conflict": false, "label": 1.0, "label_source": "REAL_GEOLOGICAL" }, "geometry": { "type": "Polygon", "coordinates": [ [ [ 80.16002821651648, 21.740031067447212 ], [ 80.159970139901887, 21.750019819058721 ], [ 80.149971436892642, 21.749968765672481 ], [ 80.150030204579608, 21.739980039837253 ], [ 80.16002821651648, 21.740031067447212 ] ] ] } },
{ "type": "Feature", "properties": { "zone_id": "r09_c11", "lat": 21.745, "lon": 80.165, "n_mineralized_obs": 1, "n_barren_obs": 0, "label_class": "mineralized", "conflict": false, "label": 1.0, "label_source": "REAL_GEOLOGICAL" }, "geometry": { "type": "Polygon", "coordinates": [ [ [ 80.170027883708954, 21.74003075268498 ], [ 80.169970498435802, 21.75001952983316 ], [ 80.159971769709131, 21.749969080586606 ], [ 80.160029846061718, 21.739980328909738 ], [ 80.170027883708954, 21.74003075268498 ] ] ] } },
{ "type": "Feature", "properties": { "zone_id": "r09_c12", "lat": 21.745, "lon": 80.175, "n_mineralized_obs": 1, "n_barren_obs": 0, "label_class": "mineralized", "conflict": false, "label": 1.0, "label_source": "REAL_GEOLOGICAL" }, "geometry": { "type": "Polygon", "coordinates": [ [ [ 80.180027550747511, 21.740030438074911 ], [ 80.179970856817491, 21.750019240453963 ], [ 80.169972102679537, 21.749969395348597 ], [ 80.17002948769597, 21.739980618135899 ], [ 80.180027550747511, 21.740030438074911 ] ] ] } },
{ "type": "Feature", "properties": { "zone_id": "r09_c13", "lat": 21.745, "lon": 80.185, "n_mineralized_obs": 1, "n_barren_obs": 0, "label_class": "mineralized", "conflict": false, "label": 1.0, "label_source": "REAL_GEOLOGICAL" }, "geometry": { "type": "Polygon", "coordinates": [ [ [ 80.190027217632206, 21.740030123616993 ], [ 80.189971215046981, 21.750018950921117 ], [ 80.179972435803862, 21.749969709958435 ], [ 80.180029129482421, 21.739980907515701 ], [ 80.190027217632206, 21.740030123616993 ] ] ] } },
{ "type": "Feature", "properties": { "zone_id": "r09_c14", "lat": 21.745, "lon": 80.195, "n_mineralized_obs": 1, "n_barren_obs": 0, "label_class": "mineralized", "conflict": false, "label": 1.0, "label_source": "REAL_GEOLOGICAL" }, "geometry": { "type": "Polygon", "coordinates": [ [ [ 80.200026884363012, 21.740029809311245 ], [ 80.199971573124245, 21.75001866123463 ], [ 80.189972769082118, 21.749970024416122 ], [ 80.190028771421041, 21.739981197049151 ], [ 80.200026884363012, 21.740029809311245 ] ] ] } },
{ "type": "Feature", "properties": { "zone_id": "r09_c15", "lat": 21.745, "lon": 80.205, "n_mineralized_obs": 1, "n_barren_obs": 0, "label_class": "mineralized", "conflict": false, "label": 1.0, "label_source": "REAL_GEOLOGICAL" }, "geometry": { "type": "Polygon", "coordinates": [ [ [ 80.210026550939972, 21.740029495157675 ], [ 80.209971931049282, 21.750018371394518 ], [ 80.199973102514264, 21.749970338721631 ], [ 80.200028413511859, 21.739981486736234 ], [ 80.210026550939972, 21.740029495157675 ] ] ] } },
{ "type": "Feature", "properties": { "zone_id": "r09_c16", "lat": 21.745, "lon": 80.215, "n_mineralized_obs": 1, "n_barren_obs": 0, "label_class": "mineralized", "conflict": false, "label": 1.0, "label_source": "REAL_GEOLOGICAL" }, "geometry": { "type": "Polygon", "coordinates": [ [ [ 80.22002621736307, 21.740029181156284 ], [ 80.219972288822078, 21.750018081400786 ], [ 80.209973436100341, 21.749970652874964 ], [ 80.21002805575489, 21.73998177657694 ], [ 80.22002621736307, 21.740029181156284 ] ] ] } },
{ "type": "Feature", "properties": { "zone_id": "r09_c17", "lat": 21.745, "lon": 80.225, "n_mineralized_obs": 1, "n_barren_obs": 0, "label_class": "mineralized", "conflict": false, "label": 1.0, "label_source": "REAL_GEOLOGICAL" }, "geometry": { "type": "Polygon", "coordinates": [ [ [ 80.230025883632322, 21.740028867307092 ], [ 80.22997264644259, 21.750017791253434 ], [ 80.219973769840266, 21.749970966876109 ], [ 80.220027698150119, 21.739982066571262 ], [ 80.230025883632322, 21.740028867307092 ] ] ] } },
{ "type": "Feature", "properties": { "zone_id": "r09_c18", "lat": 21.745, "lon": 80.235, "n_mineralized_obs": 1, "n_barren_obs": 0, "label_class": "mineralized", "conflict": false, "label": 1.0, "label_source": "REAL_GEOLOGICAL" }, "geometry": { "type": "Polygon", "coordinates": [ [ [ 80.240025549747756, 21.740028553610106 ], [ 80.239973003910848, 21.750017500952488 ], [ 80.229974103734065, 21.74997128072506 ], [ 80.230027340697575, 21.739982356719192 ], [ 80.240025549747756, 21.740028553610106 ] ] ] } },
{ "type": "Feature", "properties": { "zone_id": "r09_c19", "lat": 21.745, "lon": 80.245, "n_mineralized_obs": 1, "n_barren_obs": 0, "label_class": "mineralized", "conflict": false, "label": 1.0, "label_source": "REAL_GEOLOGICAL" }, "geometry": { "type": "Polygon", "coordinates": [ [ [ 80.250025215709357, 21.740028240065335 ], [ 80.24997336122685, 21.750017210497948 ], [ 80.239974437781754, 21.749971594421798 ], [ 80.240026983397286, 21.739982647020721 ], [ 80.250025215709357, 21.740028240065335 ] ] ] } },
{ "type": "Feature", "properties": { "zone_id": "r09_c20", "lat": 21.745, "lon": 80.255, "n_mineralized_obs": 1, "n_barren_obs": 0, "label_class": "mineralized", "conflict": false, "label": 1.0, "label_source": "REAL_GEOLOGICAL" }, "geometry": { "type": "Polygon", "coordinates": [ [ [ 80.260024881517126, 21.740027926672791 ], [ 80.259973718390526, 21.750016919889823 ], [ 80.24997477198329, 21.749971907966327 ], [ 80.250026626249209, 21.739982937475855 ], [ 80.260024881517126, 21.740027926672791 ] ] ] } },
{ "type": "Feature", "properties": { "zone_id": "r09_c21", "lat": 21.745, "lon": 80.265, "n_mineralized_obs": 1, "n_barren_obs": 0, "label_class": "mineralized", "conflict": false, "label": 1.0, "label_source": "REAL_GEOLOGICAL" }, "geometry": { "type": "Polygon", "coordinates": [ [ [ 80.270024547171133, 21.740027613432474 ], [ 80.269974075401919, 21.750016629128119 ], [ 80.259975106338672, 21.749972221358625 ], [ 80.26002626925343, 21.739983228084551 ], [ 80.270024547171133, 21.740027613432474 ] ] ] } },
{ "type": "Feature", "properties": { "zone_id": "r09_c22", "lat": 21.745, "lon": 80.275, "n_mineralized_obs": 0, "n_barren_obs": 1, "label_class": "barren", "conflict": false, "label": 0.0, "label_source": "REAL_GEOLOGICAL" }, "geometry": { "type": "Polygon", "coordinates": [ [ [ 80.280024212671321, 21.740027300344398 ], [ 80.279974432261014, 21.750016338212845 ], [ 80.269975440847887, 21.749972534598694 ], [ 80.270025912409892, 21.739983518846827 ], [ 80.280024212671321, 21.740027300344398 ] ] ] } },
{ "type": "Feature", "properties": { "zone_id": "r09_c23", "lat": 21.745, "lon": 80.285, "n_mineralized_obs": 0, "n_barren_obs": 1, "label_class": "barren", "conflict": false, "label": 0.0, "label_source": "REAL_GEOLOGICAL" }, "geometry": { "type": "Polygon", "coordinates": [ [ [ 80.290023878017706, 21.740026987408587 ], [ 80.289974788967768, 21.750016047144015 ], [ 80.279975775510906, 21.749972847686518 ], [ 80.280025555718638, 21.739983809762673 ], [ 80.290023878017706, 21.740026987408587 ] ] ] } },
{ "type": "Feature", "properties": { "zone_id": "r09_c24", "lat": 21.745, "lon": 80.295, "n_mineralized_obs": 0, "n_barren_obs": 1, "label_class": "barren", "conflict": false, "label": 0.0, "label_source": "REAL_GEOLOGICAL" }, "geometry": { "type": "Polygon", "coordinates": [ [ [ 80.300023543210358, 21.740026674625032 ], [ 80.299975145522197, 21.750015755921638 ], [ 80.289976110327785, 21.749973160622091 ], [ 80.290025199179695, 21.739984100832078 ], [ 80.300023543210358, 21.740026674625032 ] ] ] } },
{ "type": "Feature", "properties": { "zone_id": "r09_c25", "lat": 21.745, "lon": 80.305, "n_mineralized_obs": 0, "n_barren_obs": 1, "label_class": "barren", "conflict": false, "label": 0.0, "label_source": "REAL_GEOLOGICAL" }, "geometry": { "type": "Polygon", "coordinates": [ [ [ 80.310023208249248, 21.740026361993738 ], [ 80.309975501924285, 21.750015464545715 ], [ 80.299976445298427, 21.749973473405397 ], [ 80.300024842793036, 21.739984392055021 ], [ 80.310023208249248, 21.740026361993738 ] ] ] } },
{ "type": "Feature", "properties": { "zone_id": "r09_c26", "lat": 21.745, "lon": 80.315, "n_mineralized_obs": 0, "n_barren_obs": 1, "label_class": "barren", "conflict": false, "label": 0.0, "label_source": "REAL_GEOLOGICAL" }, "geometry": { "type": "Polygon", "coordinates": [ [ [ 80.320022873134363, 21.740026049514729 ], [ 80.319975858174018, 21.750015173016255 ], [ 80.309976780422886, 21.749973786036428 ], [ 80.310024486558689, 21.739984683431498 ], [ 80.320022873134363, 21.740026049514729 ] ] ] } },
{ "type": "Feature", "properties": { "zone_id": "r09_c27", "lat": 21.745, "lon": 80.325, "n_mineralized_obs": 0, "n_barren_obs": 1, "label_class": "barren", "conflict": false, "label": 0.0, "label_source": "REAL_GEOLOGICAL" }, "geometry": { "type": "Polygon", "coordinates": [ [ [ 80.33002253786573, 21.740025737188017 ], [ 80.329976214271383, 21.750014881333282 ], [ 80.319977115701121, 21.749974098515189 ], [ 80.320024130476668, 21.739984974961516 ], [ 80.33002253786573, 21.740025737188017 ] ] ] } },
{ "type": "Feature", "properties": { "zone_id": "r09_c28", "lat": 21.745, "lon": 80.335, "n_mineralized_obs": 0, "n_barren_obs": 1, "label_class": "barren", "conflict": false, "label": 0.0, "label_source": "REAL_GEOLOGICAL" }, "geometry": { "type": "Polygon", "coordinates": [ [ [ 80.340022202443365, 21.740025425013599 ], [ 80.339976570216365, 21.750014589496786 ], [ 80.329977451133118, 21.749974410841649 ], [ 80.330023774546959, 21.739985266645053 ], [ 80.340022202443365, 21.740025425013599 ] ] ] } },
{ "type": "Feature", "properties": { "zone_id": "r09_c29", "lat": 21.745, "lon": 80.345, "n_mineralized_obs": 0, "n_barren_obs": 1, "label_class": "barren", "conflict": false, "label": 0.0, "label_source": "REAL_GEOLOGICAL" }, "geometry": { "type": "Polygon", "coordinates": [ [ [ 80.350021866867294, 21.740025112991493 ], [ 80.349976926008992, 21.750014297506784 ], [ 80.339977786718919, 21.749974723015811 ], [ 80.340023418769619, 21.73998555848209 ], [ 80.350021866867294, 21.740025112991493 ] ] ] } },
{ "type": "Feature", "properties": { "zone_id": "r10_c00", "lat": 21.755, "lon": 80.055, "n_mineralized_obs": 0, "n_barren_obs": 1, "label_class": "barren", "conflict": false, "label": 0.0, "label_source": "REAL_GEOLOGICAL" }, "geometry": { "type": "Polygon", "coordinates": [ [ [ 80.060031550583048, 21.750034239902618 ], [ 80.059966527712703, 21.760022707268988 ], [ 80.049968102562602, 21.759965591642136 ], [ 80.050033816779873, 21.749977153101288 ], [ 80.060031550583048, 21.750034239902618 ] ] ] } },
{ "type": "Feature", "properties": { "zone_id": "r10_c01", "lat": 21.755, "lon": 80.065, "n_mineralized_obs": 0, "n_barren_obs": 1, "label_class": "barren", "conflict": false, "label": 0.0, "label_source": "REAL_GEOLOGICAL" }, "geometry": { "type": "Polygon", "coordinates": [ [ [ 80.070031219139764, 21.750033923508724 ], [ 80.06996688794321, 21.760022419469696 ], [ 80.059968434014394, 21.759965908187837 ], [ 80.060033456565804, 21.749977440747482 ], [ 80.070031219139764, 21.750033923508724 ] ] ] } },
{ "type": "Feature", "properties": { "zone_id": "r10_c02", "lat": 21.755, "lon": 80.075, "n_mineralized_obs": 0, "n_barren_obs": 1, "label_class": "barren", "conflict": false, "label": 0.0, "label_source": "REAL_GEOLOGICAL" }, "geometry": { "type": "Polygon", "coordinates": [ [ [ 80.08003088754252, 21.750033607266886 ], [ 80.079967248021646, 21.760022131516653 ], [ 80.069968765620231, 21.759966224581504 ], [ 80.070033096503792, 21.749977728547417 ], [ 80.08003088754252, 21.750033607266886 ] ] ] } },
{ "type": "Feature", "properties": { "zone_id": "r10_c03", "lat": 21.755, "lon": 80.085, "n_mineralized_obs": 0, "n_barren_obs": 1, "label_class": "barren", "conflict": false, "label": 0.0, "label_source": "REAL_GEOLOGICAL" }, "geometry": { "type": "Polygon", "coordinates": [ [ [ 80.090030555791273, 21.750033291177118 ], [ 80.089967607947955, 21.760021843409895 ], [ 80.079969097380072, 21.759966540823129 ], [ 80.080032736593822, 21.749978016501103 ], [ 80.090030555791273, 21.750033291177118 ] ] ] } },
{ "type": "Feature", "properties": { "zone_id": "r10_c04", "lat": 21.755, "lon": 80.095, "n_mineralized_obs": 0, "n_barren_obs": 1, "label_class": "barren", "conflict": false, "label": 0.0, "label_source": "REAL_GEOLOGICAL" }, "geometry": { "type": "Polygon", "coordinates": [ [ [ 80.100030223886066, 21.750032975239414 ], [ 80.099967967722165, 21.760021555149397 ], [ 80.089969429293973, 21.759966856912669 ], [ 80.09003237683595, 21.749978304608501 ], [ 80.100030223886066, 21.750032975239414 ] ] ] } },
{ "type": "Feature", "properties": { "zone_id": "r10_c05", "lat": 21.755, "lon": 80.105, "n_mineralized_obs": 0, "n_barren_obs": 1, "label_class": "barren", "conflict": false, "label": 0.0, "label_source": "REAL_GEOLOGICAL" }, "geometry": { "type": "Polygon", "coordinates": [ [ [ 80.110029891826883, 21.75003265945379 ], [ 80.109968327344248, 21.76002126673518 ], [ 80.099969761361834, 21.759967172850143 ], [ 80.100032017230163, 21.749978592869628 ], [ 80.110029891826883, 21.75003265945379 ] ] ] } },
{ "type": "Feature", "properties": { "zone_id": "r10_c06", "lat": 21.755, "lon": 80.115, "n_mineralized_obs": 1, "n_barren_obs": 0, "label_class": "mineralized", "conflict": false, "label": 1.0, "label_source": "REAL_GEOLOGICAL" }, "geometry": { "type": "Polygon", "coordinates": [ [ [ 80.120029559613741, 21.750032343820262 ], [ 80.119968686814175, 21.760020978167269 ], [ 80.109970093583698, 21.759967488635528 ], [ 80.11003165777646, 21.749978881284466 ], [ 80.120029559613741, 21.750032343820262 ] ] ] } },
{ "type": "Feature", "properties": { "zone_id": "r10_c07", "lat": 21.755, "lon": 80.125, "n_mineralized_obs": 1, "n_barren_obs": 0, "label_class": "mineralized", "conflict": false, "label": 1.0, "label_source": "REAL_GEOLOGICAL" }, "geometry": { "type": "Polygon", "coordinates": [ [ [ 80.130029227246681, 21.750032028338829 ], [ 80.129969046131976, 21.760020689445653 ], [ 80.119970425959565, 21.759967804268832 ], [ 80.120031298474885, 21.749979169853006 ], [ 80.130029227246681, 21.750032028338829 ] ] ] } },
{ "type": "Feature", "properties": { "zone_id": "r10_c08", "lat": 21.755, "lon": 80.135, "n_mineralized_obs": 1, "n_barren_obs": 0, "label_class": "mineralized", "conflict": false, "label": 1.0, "label_source": "REAL_GEOLOGICAL" }, "geometry": { "type": "Polygon", "coordinates": [ [ [ 80.140028894725674, 21.750031713009516 ], [ 80.139969405297606, 21.760020400570351 ], [ 80.129970758489407, 21.759968119750031 ], [ 80.130030939325408, 21.749979458575247 ], [ 80.140028894725674, 21.750031713009516 ] ] ] } },
{ "type": "Feature", "properties": { "zone_id": "r10_c09", "lat": 21.755, "lon": 80.145, "n_mineralized_obs": 1, "n_barren_obs": 0, "label_class": "mineralized", "conflict": false, "label": 1.0, "label_source": "REAL_GEOLOGICAL" }, "geometry": { "type": "Polygon", "coordinates": [ [ [ 80.150028562050736, 21.750031397832323 ], [ 80.149969764311066, 21.760020111541373 ], [ 80.139971091173194, 21.75996843507912 ], [ 80.140030580328059, 21.749979747451167 ], [ 80.150028562050736, 21.750031397832323 ] ] ] } },
{ "type": "Feature", "properties": { "zone_id": "r10_c10", "lat": 21.755, "lon": 80.155, "n_mineralized_obs": 1, "n_barren_obs": 0, "label_class": "mineralized", "conflict": false, "label": 1.0, "label_source": "REAL_GEOLOGICAL" }, "geometry": { "type": "Polygon", "coordinates": [ [ [ 80.160028229221894, 21.750031082807244 ], [ 80.159970123172343, 21.760019822358714 ], [ 80.149971424010957, 21.759968750256082 ], [ 80.150030221482851, 21.749980036480761 ], [ 80.160028229221894, 21.750031082807244 ] ] ] } },
{ "type": "Feature", "properties": { "zone_id": "r10_c11", "lat": 21.755, "lon": 80.165, "n_mineralized_obs": 1, "n_barren_obs": 0, "label_class": "mineralized", "conflict": false, "label": 1.0, "label_source": "REAL_GEOLOGICAL" }, "geometry": { "type": "Polygon", "coordinates": [ [ [ 80.170027896239176, 21.750030767934316 ], [ 80.16997048188145, 21.76001953302239 ], [ 80.159971757002666, 21.75996906528092 ], [ 80.160029862789813, 21.749980325664033 ], [ 80.170027896239176, 21.750030767934316 ] ] ] } },
{ "type": "Feature", "properties": { "zone_id": "r10_c12", "lat": 21.755, "lon": 80.175, "n_mineralized_obs": 1, "n_barren_obs": 0, "label_class": "mineralized", "conflict": false, "label": 1.0, "label_source": "REAL_GEOLOGICAL" }, "geometry": { "type": "Polygon", "coordinates": [ [ [ 80.180027563102513, 21.750030453213537 ], [ 80.179970840438315, 21.760019243532426 ], [ 80.169972090148278, 21.75996938015362 ], [ 80.170029504248902, 21.749980615000965 ], [ 80.180027563102513, 21.750030453213537 ] ] ] } },
{ "type": "Feature", "properties": { "zone_id": "r10_c13", "lat": 21.755, "lon": 80.185, "n_mineralized_obs": 1, "n_barren_obs": 0, "label_class": "mineralized", "conflict": false, "label": 1.0, "label_source": "REAL_GEOLOGICAL" }, "geometry": { "type": "Polygon", "coordinates": [ [ [ 80.190027229811989, 21.750030138644906 ], [ 80.189971198842983, 21.760018953888796 ], [ 80.17997242344785, 21.759969694874162 ], [ 80.180029145860175, 21.74998090449154 ], [ 80.190027229811989, 21.750030138644906 ] ] ] } },
{ "type": "Feature", "properties": { "zone_id": "r10_c14", "lat": 21.755, "lon": 80.195, "n_mineralized_obs": 1, "n_barren_obs": 0, "label_class": "mineralized", "conflict": false, "label": 1.0, "label_source": "REAL_GEOLOGICAL" }, "geometry": { "type": "Polygon", "coordinates": [ [ [ 80.200026896367589, 21.750029824228452 ], [ 80.199971557095438, 21.760018664091543 ], [ 80.189972756901327, 21.759970009442558 ], [ 80.190028787623632, 21.749981194135767 ], [ 80.200026896367589, 21.750029824228452 ] ] ] } },
{ "type": "Feature", "properties": { "zone_id": "r10_c15", "lat": 21.755, "lon": 80.205, "n_mineralized_obs": 1, "n_barren_obs": 0, "label_class": "mineralized", "conflict": false, "label": 1.0, "label_source": "REAL_GEOLOGICAL" }, "geometry": { "type": "Polygon", "coordinates": [ [ [ 80.210026562769343, 21.750029509964158 ], [ 80.209971915195652, 21.760018374140646 ], [ 80.199973090508706, 21.75997032385877 ], [ 80.200028429539287, 21.74998148393361 ], [ 80.210026562769343, 21.750029509964158 ] ] ] } },
{ "type": "Feature", "properties": { "zone_id": "r10_c16", "lat": 21.755, "lon": 80.215, "n_mineralized_obs": 1, "n_barren_obs": 0, "label_class": "mineralized", "conflict": false, "label": 1.0, "label_source": "REAL_GEOLOGICAL" }, "geometry": { "type": "Polygon", "coordinates": [ [ [ 80.220026229017236, 21.750029195852061 ], [ 80.219972273143625, 21.760018084036147 ], [ 80.20997342426999, 21.759970638122816 ], [ 80.210028071607155, 21.749981773885096 ], [ 80.220026229017236, 21.750029195852061 ] ] ] } },
{ "type": "Feature", "properties": { "zone_id": "r10_c17", "lat": 21.755, "lon": 80.225, "n_mineralized_obs": 1, "n_barren_obs": 0, "label_class": "mineralized", "conflict": false, "label": 1.0, "label_source": "REAL_GEOLOGICAL" }, "geometry": { "type": "Polygon", "coordinates": [ [ [ 80.230025895111268, 21.750028881892163 ], [ 80.229972630939315, 21.760017793778029 ], [ 80.219973758185148, 21.759970952234674 ], [ 80.220027713827207, 21.749982063990196 ], [ 80.230025895111268, 21.750028881892163 ] ] ] } },
{ "type": "Feature", "properties": { "zone_id": "r10_c18", "lat": 21.755, "lon": 80.235, "n_mineralized_obs": 1, "n_barren_obs": 0, "label_class": "mineralized", "conflict": false, "label": 1.0, "label_source": "REAL_GEOLOGICAL" }, "geometry": { "type": "Polygon", "coordinates": [ [ [ 80.240025561051482, 21.75002856808446 ], [ 80.239972988582764, 21.760017503366306 ], [ 80.229974092254167, 21.759971266194331 ], [ 80.2300273561995, 21.749982354248896 ], [ 80.240025561051482, 21.75002856808446 ] ] ] } },
{ "type": "Feature", "properties": { "zone_id": "r10_c19", "lat": 21.755, "lon": 80.245, "n_mineralized_obs": 1, "n_barren_obs": 0, "label_class": "mineralized", "conflict": false, "label": 1.0, "label_source": "REAL_GEOLOGICAL" }, "geometry": { "type": "Polygon", "coordinates": [ [ [ 80.250025226837877, 21.75002825442898 ], [ 80.249973346073944, 21.760017212800999 ], [ 80.239974426477104, 21.759971580001789 ], [ 80.240026998724034, 21.749982644661202 ], [ 80.250025226837877, 21.75002825442898 ] ] ] } },
{ "type": "Feature", "properties": { "zone_id": "r10_c20", "lat": 21.755, "lon": 80.255, "n_mineralized_obs": 1, "n_barren_obs": 0, "label_class": "mineralized", "conflict": false, "label": 1.0, "label_source": "REAL_GEOLOGICAL" }, "geometry": { "type": "Polygon", "coordinates": [ [ [ 80.26002489247044, 21.750027940925719 ], [ 80.259973703412811, 21.760016922082091 ], [ 80.249974760853831, 21.759971893657024 ], [ 80.250026641400808, 21.749982935227102 ], [ 80.26002489247044, 21.750027940925719 ] ] ] } },
{ "type": "Feature", "properties": { "zone_id": "r10_c21", "lat": 21.755, "lon": 80.265, "n_mineralized_obs": 1, "n_barren_obs": 0, "label_class": "mineralized", "conflict": false, "label": 1.0, "label_source": "REAL_GEOLOGICAL" }, "geometry": { "type": "Polygon", "coordinates": [ [ [ 80.270024557949228, 21.750027627574692 ], [ 80.269974060599409, 21.760016631209616 ], [ 80.259975095384448, 21.75997220716004 ], [ 80.260026284229852, 21.749983225946572 ], [ 80.270024557949228, 21.750027627574692 ] ] ] } },
{ "type": "Feature", "properties": { "zone_id": "r10_c22", "lat": 21.755, "lon": 80.275, "n_mineralized_obs": 0, "n_barren_obs": 1, "label_class": "barren", "conflict": false, "label": 0.0, "label_source": "REAL_GEOLOGICAL" }, "geometry": { "type": "Polygon", "coordinates": [ [ [ 80.280024223274197, 21.750027314375906 ], [ 80.279974417633667, 21.760016340183576 ], [ 80.269975430068882, 21.759972520510821 ], [ 80.270025927211151, 21.749983516819629 ], [ 80.280024223274197, 21.750027314375906 ] ] ] } },
{ "type": "Feature", "properties": { "zone_id": "r10_c23", "lat": 21.755, "lon": 80.285, "n_mineralized_obs": 0, "n_barren_obs": 1, "label_class": "barren", "conflict": false, "label": 0.0, "label_source": "REAL_GEOLOGICAL" }, "geometry": { "type": "Polygon", "coordinates": [ [ [ 80.29002388844539, 21.750027001329379 ], [ 80.289974774515599, 21.760016049003976 ], [ 80.279975764907149, 21.759972833709362 ], [ 80.280025570344719, 21.749983807846245 ], [ 80.29002388844539, 21.750027001329379 ] ] ] } },
{ "type": "Feature", "properties": { "zone_id": "r10_c24", "lat": 21.755, "lon": 80.295, "n_mineralized_obs": 0, "n_barren_obs": 1, "label_class": "barren", "conflict": false, "label": 0.0, "label_source": "REAL_GEOLOGICAL" }, "geometry": { "type": "Polygon", "coordinates": [ [ [ 80.300023553462822, 21.750026688435099 ], [ 80.299975131245247, 21.760015757670825 ], [ 80.289976099899235, 21.759973146755648 ], [ 80.290025213630599, 21.749984099026417 ], [ 80.300023553462822, 21.750026688435099 ] ] ] } },
{ "type": "Feature", "properties": { "zone_id": "r10_c25", "lat": 21.755, "lon": 80.305, "n_mineralized_obs": 0, "n_barren_obs": 1, "label_class": "barren", "conflict": false, "label": 0.0, "label_source": "REAL_GEOLOGICAL" }, "geometry": { "type": "Polygon", "coordinates": [ [ [ 80.310023218326492, 21.750026375693096 ], [ 80.309975487822499, 21.760015466184125 ], [ 80.299976435045124, 21.759973459649668 ], [ 80.300024857068777, 21.749984390360126 ], [ 80.310023218326492, 21.750026375693096 ] ] ] } },
{ "type": "Feature", "properties": { "zone_id": "r10_c26", "lat": 21.755, "lon": 80.315, "n_mineralized_obs": 0, "n_barren_obs": 1, "label_class": "barren", "conflict": false, "label": 0.0, "label_source": "REAL_GEOLOGICAL" }, "geometry": { "type": "Polygon", "coordinates": [ [ [ 80.320022883036387, 21.750026063103377 ], [ 80.319975844247438, 21.760015174543902 ], [ 80.309976770344804, 21.759973772391422 ], [ 80.310024500659253, 21.749984681847387 ], [ 80.320022883036387, 21.750026063103377 ] ] ] } },
{ "type": "Feature", "properties": { "zone_id": "r10_c27", "lat": 21.755, "lon": 80.325, "n_mineralized_obs": 0, "n_barren_obs": 1, "label_class": "barren", "conflict": false, "label": 0.0, "label_source": "REAL_GEOLOGICAL" }, "geometry": { "type": "Polygon", "coordinates": [ [ [ 80.330022547592549, 21.750025750665941 ], [ 80.329976200519994, 21.760014882750152 ], [ 80.319977105798259, 21.759974084980897 ], [ 80.320024144402055, 21.749984973488175 ], [ 80.330022547592549, 21.750025750665941 ] ] ] } },
{ "type": "Feature", "properties": { "zone_id": "r10_c28", "lat": 21.755, "lon": 80.335, "n_mineralized_obs": 0, "n_barren_obs": 1, "label_class": "barren", "conflict": false, "label": 0.0, "label_source": "REAL_GEOLOGICAL" }, "geometry": { "type": "Polygon", "coordinates": [ [ [ 80.340022211994977, 21.750025438380803 ], [ 80.339976556640153, 21.760014590802893 ], [ 80.329977441405504, 21.759974397418073 ], [ 80.330023788297169, 21.749985265282479 ], [ 80.340022211994977, 21.750025438380803 ] ] ] } },
{ "type": "Feature", "properties": { "zone_id": "r10_c29", "lat": 21.755, "lon": 80.345, "n_mineralized_obs": 0, "n_barren_obs": 1, "label_class": "barren", "conflict": false, "label": 0.0, "label_source": "REAL_GEOLOGICAL" }, "geometry": { "type": "Polygon", "coordinates": [ [ [ 80.350021876243687, 21.750025126247973 ], [ 80.349976912607971, 21.760014298702107 ], [ 80.33997777716651, 21.759974709702945 ], [ 80.340023432344665, 21.749985557230293 ], [ 80.350021876243687, 21.750025126247973 ] ] ] } },
{ "type": "Feature", "properties": { "zone_id": "r11_c00", "lat": 21.765, "lon": 80.055, "n_mineralized_obs": 0, "n_barren_obs": 1, "label_class": "barren", "conflict": false, "label": 0.0, "label_source": "REAL_GEOLOGICAL" }, "geometry": { "type": "Polygon", "coordinates": [ [ [ 80.060031565042109, 21.760034256368396 ], [ 80.059966509228374, 21.770022711671015 ], [ 80.049968087927112, 21.769965575120025 ], [ 80.050033835437759, 21.759977148642804 ], [ 80.060031565042109, 21.760034256368396 ] ] ] } },
{ "type": "Feature", "properties": { "zone_id": "r11_c01", "lat": 21.765, "lon": 80.065, "n_mineralized_obs": 0, "n_barren_obs": 1, "label_class": "barren", "conflict": false, "label": 0.0, "label_source": "REAL_GEOLOGICAL" }, "geometry": { "type": "Polygon", "coordinates": [ [ [ 80.070031233423592, 21.760033939863852 ], [ 80.069966869634086, 21.770022423760985 ], [ 80.059968419554153, 21.769965891776405 ], [ 80.060033475048499, 21.759977436399737 ], [ 80.070031233423592, 21.760033939863852 ] ] ] } },
{ "type": "Feature", "properties": { "zone_id": "r11_c02", "lat": 21.765, "lon": 80.075, "n_mineralized_obs": 0, "n_barren_obs": 1, "label_class": "barren", "conflict": false, "label": 0.0, "label_source": "REAL_GEOLOGICAL" }, "geometry": { "type": "Polygon", "coordinates": [ [ [ 80.080030901651114, 21.760033623511344 ], [ 80.079967229887728, 21.770022135697204 ], [ 80.069968751335239, 21.769966208280721 ], [ 80.070033114811324, 21.75997772431041 ], [ 80.080030901651114, 21.760033623511344 ] ] ] } },
{ "type": "Feature", "properties": { "zone_id": "r11_c03", "lat": 21.765, "lon": 80.085, "n_mineralized_obs": 0, "n_barren_obs": 1, "label_class": "barren", "conflict": false, "label": 0.0, "label_source": "REAL_GEOLOGICAL" }, "geometry": { "type": "Polygon", "coordinates": [ [ [ 80.090030569724632, 21.760033307310913 ], [ 80.089967589989215, 21.770021847479704 ], [ 80.079969083270328, 21.769966524633006 ], [ 80.080032754726162, 21.759978012374834 ], [ 80.090030569724632, 21.760033307310913 ] ] ] } },
{ "type": "Feature", "properties": { "zone_id": "r11_c04", "lat": 21.765, "lon": 80.095, "n_mineralized_obs": 0, "n_barren_obs": 1, "label_class": "barren", "conflict": false, "label": 0.0, "label_source": "REAL_GEOLOGICAL" }, "geometry": { "type": "Polygon", "coordinates": [ [ [ 80.100030237644191, 21.760032991262541 ], [ 80.09996794993863, 21.770021559108475 ], [ 80.089969415359462, 21.769966840833217 ], [ 80.090032394793127, 21.759978300592969 ], [ 80.100030237644191, 21.760032991262541 ] ] ] } },
{ "type": "Feature", "properties": { "zone_id": "r11_c05", "lat": 21.765, "lon": 80.105, "n_mineralized_obs": 1, "n_barren_obs": 0, "label_class": "mineralized", "conflict": false, "label": 1.0, "label_source": "REAL_GEOLOGICAL" }, "geometry": { "type": "Polygon", "coordinates": [ [ [ 80.110029905409775, 21.760032675366258 ], [ 80.109968309735919, 21.770021270583523 ], [ 80.0999697476026, 21.769967156881357 ], [ 80.100032035012148, 21.759978588964835 ], [ 80.110029905409775, 21.760032675366258 ] ] ] } },
{ "type": "Feature", "properties": { "zone_id": "r11_c06", "lat": 21.765, "lon": 80.115, "n_mineralized_obs": 1, "n_barren_obs": 0, "label_class": "mineralized", "conflict": false, "label": 1.0, "label_source": "REAL_GEOLOGICAL" }, "geometry": { "type": "Polygon", "coordinates": [ [ [ 80.120029573021398, 21.760032359622059 ], [ 80.119968669381038, 21.770020981904874 ], [ 80.109970079999684, 21.76996747277741 ], [ 80.110031675383254, 21.759978877490408 ], [ 80.120029573021398, 21.760032359622059 ] ] ] } },
{ "type": "Feature", "properties": { "zone_id": "r11_c07", "lat": 21.765, "lon": 80.125, "n_mineralized_obs": 1, "n_barren_obs": 0, "label_class": "mineralized", "conflict": false, "label": 1.0, "label_source": "REAL_GEOLOGICAL" }, "geometry": { "type": "Polygon", "coordinates": [ [ [ 80.130029240479104, 21.760032044029963 ], [ 80.129969028874044, 21.770020693072521 ], [ 80.119970412550813, 21.769967788521377 ], [ 80.120031315906488, 21.759979166169686 ], [ 80.130029240479104, 21.760032044029963 ] ] ] } },
{ "type": "Feature", "properties": { "zone_id": "r11_c08", "lat": 21.765, "lon": 80.135, "n_mineralized_obs": 1, "n_barren_obs": 0, "label_class": "mineralized", "conflict": false, "label": 1.0, "label_source": "REAL_GEOLOGICAL" }, "geometry": { "type": "Polygon", "coordinates": [ [ [ 80.140028907782863, 21.760031728589979 ], [ 80.13996938821488, 21.770020404086484 ], [ 80.129970745255889, 21.769968104113246 ], [ 80.13003095658182, 21.759979455002657 ], [ 80.140028907782863, 21.760031728589979 ] ] ] } },
{ "type": "Feature", "properties": { "zone_id": "r11_c09", "lat": 21.765, "lon": 80.145, "n_mineralized_obs": 1, "n_barren_obs": 0, "label_class": "mineralized", "conflict": false, "label": 1.0, "label_source": "REAL_GEOLOGICAL" }, "geometry": { "type": "Polygon", "coordinates": [ [ [ 80.150028574932691, 21.760031413302112 ], [ 80.149969747403532, 21.770020114946767 ], [ 80.139971078114939, 21.769968419552999 ], [ 80.140030597409307, 21.759979743989323 ], [ 80.150028574932691, 21.760031413302112 ] ] ] } },
{ "type": "Feature", "properties": { "zone_id": "r11_c10", "lat": 21.765, "lon": 80.155, "n_mineralized_obs": 1, "n_barren_obs": 0, "label_class": "mineralized", "conflict": false, "label": 1.0, "label_source": "REAL_GEOLOGICAL" }, "geometry": { "type": "Polygon", "coordinates": [ [ [ 80.160028241928629, 21.760031098166372 ], [ 80.159970106440014, 21.770019825653371 ], [ 80.149971411127936, 21.769968734840635 ], [ 80.150030238388908, 21.759980033129661 ], [ 80.160028241928629, 21.760031098166372 ] ] ] } },
{ "type": "Feature", "properties": { "zone_id": "r11_c11", "lat": 21.765, "lon": 80.165, "n_mineralized_obs": 1, "n_barren_obs": 0, "label_class": "mineralized", "conflict": false, "label": 1.0, "label_source": "REAL_GEOLOGICAL" }, "geometry": { "type": "Polygon", "coordinates": [ [ [ 80.170027908770649, 21.760030783182764 ], [ 80.169970465324326, 21.770019536206313 ], [ 80.159971744294893, 21.769969049976137 ], [ 80.160029879520664, 21.759980322423658 ], [ 80.170027908770649, 21.760030783182764 ] ] ] } },
{ "type": "Feature", "properties": { "zone_id": "r11_c12", "lat": 21.765, "lon": 80.175, "n_mineralized_obs": 1, "n_barren_obs": 0, "label_class": "mineralized", "conflict": false, "label": 1.0, "label_source": "REAL_GEOLOGICAL" }, "geometry": { "type": "Polygon", "coordinates": [ [ [ 80.180027575458766, 21.760030468351314 ], [ 80.179970824056397, 21.770019246605603 ], [ 80.169972077615768, 21.769969364959501 ], [ 80.17002952080459, 21.759980611871327 ], [ 80.180027575458766, 21.760030468351314 ] ] ] } },
{ "type": "Feature", "properties": { "zone_id": "r11_c13", "lat": 21.765, "lon": 80.185, "n_mineralized_obs": 1, "n_barren_obs": 0, "label_class": "mineralized", "conflict": false, "label": 1.0, "label_source": "REAL_GEOLOGICAL" }, "geometry": { "type": "Polygon", "coordinates": [ [ [ 80.190027241993008, 21.760030153672012 ], [ 80.189971182636285, 21.770018956851246 ], [ 80.179972411090574, 21.769969679790727 ], [ 80.180029162240672, 21.759980901472645 ], [ 80.190027241993008, 21.760030153672012 ] ] ] } },
{ "type": "Feature", "properties": { "zone_id": "r11_c14", "lat": 21.765, "lon": 80.195, "n_mineralized_obs": 1, "n_barren_obs": 0, "label_class": "mineralized", "conflict": false, "label": 1.0, "label_source": "REAL_GEOLOGICAL" }, "geometry": { "type": "Polygon", "coordinates": [ [ [ 80.200026908373374, 21.760029839144881 ], [ 80.199971541063945, 21.770018666943251 ], [ 80.189972744719299, 21.769969994469783 ], [ 80.190028803828937, 21.759981191227599 ], [ 80.200026908373374, 21.760029839144881 ] ] ] } },
{ "type": "Feature", "properties": { "zone_id": "r11_c15", "lat": 21.765, "lon": 80.205, "n_mineralized_obs": 1, "n_barren_obs": 0, "label_class": "mineralized", "conflict": false, "label": 1.0, "label_source": "REAL_GEOLOGICAL" }, "geometry": { "type": "Polygon", "coordinates": [ [ [ 80.21002657459988, 21.760029524769923 ], [ 80.209971899339351, 21.77001837688163 ], [ 80.199973078501941, 21.769970308996673 ], [ 80.200028445569401, 21.75998148113619 ], [ 80.21002657459988, 21.760029524769923 ] ] ] } },
{ "type": "Feature", "properties": { "zone_id": "r11_c16", "lat": 21.765, "lon": 80.215, "n_mineralized_obs": 1, "n_barren_obs": 0, "label_class": "mineralized", "conflict": false, "label": 1.0, "label_source": "REAL_GEOLOGICAL" }, "geometry": { "type": "Polygon", "coordinates": [ [ [ 80.220026240672539, 21.760029210547156 ], [ 80.219972257462544, 21.770018086666393 ], [ 80.209973412438472, 21.769970623371393 ], [ 80.210028087462064, 21.759981771198408 ], [ 80.220026240672539, 21.760029210547156 ] ] ] } },
{ "type": "Feature", "properties": { "zone_id": "r11_c17", "lat": 21.765, "lon": 80.225, "n_mineralized_obs": 1, "n_barren_obs": 0, "label_class": "mineralized", "conflict": false, "label": 1.0, "label_source": "REAL_GEOLOGICAL" }, "geometry": { "type": "Polygon", "coordinates": [ [ [ 80.230025906591337, 21.760028896476584 ], [ 80.229972615433454, 21.770017796297534 ], [ 80.219973746528865, 21.769970937593925 ], [ 80.220027729506938, 21.759982061414242 ], [ 80.230025906591337, 21.760028896476584 ] ] ] } },
{ "type": "Feature", "properties": { "zone_id": "r11_c18", "lat": 21.765, "lon": 80.235, "n_mineralized_obs": 1, "n_barren_obs": 0, "label_class": "mineralized", "conflict": false, "label": 1.0, "label_source": "REAL_GEOLOGICAL" }, "geometry": { "type": "Polygon", "coordinates": [ [ [ 80.240025572356316, 21.760028582558206 ], [ 80.239972973252094, 21.770017505775076 ], [ 80.229974080773161, 21.769971251664256 ], [ 80.23002737170404, 21.759982351783684 ], [ 80.240025572356316, 21.760028582558206 ] ] ] } },
{ "type": "Feature", "properties": { "zone_id": "r11_c19", "lat": 21.765, "lon": 80.245, "n_mineralized_obs": 1, "n_barren_obs": 0, "label_class": "mineralized", "conflict": false, "label": 1.0, "label_source": "REAL_GEOLOGICAL" }, "geometry": { "type": "Polygon", "coordinates": [ [ [ 80.250025237967478, 21.760028268792048 ], [ 80.249973330918493, 21.770017215099038 ], [ 80.239974415171318, 21.769971565582388 ], [ 80.240027014053382, 21.759982642306728 ], [ 80.250025237967478, 21.760028268792048 ] ] ] } },
{ "type": "Feature", "properties": { "zone_id": "r11_c20", "lat": 21.765, "lon": 80.255, "n_mineralized_obs": 1, "n_barren_obs": 0, "label_class": "mineralized", "conflict": false, "label": 1.0, "label_source": "REAL_GEOLOGICAL" }, "geometry": { "type": "Polygon", "coordinates": [ [ [ 80.260024903424807, 21.760027955178114 ], [ 80.259973688432567, 21.770016924269402 ], [ 80.249974749723322, 21.769971879348304 ], [ 80.250026656554951, 21.759982932983355 ], [ 80.260024903424807, 21.760027955178114 ] ] ] } },
{ "type": "Feature", "properties": { "zone_id": "r11_c21", "lat": 21.765, "lon": 80.265, "n_mineralized_obs": 1, "n_barren_obs": 0, "label_class": "mineralized", "conflict": false, "label": 1.0, "label_source": "REAL_GEOLOGICAL" }, "geometry": { "type": "Polygon", "coordinates": [ [ [ 80.27002456872836, 21.760027641716405 ], [ 80.26997404579437, 21.770016633286186 ], [ 80.259975084429186, 21.76997219296199 ], [ 80.260026299208803, 21.759983223813563 ], [ 80.27002456872836, 21.760027641716405 ] ] ] } },
{ "type": "Feature", "properties": { "zone_id": "r11_c22", "lat": 21.765, "lon": 80.275, "n_mineralized_obs": 1, "n_barren_obs": 0, "label_class": "mineralized", "conflict": false, "label": 1.0, "label_source": "REAL_GEOLOGICAL" }, "geometry": { "type": "Polygon", "coordinates": [ [ [ 80.280024233878095, 21.760027328406942 ], [ 80.279974403003834, 21.770016342149411 ], [ 80.269975419288869, 21.769972506423453 ], [ 80.270025942014911, 21.759983514797355 ], [ 80.280024233878095, 21.760027328406942 ] ] ] } },
{ "type": "Feature", "properties": { "zone_id": "r11_c23", "lat": 21.765, "lon": 80.285, "n_mineralized_obs": 0, "n_barren_obs": 1, "label_class": "barren", "conflict": false, "label": 0.0, "label_source": "REAL_GEOLOGICAL" }, "geometry": { "type": "Polygon", "coordinates": [ [ [ 80.29002389887404, 21.760027015249726 ], [ 80.289974760060986, 21.770016050859066 ], [ 80.279975754302384, 21.769972819732669 ], [ 80.280025584973288, 21.759983805934702 ], [ 80.29002389887404, 21.760027015249726 ] ] ] } },
{ "type": "Feature", "properties": { "zone_id": "r11_c24", "lat": 21.765, "lon": 80.295, "n_mineralized_obs": 0, "n_barren_obs": 1, "label_class": "barren", "conflict": false, "label": 0.0, "label_source": "REAL_GEOLOGICAL" }, "geometry": { "type": "Polygon", "coordinates": [ [ [ 80.300023563716238, 21.760026702244776 ], [ 80.29997511696584, 21.770015759415177 ], [ 80.289976089469718, 21.769973132889621 ], [ 80.290025228083962, 21.759984097225608 ], [ 80.300023563716238, 21.760026702244776 ] ] ] } },
{ "type": "Feature", "properties": { "zone_id": "r11_c25", "lat": 21.765, "lon": 80.305, "n_mineralized_obs": 0, "n_barren_obs": 1, "label_class": "barren", "conflict": false, "label": 0.0, "label_source": "REAL_GEOLOGICAL" }, "geometry": { "type": "Polygon", "coordinates": [ [ [ 80.31002322840466, 21.760026389392095 ], [ 80.309975473718325, 21.770015467817757 ], [ 80.299976424790856, 21.76997344589433 ], [ 80.300024871346949, 21.759984388670063 ], [ 80.31002322840466, 21.760026389392095 ] ] ] } },
{ "type": "Feature", "properties": { "zone_id": "r11_c26", "lat": 21.765, "lon": 80.315, "n_mineralized_obs": 0, "n_barren_obs": 1, "label_class": "barren", "conflict": false, "label": 0.0, "label_source": "REAL_GEOLOGICAL" }, "geometry": { "type": "Polygon", "coordinates": [ [ [ 80.320022892939335, 21.760026076691688 ], [ 80.319975830318455, 21.770015176066796 ], [ 80.309976760265783, 21.769973758746758 ], [ 80.310024514762219, 21.759984680268047 ], [ 80.320022892939335, 21.760026076691688 ] ] ] } },
{ "type": "Feature", "properties": { "zone_id": "r11_c27", "lat": 21.765, "lon": 80.325, "n_mineralized_obs": 0, "n_barren_obs": 1, "label_class": "barren", "conflict": false, "label": 0.0, "label_source": "REAL_GEOLOGICAL" }, "geometry": { "type": "Polygon", "coordinates": [ [ [ 80.330022557320248, 21.760025764143574 ], [ 80.329976186766231, 21.770014884162308 ], [ 80.319977095894501, 21.76997407144691 ], [ 80.320024158329829, 21.75998497201957 ], [ 80.330022557320248, 21.760025764143574 ] ] ] } },
{ "type": "Feature", "properties": { "zone_id": "r11_c28", "lat": 21.765, "lon": 80.335, "n_mineralized_obs": 0, "n_barren_obs": 1, "label_class": "barren", "conflict": false, "label": 0.0, "label_source": "REAL_GEOLOGICAL" }, "geometry": { "type": "Polygon", "coordinates": [ [ [ 80.340022221547443, 21.760025451747751 ], [ 80.339976543061624, 21.770014592104303 ], [ 80.32997743167698, 21.769974383994771 ], [ 80.330023802049752, 21.759985263924609 ], [ 80.340022221547443, 21.760025451747751 ] ] ] } },
{ "type": "Feature", "properties": { "zone_id": "r11_c29", "lat": 21.765, "lon": 80.345, "n_mineralized_obs": 0, "n_barren_obs": 1, "label_class": "barren", "conflict": false, "label": 0.0, "label_source": "REAL_GEOLOGICAL" }, "geometry": { "type": "Polygon", "coordinates": [ [ [ 80.350021885620919, 21.760025139504247 ], [ 80.349976899204648, 21.770014299892807 ], [ 80.339977767613249, 21.769974696390339 ], [ 80.340023445922043, 21.759985555983164 ], [ 80.350021885620919, 21.760025139504247 ] ] ] } },
{ "type": "Feature", "properties": { "zone_id": "r12_c00", "lat": 21.775, "lon": 80.055, "n_mineralized_obs": 0, "n_barren_obs": 1, "label_class": "barren", "conflict": false, "label": 0.0, "label_source": "REAL_GEOLOGICAL" }, "geometry": { "type": "Polygon", "coordinates": [ [ [ 80.060031579502706, 21.770034272832891 ], [ 80.059966490741033, 21.780022716067315 ], [ 80.049968073290074, 21.779965558599223 ], [ 80.050033854098686, 21.769977144190058 ], [ 80.060031579502706, 21.770034272832891 ] ] ] } },
{ "type": "Feature", "properties": { "zone_id": "r12_c01", "lat": 21.775, "lon": 80.065, "n_mineralized_obs": 0, "n_barren_obs": 1, "label_class": "barren", "conflict": false, "label": 0.0, "label_source": "REAL_GEOLOGICAL" }, "geometry": { "type": "Polygon", "coordinates": [ [ [ 80.070031247708926, 21.770033956217706 ], [ 80.069966851321965, 21.780022428046575 ], [ 80.059968405092377, 21.779965875366216 ], [ 80.06003349353422, 21.769977432057686 ], [ 80.070031247708926, 21.770033956217706 ] ] ] } },
{ "type": "Feature", "properties": { "zone_id": "r12_c02", "lat": 21.775, "lon": 80.075, "n_mineralized_obs": 0, "n_barren_obs": 1, "label_class": "barren", "conflict": false, "label": 0.0, "label_source": "REAL_GEOLOGICAL" }, "geometry": { "type": "Polygon", "coordinates": [ [ [ 80.080030915761185, 21.77003363975458 ], [ 80.079967211750812, 21.780022139872106 ], [ 80.06996873704874, 21.779966191981181 ], [ 80.070033133121839, 21.769977720079066 ], [ 80.080030915761185, 21.77003363975458 ] ] ] } },
{ "type": "Feature", "properties": { "zone_id": "r12_c03", "lat": 21.775, "lon": 80.085, "n_mineralized_obs": 0, "n_barren_obs": 1, "label_class": "barren", "conflict": false, "label": 0.0, "label_source": "REAL_GEOLOGICAL" }, "geometry": { "type": "Polygon", "coordinates": [ [ [ 80.090030583659455, 21.770033323443521 ], [ 80.089967572027547, 21.7800218515439 ], [ 80.079969069159105, 21.77996650844408 ], [ 80.080032772861486, 21.769978008254181 ], [ 80.090030583659455, 21.770033323443521 ] ] ] } },
{ "type": "Feature", "properties": { "zone_id": "r12_c04", "lat": 21.775, "lon": 80.095, "n_mineralized_obs": 0, "n_barren_obs": 1, "label_class": "barren", "conflict": false, "label": 0.0, "label_source": "REAL_GEOLOGICAL" }, "geometry": { "type": "Polygon", "coordinates": [ [ [ 80.100030251403766, 21.770033007284521 ], [ 80.099967932152182, 21.780021563061972 ], [ 80.089969401423502, 21.779966824754922 ], [ 80.090032412753231, 21.769978296583023 ], [ 80.100030251403766, 21.770033007284521 ] ] ] } },
{ "type": "Feature", "properties": { "zone_id": "r12_c05", "lat": 21.775, "lon": 80.105, "n_mineralized_obs": 1, "n_barren_obs": 0, "label_class": "mineralized", "conflict": false, "label": 1.0, "label_source": "REAL_GEOLOGICAL" }, "geometry": { "type": "Polygon", "coordinates": [ [ [ 80.110029918994087, 21.770032691277606 ], [ 80.109968292124677, 21.780021274426325 ], [ 80.099969733841903, 21.779967140913687 ], [ 80.100032052797047, 21.769978585065591 ], [ 80.110029918994087, 21.770032691277606 ] ] ] } },
{ "type": "Feature", "properties": { "zone_id": "r12_c06", "lat": 21.775, "lon": 80.115, "n_mineralized_obs": 1, "n_barren_obs": 0, "label_class": "mineralized", "conflict": false, "label": 1.0, "label_source": "REAL_GEOLOGICAL" }, "geometry": { "type": "Polygon", "coordinates": [ [ [ 80.120029586430448, 21.770032375422772 ], [ 80.119968651945044, 21.78002098563697 ], [ 80.109970066414263, 21.779967456920375 ], [ 80.110031692992948, 21.769978873701859 ], [ 80.120029586430448, 21.770032375422772 ] ] ] } },
{ "type": "Feature", "properties": { "zone_id": "r12_c07", "lat": 21.775, "lon": 80.125, "n_mineralized_obs": 1, "n_barren_obs": 0, "label_class": "mineralized", "conflict": false, "label": 1.0, "label_source": "REAL_GEOLOGICAL" }, "geometry": { "type": "Polygon", "coordinates": [ [ [ 80.130029253712905, 21.770032059720055 ], [ 80.129969011613269, 21.780020696693921 ], [ 80.119970399140669, 21.779967772774974 ], [ 80.120031333340975, 21.769979162491843 ], [ 80.130029253712905, 21.770032059720055 ] ] ] } },
{ "type": "Feature", "properties": { "zone_id": "r12_c08", "lat": 21.775, "lon": 80.135, "n_mineralized_obs": 1, "n_barren_obs": 0, "label_class": "mineralized", "conflict": false, "label": 1.0, "label_source": "REAL_GEOLOGICAL" }, "geometry": { "type": "Polygon", "coordinates": [ [ [ 80.140028920841388, 21.770031744169437 ], [ 80.139969371129325, 21.780020407597181 ], [ 80.129970732021022, 21.779968088477464 ], [ 80.130030973841102, 21.769979451435514 ], [ 80.140028920841388, 21.770031744169437 ] ] ] } },
{ "type": "Feature", "properties": { "zone_id": "r12_c09", "lat": 21.775, "lon": 80.145, "n_mineralized_obs": 1, "n_barren_obs": 0, "label_class": "mineralized", "conflict": false, "label": 1.0, "label_source": "REAL_GEOLOGICAL" }, "geometry": { "type": "Polygon", "coordinates": [ [ [ 80.150028587815967, 21.770031428770935 ], [ 80.149969730493211, 21.780020118346759 ], [ 80.139971065055335, 21.779968404027848 ], [ 80.140030614493355, 21.769979740532875 ], [ 80.150028587815967, 21.770031428770935 ] ] ] } },
{ "type": "Feature", "properties": { "zone_id": "r12_c10", "lat": 21.775, "lon": 80.155, "n_mineralized_obs": 1, "n_barren_obs": 0, "label_class": "mineralized", "conflict": false, "label": 1.0, "label_source": "REAL_GEOLOGICAL" }, "geometry": { "type": "Polygon", "coordinates": [ [ [ 80.160028254636629, 21.770031113524567 ], [ 80.159970089704927, 21.78001982894267 ], [ 80.149971398243608, 21.779968719426119 ], [ 80.150030255297764, 21.769980029783913 ], [ 80.160028254636629, 21.770031113524567 ] ] ] } },
{ "type": "Feature", "properties": { "zone_id": "r12_c11", "lat": 21.775, "lon": 80.165, "n_mineralized_obs": 1, "n_barren_obs": 0, "label_class": "mineralized", "conflict": false, "label": 1.0, "label_source": "REAL_GEOLOGICAL" }, "geometry": { "type": "Polygon", "coordinates": [ [ [ 80.170027921303401, 21.770030798430327 ], [ 80.16997044876446, 21.780019539384913 ], [ 80.159971731585841, 21.779969034672252 ], [ 80.160029896254315, 21.769980319188612 ], [ 80.170027921303401, 21.770030798430327 ] ] ] } },
{ "type": "Feature", "properties": { "zone_id": "r12_c12", "lat": 21.775, "lon": 80.175, "n_mineralized_obs": 1, "n_barren_obs": 0, "label_class": "mineralized", "conflict": false, "label": 1.0, "label_source": "REAL_GEOLOGICAL" }, "geometry": { "type": "Polygon", "coordinates": [ [ [ 80.180027587816255, 21.770030483488242 ], [ 80.179970807671751, 21.780019249673504 ], [ 80.169972065081993, 21.779969349766247 ], [ 80.170029537363007, 21.76998060874698 ], [ 80.180027587816255, 21.770030483488242 ] ] ] } },
{ "type": "Feature", "properties": { "zone_id": "r12_c13", "lat": 21.775, "lon": 80.185, "n_mineralized_obs": 1, "n_barren_obs": 0, "label_class": "mineralized", "conflict": false, "label": 1.0, "label_source": "REAL_GEOLOGICAL" }, "geometry": { "type": "Polygon", "coordinates": [ [ [ 80.190027254175234, 21.770030168698312 ], [ 80.189971166426858, 21.780018959808451 ], [ 80.179972398732076, 21.779969664708105 ], [ 80.180029178623883, 21.769980898458996 ], [ 80.190027254175234, 21.770030168698312 ] ] ] } },
{ "type": "Feature", "properties": { "zone_id": "r12_c14", "lat": 21.775, "lon": 80.195, "n_mineralized_obs": 1, "n_barren_obs": 0, "label_class": "mineralized", "conflict": false, "label": 1.0, "label_source": "REAL_GEOLOGICAL" }, "geometry": { "type": "Polygon", "coordinates": [ [ [ 80.200026920380353, 21.770029854060539 ], [ 80.199971525029738, 21.780018669789751 ], [ 80.189972732536063, 21.779969979497793 ], [ 80.190028820036943, 21.76998118832465 ], [ 80.200026920380353, 21.770029854060539 ] ] ] } },
{ "type": "Feature", "properties": { "zone_id": "r12_c15", "lat": 21.775, "lon": 80.205, "n_mineralized_obs": 1, "n_barren_obs": 0, "label_class": "mineralized", "conflict": false, "label": 1.0, "label_source": "REAL_GEOLOGICAL" }, "geometry": { "type": "Polygon", "coordinates": [ [ [ 80.210026586431596, 21.770029539574956 ], [ 80.209971883480407, 21.780018379617442 ], [ 80.199973066493968, 21.779970294135328 ], [ 80.200028461602187, 21.769981478343947 ], [ 80.210026586431596, 21.770029539574956 ] ] ] } },
{ "type": "Feature", "properties": { "zone_id": "r12_c16", "lat": 21.775, "lon": 80.215, "n_mineralized_obs": 1, "n_barren_obs": 0, "label_class": "mineralized", "conflict": false, "label": 1.0, "label_source": "REAL_GEOLOGICAL" }, "geometry": { "type": "Polygon", "coordinates": [ [ [ 80.220026252328992, 21.770029225241551 ], [ 80.219972241778819, 21.780018089291506 ], [ 80.209973400605776, 21.779970608620683 ], [ 80.210028103319658, 21.769981768516864 ], [ 80.220026252328992, 21.770029225241551 ] ] ] } },
{ "type": "Feature", "properties": { "zone_id": "r12_c17", "lat": 21.775, "lon": 80.225, "n_mineralized_obs": 1, "n_barren_obs": 0, "label_class": "mineralized", "conflict": false, "label": 1.0, "label_source": "REAL_GEOLOGICAL" }, "geometry": { "type": "Polygon", "coordinates": [ [ [ 80.230025918072542, 21.770028911060329 ], [ 80.229972599924963, 21.780017798811944 ], [ 80.219973734871445, 21.779970922953847 ], [ 80.220027745189299, 21.769982058843389 ], [ 80.230025918072542, 21.770028911060329 ] ] ] } },
{ "type": "Feature", "properties": { "zone_id": "r12_c18", "lat": 21.775, "lon": 80.235, "n_mineralized_obs": 1, "n_barren_obs": 0, "label_class": "mineralized", "conflict": false, "label": 1.0, "label_source": "REAL_GEOLOGICAL" }, "geometry": { "type": "Polygon", "coordinates": [ [ [ 80.240025583662245, 21.770028597031313 ], [ 80.239972957918852, 21.780017508178791 ], [ 80.229974069291018, 21.779971237134809 ], [ 80.23002738721118, 21.769982349323527 ], [ 80.240025583662245, 21.770028597031313 ] ] ] } },
{ "type": "Feature", "properties": { "zone_id": "r12_c19", "lat": 21.775, "lon": 80.245, "n_mineralized_obs": 1, "n_barren_obs": 0, "label_class": "mineralized", "conflict": false, "label": 1.0, "label_source": "REAL_GEOLOGICAL" }, "geometry": { "type": "Polygon", "coordinates": [ [ [ 80.250025249098158, 21.77002828315452 ], [ 80.249973315760471, 21.780017217392039 ], [ 80.239974403864451, 21.77997155116358 ], [ 80.240027029385317, 21.769982639957263 ], [ 80.250025249098158, 21.77002828315452 ] ] ] } },
{ "type": "Feature", "properties": { "zone_id": "r12_c20", "lat": 21.775, "lon": 80.255, "n_mineralized_obs": 1, "n_barren_obs": 0, "label_class": "mineralized", "conflict": false, "label": 1.0, "label_source": "REAL_GEOLOGICAL" }, "geometry": { "type": "Polygon", "coordinates": [ [ [ 80.260024914380224, 21.770027969429943 ], [ 80.259973673449778, 21.780016926451708 ], [ 80.249974738591717, 21.779971865040135 ], [ 80.250026671711666, 21.7699829307446 ], [ 80.260024914380224, 21.770027969429943 ] ] ] } },
{ "type": "Feature", "properties": { "zone_id": "r12_c21", "lat": 21.775, "lon": 80.265, "n_mineralized_obs": 1, "n_barren_obs": 0, "label_class": "mineralized", "conflict": false, "label": 1.0, "label_source": "REAL_GEOLOGICAL" }, "geometry": { "type": "Polygon", "coordinates": [ [ [ 80.270024579508501, 21.770027655857596 ], [ 80.269974030986816, 21.7800166353578 ], [ 80.259975073472859, 21.77997217876446 ], [ 80.260026314190299, 21.769983221685507 ], [ 80.270024579508501, 21.770027655857596 ] ] ] } },
{ "type": "Feature", "properties": { "zone_id": "r12_c22", "lat": 21.775, "lon": 80.275, "n_mineralized_obs": 1, "n_barren_obs": 0, "label_class": "mineralized", "conflict": false, "label": 1.0, "label_source": "REAL_GEOLOGICAL" }, "geometry": { "type": "Polygon", "coordinates": [ [ [ 80.280024244482988, 21.770027342437494 ], [ 80.279974388371528, 21.780016344110322 ], [ 80.269975408507818, 21.779972492336565 ], [ 80.270025956821186, 21.769983512779994 ], [ 80.280024244482988, 21.770027342437494 ] ] ] } },
{ "type": "Feature", "properties": { "zone_id": "r12_c23", "lat": 21.775, "lon": 80.285, "n_mineralized_obs": 0, "n_barren_obs": 1, "label_class": "barren", "conflict": false, "label": 0.0, "label_source": "REAL_GEOLOGICAL" }, "geometry": { "type": "Polygon", "coordinates": [ [ [ 80.29002390930367, 21.77002702916964 ], [ 80.289974745603914, 21.780016052709293 ], [ 80.27997574369661, 21.779972805756422 ], [ 80.280025599604329, 21.769983804028044 ], [ 80.29002390930367, 21.77002702916964 ] ] ] } },
{ "type": "Feature", "properties": { "zone_id": "r12_c24", "lat": 21.775, "lon": 80.295, "n_mineralized_obs": 0, "n_barren_obs": 1, "label_class": "barren", "conflict": false, "label": 0.0, "label_source": "REAL_GEOLOGICAL" }, "geometry": { "type": "Polygon", "coordinates": [ [ [ 80.30002357397062, 21.770026716054051 ], [ 80.299975102684002, 21.780015761154711 ], [ 80.289976079039207, 21.779973119024024 ], [ 80.290025242539798, 21.769984095429646 ], [ 80.30002357397062, 21.770026716054051 ] ] ] } },
{ "type": "Feature", "properties": { "zone_id": "r12_c25", "lat": 21.775, "lon": 80.305, "n_mineralized_obs": 0, "n_barren_obs": 1, "label_class": "barren", "conflict": false, "label": 0.0, "label_source": "REAL_GEOLOGICAL" }, "geometry": { "type": "Polygon", "coordinates": [ [ [ 80.310023238483765, 21.770026403090721 ], [ 80.309975459611721, 21.780015469446585 ], [ 80.299976414535621, 21.779973432139368 ], [ 80.30002488562755, 21.769984386984799 ], [ 80.310023238483765, 21.770026403090721 ] ] ] } },
{ "type": "Feature", "properties": { "zone_id": "r12_c26", "lat": 21.775, "lon": 80.315, "n_mineralized_obs": 0, "n_barren_obs": 1, "label_class": "barren", "conflict": false, "label": 0.0, "label_source": "REAL_GEOLOGICAL" }, "geometry": { "type": "Polygon", "coordinates": [ [ [ 80.320022902843178, 21.770026090279682 ], [ 80.3199758163871, 21.780015177584932 ], [ 80.309976750185825, 21.779973745102449 ], [ 80.310024528867615, 21.76998467869349 ], [ 80.320022902843178, 21.770026090279682 ] ] ] } },
{ "type": "Feature", "properties": { "zone_id": "r12_c27", "lat": 21.775, "lon": 80.325, "n_mineralized_obs": 0, "n_barren_obs": 1, "label_class": "barren", "conflict": false, "label": 0.0, "label_source": "REAL_GEOLOGICAL" }, "geometry": { "type": "Polygon", "coordinates": [ [ [ 80.330022567048843, 21.770025777620919 ], [ 80.32997617301011, 21.780014885569742 ], [ 80.319977085989819, 21.779974057913233 ], [ 80.320024172259991, 21.769984970555704 ], [ 80.330022567048843, 21.770025777620919 ] ] ] } },
{ "type": "Feature", "properties": { "zone_id": "r12_c28", "lat": 21.775, "lon": 80.335, "n_mineralized_obs": 0, "n_barren_obs": 1, "label_class": "barren", "conflict": false, "label": 0.0, "label_source": "REAL_GEOLOGICAL" }, "geometry": { "type": "Polygon", "coordinates": [ [ [ 80.340022231100775, 21.770025465114454 ], [ 80.339976529480737, 21.780014593401045 ], [ 80.329977421947575, 21.779974370571729 ], [ 80.33002381580468, 21.769985262571439 ], [ 80.340022231100775, 21.770025465114454 ] ] ] } },
{ "type": "Feature", "properties": { "zone_id": "r12_c29", "lat": 21.775, "lon": 80.345, "n_mineralized_obs": 0, "n_barren_obs": 1, "label_class": "barren", "conflict": false, "label": 0.0, "label_source": "REAL_GEOLOGICAL" }, "geometry": { "type": "Polygon", "coordinates": [ [ [ 80.350021894998989, 21.770025152760304 ], [ 80.349976885799009, 21.780014301078854 ], [ 80.339977758059121, 21.779974683077949 ], [ 80.340023459501751, 21.769985554740693 ], [ 80.350021894998989, 21.770025152760304 ] ] ] } },
{ "type": "Feature", "properties": { "zone_id": "r13_c00", "lat": 21.785, "lon": 80.055, "n_mineralized_obs": 0, "n_barren_obs": 1, "label_class": "barren", "conflict": false, "label": 0.0, "label_source": "REAL_GEOLOGICAL" }, "geometry": { "type": "Polygon", "coordinates": [ [ [ 80.060031593964837, 21.780034289296083 ], [ 80.059966472250665, 21.790022720457891 ], [ 80.049968058651459, 21.789965542079745 ], [ 80.050033872762654, 21.779977139743064 ], [ 80.060031593964837, 21.780034289296083 ] ] ] } },
{ "type": "Feature", "properties": { "zone_id": "r13_c01", "lat": 21.785, "lon": 80.065, "n_mineralized_obs": 0, "n_barren_obs": 1, "label_class": "barren", "conflict": false, "label": 0.0, "label_source": "REAL_GEOLOGICAL" }, "geometry": { "type": "Polygon", "coordinates": [ [ [ 80.070031261995794, 21.780033972570308 ], [ 80.069966833006831, 21.790022432326495 ], [ 80.059968390629052, 21.789965858957327 ], [ 80.060033512022969, 21.779977427721345 ], [ 80.070031261995794, 21.780033972570308 ] ] ] } },
{ "type": "Feature", "properties": { "zone_id": "r13_c02", "lat": 21.785, "lon": 80.075, "n_mineralized_obs": 0, "n_barren_obs": 1, "label_class": "barren", "conflict": false, "label": 0.0, "label_source": "REAL_GEOLOGICAL" }, "geometry": { "type": "Polygon", "coordinates": [ [ [ 80.080030929872763, 21.780033655996597 ], [ 80.079967193610941, 21.790022144041355 ], [ 80.06996872276072, 21.789966175682874 ], [ 80.070033151435339, 21.779977715853391 ], [ 80.080030929872763, 21.780033655996597 ] ] ] } },
{ "type": "Feature", "properties": { "zone_id": "r13_c03", "lat": 21.785, "lon": 80.085, "n_mineralized_obs": 0, "n_barren_obs": 1, "label_class": "barren", "conflict": false, "label": 0.0, "label_source": "REAL_GEOLOGICAL" }, "geometry": { "type": "Polygon", "coordinates": [ [ [ 80.090030597595742, 21.780033339574938 ], [ 80.089967554062923, 21.790021855602486 ], [ 80.079969055046362, 21.789966492256365 ], [ 80.080032790999766, 21.779978004139164 ], [ 80.090030597595742, 21.780033339574938 ] ] ] } },
{ "type": "Feature", "properties": { "zone_id": "r13_c04", "lat": 21.785, "lon": 80.095, "n_mineralized_obs": 1, "n_barren_obs": 0, "label_class": "mineralized", "conflict": false, "label": 1.0, "label_source": "REAL_GEOLOGICAL" }, "geometry": { "type": "Polygon", "coordinates": [ [ [ 80.100030265164762, 21.78003302330535 ], [ 80.099967914362807, 21.790021567009891 ], [ 80.089969387486065, 21.789966808677789 ], [ 80.090032430716278, 21.779978292578676 ], [ 80.100030265164762, 21.78003302330535 ] ] ] } },
{ "type": "Feature", "properties": { "zone_id": "r13_c05", "lat": 21.785, "lon": 80.105, "n_mineralized_obs": 1, "n_barren_obs": 0, "label_class": "mineralized", "conflict": false, "label": 1.0, "label_source": "REAL_GEOLOGICAL" }, "geometry": { "type": "Polygon", "coordinates": [ [ [ 80.11002993257982, 21.780032707187839 ], [ 80.10996827451055, 21.79002127826358 ], [ 80.099969720079756, 21.78996712494715 ], [ 80.100032070584874, 21.779978581171896 ], [ 80.11002993257982, 21.780032707187839 ] ] ] } },
{ "type": "Feature", "properties": { "zone_id": "r13_c06", "lat": 21.785, "lon": 80.115, "n_mineralized_obs": 1, "n_barren_obs": 0, "label_class": "mineralized", "conflict": false, "label": 1.0, "label_source": "REAL_GEOLOGICAL" }, "geometry": { "type": "Polygon", "coordinates": [ [ [ 80.120029599840905, 21.780032391222427 ], [ 80.119968634506151, 21.790020989363569 ], [ 80.109970052827435, 21.789967441064427 ], [ 80.110031710605526, 21.779978869918839 ], [ 80.120029599840905, 21.780032391222427 ] ] ] } },
{ "type": "Feature", "properties": { "zone_id": "r13_c07", "lat": 21.785, "lon": 80.125, "n_mineralized_obs": 1, "n_barren_obs": 0, "label_class": "mineralized", "conflict": false, "label": 1.0, "label_source": "REAL_GEOLOGICAL" }, "geometry": { "type": "Polygon", "coordinates": [ [ [ 80.130029266948057, 21.780032075409114 ], [ 80.129968994349639, 21.79002070030986 ], [ 80.119970385729118, 21.789967757029618 ], [ 80.120031350778319, 21.779979158819486 ], [ 80.130029266948057, 21.780032075409114 ] ] ] } },
{ "type": "Feature", "properties": { "zone_id": "r13_c08", "lat": 21.785, "lon": 80.135, "n_mineralized_obs": 1, "n_barren_obs": 0, "label_class": "mineralized", "conflict": false, "label": 1.0, "label_source": "REAL_GEOLOGICAL" }, "geometry": { "type": "Polygon", "coordinates": [ [ [ 80.140028933901263, 21.780031759747899 ], [ 80.139969354040943, 21.790020411102464 ], [ 80.129970718784776, 21.789968072842708 ], [ 80.130030991103226, 21.779979447873821 ], [ 80.140028933901263, 21.780031759747899 ] ] ] } },
{ "type": "Feature", "properties": { "zone_id": "r13_c09", "lat": 21.785, "lon": 80.145, "n_mineralized_obs": 1, "n_barren_obs": 0, "label_class": "mineralized", "conflict": false, "label": 1.0, "label_source": "REAL_GEOLOGICAL" }, "geometry": { "type": "Polygon", "coordinates": [ [ [ 80.150028600700566, 21.780031444238801 ], [ 80.149969713580077, 21.790020121741374 ], [ 80.139971051994394, 21.789968388503684 ], [ 80.14003063158026, 21.779979737081838 ], [ 80.150028600700566, 21.780031444238801 ] ] ] } },
{ "type": "Feature", "properties": { "zone_id": "r13_c10", "lat": 21.785, "lon": 80.155, "n_mineralized_obs": 1, "n_barren_obs": 0, "label_class": "mineralized", "conflict": false, "label": 1.0, "label_source": "REAL_GEOLOGICAL" }, "geometry": { "type": "Polygon", "coordinates": [ [ [ 80.16002826734595, 21.780031128881838 ], [ 80.159970072967042, 21.790019832226626 ], [ 80.149971385357958, 21.789968704012544 ], [ 80.15003027220942, 21.779980026443539 ], [ 80.16002826734595, 21.780031128881838 ] ] ] } },
{ "type": "Feature", "properties": { "zone_id": "r13_c11", "lat": 21.785, "lon": 80.165, "n_mineralized_obs": 1, "n_barren_obs": 0, "label_class": "mineralized", "conflict": false, "label": 1.0, "label_source": "REAL_GEOLOGICAL" }, "geometry": { "type": "Polygon", "coordinates": [ [ [ 80.170027933837432, 21.780030813677005 ], [ 80.169970432201836, 21.790019542558206 ], [ 80.159971718875482, 21.789969019369277 ], [ 80.160029912990737, 21.779980315958909 ], [ 80.170027933837432, 21.780030813677005 ] ] ] } },
{ "type": "Feature", "properties": { "zone_id": "r13_c12", "lat": 21.785, "lon": 80.175, "n_mineralized_obs": 1, "n_barren_obs": 0, "label_class": "mineralized", "conflict": false, "label": 1.0, "label_source": "REAL_GEOLOGICAL" }, "geometry": { "type": "Polygon", "coordinates": [ [ [ 80.180027600174995, 21.780030498624317 ], [ 80.17997079128439, 21.790019252736133 ], [ 80.169972052546925, 21.789969334573872 ], [ 80.170029553924195, 21.779980605627927 ], [ 80.180027600174995, 21.780030498624317 ] ] ] } },
{ "type": "Feature", "properties": { "zone_id": "r13_c13", "lat": 21.785, "lon": 80.185, "n_mineralized_obs": 1, "n_barren_obs": 0, "label_class": "mineralized", "conflict": false, "label": 1.0, "label_source": "REAL_GEOLOGICAL" }, "geometry": { "type": "Polygon", "coordinates": [ [ [ 80.190027266358697, 21.780030183723792 ], [ 80.189971150214745, 21.790018962760421 ], [ 80.179972386372299, 21.789969649626318 ], [ 80.180029195009837, 21.77998089545061 ], [ 80.190027266358697, 21.780030183723792 ] ] ] } },
{ "type": "Feature", "properties": { "zone_id": "r13_c14", "lat": 21.785, "lon": 80.195, "n_mineralized_obs": 1, "n_barren_obs": 0, "label_class": "mineralized", "conflict": false, "label": 1.0, "label_source": "REAL_GEOLOGICAL" }, "geometry": { "type": "Polygon", "coordinates": [ [ [ 80.200026932388525, 21.780029868975429 ], [ 80.199971508992888, 21.790018672631067 ], [ 80.189972720351591, 21.789969964526613 ], [ 80.190028836247649, 21.779981185426927 ], [ 80.200026932388525, 21.780029868975429 ] ] ] } },
{ "type": "Feature", "properties": { "zone_id": "r13_c15", "lat": 21.785, "lon": 80.205, "n_mineralized_obs": 1, "n_barren_obs": 0, "label_class": "mineralized", "conflict": false, "label": 1.0, "label_source": "REAL_GEOLOGICAL" }, "geometry": { "type": "Polygon", "coordinates": [ [ [ 80.210026598264491, 21.780029554379237 ], [ 80.20997186761879, 21.790018382348084 ], [ 80.199973054484801, 21.789970279274744 ], [ 80.200028477637659, 21.77998147555688 ], [ 80.210026598264491, 21.780029554379237 ] ] ] } },
{ "type": "Feature", "properties": { "zone_id": "r13_c16", "lat": 21.785, "lon": 80.215, "n_mineralized_obs": 1, "n_barren_obs": 0, "label_class": "mineralized", "conflict": false, "label": 1.0, "label_source": "REAL_GEOLOGICAL" }, "geometry": { "type": "Polygon", "coordinates": [ [ [ 80.220026263986611, 21.780029239935232 ], [ 80.219972226092466, 21.790018091911481 ], [ 80.209973388771914, 21.789970593870692 ], [ 80.210028119179881, 21.779981765840457 ], [ 80.220026263986611, 21.780029239935232 ] ] ] } },
{ "type": "Feature", "properties": { "zone_id": "r13_c17", "lat": 21.785, "lon": 80.225, "n_mineralized_obs": 1, "n_barren_obs": 0, "label_class": "mineralized", "conflict": false, "label": 1.0, "label_source": "REAL_GEOLOGICAL" }, "geometry": { "type": "Polygon", "coordinates": [ [ [ 80.230025929554856, 21.780028925643414 ], [ 80.229972584413872, 21.79001780132127 ], [ 80.219973723212874, 21.789970908314455 ], [ 80.220027760874288, 21.77998205627766 ], [ 80.230025929554856, 21.780028925643414 ] ] ] } },
{ "type": "Feature", "properties": { "zone_id": "r13_c18", "lat": 21.785, "lon": 80.235, "n_mineralized_obs": 1, "n_barren_obs": 0, "label_class": "mineralized", "conflict": false, "label": 1.0, "label_source": "REAL_GEOLOGICAL" }, "geometry": { "type": "Polygon", "coordinates": [ [ [ 80.240025594969282, 21.780028611503813 ], [ 80.239972942583009, 21.790017510577453 ], [ 80.229974057807738, 21.78997122260602 ], [ 80.230027402720935, 21.779982346868458 ], [ 80.240025594969282, 21.780028611503813 ] ] ] } },
{ "type": "Feature", "properties": { "zone_id": "r13_c19", "lat": 21.785, "lon": 80.245, "n_mineralized_obs": 1, "n_barren_obs": 0, "label_class": "mineralized", "conflict": false, "label": 1.0, "label_source": "REAL_GEOLOGICAL" }, "geometry": { "type": "Polygon", "coordinates": [ [ [ 80.250025260229904, 21.780028297516406 ], [ 80.249973300599891, 21.790017219680042 ], [ 80.239974392556476, 21.789971536745384 ], [ 80.240027044719824, 21.779982637612861 ], [ 80.250025260229904, 21.780028297516406 ] ] ] } },
{ "type": "Feature", "properties": { "zone_id": "r13_c20", "lat": 21.785, "lon": 80.255, "n_mineralized_obs": 1, "n_barren_obs": 0, "label_class": "mineralized", "conflict": false, "label": 1.0, "label_source": "REAL_GEOLOGICAL" }, "geometry": { "type": "Polygon", "coordinates": [ [ [ 80.260024925336694, 21.780027983681226 ], [ 80.25997365846446, 21.790016928629051 ], [ 80.249974727459048, 21.789971850732545 ], [ 80.250026686870925, 21.779982928510847 ], [ 80.260024925336694, 21.780027983681226 ] ] ] } },
{ "type": "Feature", "properties": { "zone_id": "r13_c21", "lat": 21.785, "lon": 80.265, "n_mineralized_obs": 1, "n_barren_obs": 0, "label_class": "mineralized", "conflict": false, "label": 1.0, "label_source": "REAL_GEOLOGICAL" }, "geometry": { "type": "Polygon", "coordinates": [ [ [ 80.270024590289694, 21.78002766999828 ], [ 80.269974016176747, 21.790016637424483 ], [ 80.25997506251548, 21.789972164567477 ], [ 80.260026329174323, 21.779983219562421 ], [ 80.270024590289694, 21.78002766999828 ] ] ] } },
{ "type": "Feature", "properties": { "zone_id": "r13_c22", "lat": 21.785, "lon": 80.275, "n_mineralized_obs": 1, "n_barren_obs": 0, "label_class": "mineralized", "conflict": false, "label": 1.0, "label_source": "REAL_GEOLOGICAL" }, "geometry": { "type": "Polygon", "coordinates": [ [ [ 80.28002425508889, 21.780027356467581 ], [ 80.279974373736735, 21.790016346066349 ], [ 80.269975397725744, 21.789972478250178 ], [ 80.270025971629963, 21.779983510767572 ], [ 80.28002425508889, 21.780027356467581 ] ] ] } },
{ "type": "Feature", "properties": { "zone_id": "r13_c23", "lat": 21.785, "lon": 80.285, "n_mineralized_obs": 1, "n_barren_obs": 0, "label_class": "mineralized", "conflict": false, "label": 1.0, "label_source": "REAL_GEOLOGICAL" }, "geometry": { "type": "Polygon", "coordinates": [ [ [ 80.290023919734281, 21.78002704308912 ], [ 80.289974731144369, 21.790016054554656 ], [ 80.279975733089827, 21.789972791780638 ], [ 80.280025614237871, 21.779983802126278 ], [ 80.290023919734281, 21.78002704308912 ] ] ] } },
{ "type": "Feature", "properties": { "zone_id": "r13_c24", "lat": 21.785, "lon": 80.295, "n_mineralized_obs": 0, "n_barren_obs": 1, "label_class": "barren", "conflict": false, "label": 0.0, "label_source": "REAL_GEOLOGICAL" }, "geometry": { "type": "Polygon", "coordinates": [ [ [ 80.30002358422594, 21.780026729862925 ], [ 80.299975088399719, 21.790015762889414 ], [ 80.289976068607729, 21.78997310515885 ], [ 80.290025256998092, 21.779984093638543 ], [ 80.30002358422594, 21.780026729862925 ] ] ] } },
{ "type": "Feature", "properties": { "zone_id": "r13_c25", "lat": 21.785, "lon": 80.305, "n_mineralized_obs": 0, "n_barren_obs": 1, "label_class": "barren", "conflict": false, "label": 0.0, "label_source": "REAL_GEOLOGICAL" }, "geometry": { "type": "Polygon", "coordinates": [ [ [ 80.310023248563809, 21.780026416788992 ], [ 80.309975445502701, 21.790015471070625 ], [ 80.299976404279434, 21.78997341838479 ], [ 80.300024899910596, 21.779984385304349 ], [ 80.310023248563809, 21.780026416788992 ] ] ] } },
{ "type": "Feature", "properties": { "zone_id": "r13_c26", "lat": 21.785, "lon": 80.315, "n_mineralized_obs": 0, "n_barren_obs": 1, "label_class": "barren", "conflict": false, "label": 0.0, "label_source": "REAL_GEOLOGICAL" }, "geometry": { "type": "Polygon", "coordinates": [ [ [ 80.320022912747945, 21.780026103867336 ], [ 80.319975802453342, 21.790015179098315 ], [ 80.309976740104943, 21.789973731458474 ], [ 80.310024542975412, 21.779984677123696 ], [ 80.320022912747945, 21.780026103867336 ] ] ] } },
{ "type": "Feature", "properties": { "zone_id": "r13_c27", "lat": 21.785, "lon": 80.325, "n_mineralized_obs": 0, "n_barren_obs": 1, "label_class": "barren", "conflict": false, "label": 0.0, "label_source": "REAL_GEOLOGICAL" }, "geometry": { "type": "Polygon", "coordinates": [ [ [ 80.330022576778319, 21.78002579109798 ], [ 80.329976159251615, 21.790014886972468 ], [ 80.319977076084243, 21.789974044379871 ], [ 80.320024186192541, 21.779984969096574 ], [ 80.330022576778319, 21.78002579109798 ] ] ] } },
{ "type": "Feature", "properties": { "zone_id": "r13_c28", "lat": 21.785, "lon": 80.335, "n_mineralized_obs": 0, "n_barren_obs": 1, "label_class": "barren", "conflict": false, "label": 0.0, "label_source": "REAL_GEOLOGICAL" }, "geometry": { "type": "Polygon", "coordinates": [ [ [ 80.340022240654946, 21.780025478480908 ], [ 80.339976515897504, 21.790014594693115 ], [ 80.329977412217289, 21.789974357148978 ], [ 80.330023829561995, 21.779985261222976 ], [ 80.340022240654946, 21.780025478480908 ] ] ] } },
{ "type": "Feature", "properties": { "zone_id": "r13_c29", "lat": 21.785, "lon": 80.345, "n_mineralized_obs": 0, "n_barren_obs": 1, "label_class": "barren", "conflict": false, "label": 0.0, "label_source": "REAL_GEOLOGICAL" }, "geometry": { "type": "Polygon", "coordinates": [ [ [ 80.350021904377897, 21.780025166016141 ], [ 80.349976872391039, 21.790014302260246 ], [ 80.339977748504126, 21.789974669765787 ], [ 80.340023473083818, 21.779985553502879 ], [ 80.350021904377897, 21.780025166016141 ] ] ] } },
{ "type": "Feature", "properties": { "zone_id": "r14_c00", "lat": 21.795, "lon": 80.055, "n_mineralized_obs": 0, "n_barren_obs": 1, "label_class": "barren", "conflict": false, "label": 0.0, "label_source": "REAL_GEOLOGICAL" }, "geometry": { "type": "Polygon", "coordinates": [ [ [ 80.060031608428517, 21.790034305757974 ], [ 80.059966453757283, 21.800022724842737 ], [ 80.04996804401128, 21.799965525561571 ], [ 80.050033891429663, 21.789977135301793 ], [ 80.060031608428517, 21.790034305757974 ] ] ] } },
{ "type": "Feature", "properties": { "zone_id": "r14_c01", "lat": 21.795, "lon": 80.065, "n_mineralized_obs": 0, "n_barren_obs": 1, "label_class": "barren", "conflict": false, "label": 0.0, "label_source": "REAL_GEOLOGICAL" }, "geometry": { "type": "Polygon", "coordinates": [ [ [ 80.070031276284169, 21.790033988921664 ], [ 80.069966814688726, 21.800022436600724 ], [ 80.059968376164193, 21.799965842549721 ], [ 80.06003353051473, 21.78997742339072 ], [ 80.070031276284169, 21.790033988921664 ] ] ] } },
{ "type": "Feature", "properties": { "zone_id": "r14_c02", "lat": 21.795, "lon": 80.075, "n_mineralized_obs": 0, "n_barren_obs": 1, "label_class": "barren", "conflict": false, "label": 0.0, "label_source": "REAL_GEOLOGICAL" }, "geometry": { "type": "Polygon", "coordinates": [ [ [ 80.080030943985847, 21.790033672237389 ], [ 80.079967175468099, 21.800022148204956 ], [ 80.069968708471166, 21.799966159385807 ], [ 80.070033169751866, 21.789977711633384 ], [ 80.080030943985847, 21.790033672237389 ] ] ] } },
{ "type": "Feature", "properties": { "zone_id": "r14_c03", "lat": 21.795, "lon": 80.085, "n_mineralized_obs": 0, "n_barren_obs": 1, "label_class": "barren", "conflict": false, "label": 0.0, "label_source": "REAL_GEOLOGICAL" }, "geometry": { "type": "Polygon", "coordinates": [ [ [ 80.090030611533507, 21.79003335570518 ], [ 80.089967536095344, 21.800021859655466 ], [ 80.079969040932141, 21.799966476069855 ], [ 80.080032809141017, 21.789978000029787 ], [ 80.090030611533507, 21.79003335570518 ] ] ] } },
{ "type": "Feature", "properties": { "zone_id": "r14_c04", "lat": 21.795, "lon": 80.095, "n_mineralized_obs": 1, "n_barren_obs": 0, "label_class": "mineralized", "conflict": false, "label": 1.0, "label_source": "REAL_GEOLOGICAL" }, "geometry": { "type": "Polygon", "coordinates": [ [ [ 80.100030278927221, 21.790033039325039 ], [ 80.099967896570504, 21.800021570952243 ], [ 80.089969373547163, 21.799966792601833 ], [ 80.09003244868228, 21.78997828857992 ], [ 80.100030278927221, 21.790033039325039 ] ] ] } },
{ "type": "Feature", "properties": { "zone_id": "r14_c05", "lat": 21.795, "lon": 80.105, "n_mineralized_obs": 1, "n_barren_obs": 0, "label_class": "mineralized", "conflict": false, "label": 1.0, "label_source": "REAL_GEOLOGICAL" }, "geometry": { "type": "Polygon", "coordinates": [ [ [ 80.110029946166961, 21.790032723096981 ], [ 80.109968256893524, 21.800021282095308 ], [ 80.099969706316173, 21.799967108981747 ], [ 80.100032088375613, 21.789978577283772 ], [ 80.110029946166961, 21.790032723096981 ] ] ] } },
{ "type": "Feature", "properties": { "zone_id": "r14_c06", "lat": 21.795, "lon": 80.115, "n_mineralized_obs": 1, "n_barren_obs": 0, "label_class": "mineralized", "conflict": false, "label": 1.0, "label_source": "REAL_GEOLOGICAL" }, "geometry": { "type": "Polygon", "coordinates": [ [ [ 80.12002961325274, 21.790032407021005 ], [ 80.119968617064387, 21.800020993084672 ], [ 80.109970039239158, 21.799967425209584 ], [ 80.110031728221017, 21.789978866141336 ], [ 80.12002961325274, 21.790032407021005 ] ] ] } },
{ "type": "Feature", "properties": { "zone_id": "r14_c07", "lat": 21.795, "lon": 80.125, "n_mineralized_obs": 1, "n_barren_obs": 0, "label_class": "mineralized", "conflict": false, "label": 1.0, "label_source": "REAL_GEOLOGICAL" }, "geometry": { "type": "Polygon", "coordinates": [ [ [ 80.130029280184587, 21.790032091097135 ], [ 80.129968977083138, 21.800020703920335 ], [ 80.119970372316175, 21.799967741285322 ], [ 80.120031368218562, 21.789979155152611 ], [ 80.130029280184587, 21.790032091097135 ] ] ] } },
{ "type": "Feature", "properties": { "zone_id": "r14_c08", "lat": 21.795, "lon": 80.135, "n_mineralized_obs": 1, "n_barren_obs": 0, "label_class": "mineralized", "conflict": false, "label": 1.0, "label_source": "REAL_GEOLOGICAL" }, "geometry": { "type": "Polygon", "coordinates": [ [ [ 80.140028946962502, 21.79003177532536 ], [ 80.139969336949719, 21.800020414602315 ], [ 80.129970705547152, 21.799968057208968 ], [ 80.130031008368206, 21.789979444317567 ], [ 80.140028946962502, 21.79003177532536 ] ] ] } },
{ "type": "Feature", "properties": { "zone_id": "r14_c09", "lat": 21.795, "lon": 80.145, "n_mineralized_obs": 1, "n_barren_obs": 0, "label_class": "mineralized", "conflict": false, "label": 1.0, "label_source": "REAL_GEOLOGICAL" }, "geometry": { "type": "Polygon", "coordinates": [ [ [ 80.150028613586485, 21.790031459705716 ], [ 80.149969696664144, 21.800020125130612 ], [ 80.139971038932075, 21.799968372980505 ], [ 80.140030648669978, 21.789979733636212 ], [ 80.150028613586485, 21.790031459705716 ] ] ] } },
{ "type": "Feature", "properties": { "zone_id": "r14_c10", "lat": 21.795, "lon": 80.155, "n_mineralized_obs": 1, "n_barren_obs": 0, "label_class": "mineralized", "conflict": false, "label": 1.0, "label_source": "REAL_GEOLOGICAL" }, "geometry": { "type": "Polygon", "coordinates": [ [ [ 80.160028280056565, 21.790031144238196 ], [ 80.159970056226385, 21.800019835505225 ], [ 80.149971372470972, 21.799968688599922 ], [ 80.150030289123876, 21.789980023108544 ], [ 80.160028280056565, 21.790031144238196 ] ] ] } },
{ "type": "Feature", "properties": { "zone_id": "r14_c11", "lat": 21.795, "lon": 80.165, "n_mineralized_obs": 1, "n_barren_obs": 0, "label_class": "mineralized", "conflict": false, "label": 1.0, "label_source": "REAL_GEOLOGICAL" }, "geometry": { "type": "Polygon", "coordinates": [ [ [ 80.170027946372741, 21.790030828922799 ], [ 80.169970415636442, 21.80001954572619 ], [ 80.15997170616383, 21.799969004067215 ], [ 80.16002992972993, 21.789980312734535 ], [ 80.170027946372741, 21.790030828922799 ] ] ] } },
{ "type": "Feature", "properties": { "zone_id": "r14_c12", "lat": 21.795, "lon": 80.175, "n_mineralized_obs": 1, "n_barren_obs": 0, "label_class": "mineralized", "conflict": false, "label": 1.0, "label_source": "REAL_GEOLOGICAL" }, "geometry": { "type": "Polygon", "coordinates": [ [ [ 80.180027612535, 21.790030513759557 ], [ 80.179970774894286, 21.80001925579349 ], [ 80.169972040010592, 21.799969319382367 ], [ 80.170029570488126, 21.789980602514184 ], [ 80.180027612535, 21.790030513759557 ] ] ] } },
{ "type": "Feature", "properties": { "zone_id": "r14_c13", "lat": 21.795, "lon": 80.185, "n_mineralized_obs": 1, "n_barren_obs": 0, "label_class": "mineralized", "conflict": false, "label": 1.0, "label_source": "REAL_GEOLOGICAL" }, "geometry": { "type": "Polygon", "coordinates": [ [ [ 80.190027278543397, 21.790030198748465 ], [ 80.189971133999919, 21.800018965707142 ], [ 80.179972374011285, 21.79996963454537 ], [ 80.180029211398505, 21.789980892447485 ], [ 80.190027278543397, 21.790030198748465 ] ] ] } },
{ "type": "Feature", "properties": { "zone_id": "r14_c14", "lat": 21.795, "lon": 80.195, "n_mineralized_obs": 1, "n_barren_obs": 0, "label_class": "mineralized", "conflict": false, "label": 1.0, "label_source": "REAL_GEOLOGICAL" }, "geometry": { "type": "Polygon", "coordinates": [ [ [ 80.200026944397905, 21.790029883889545 ], [ 80.199971492953338, 21.800018675467168 ], [ 80.189972708165911, 21.799969949556221 ], [ 80.190028852461069, 21.789981182534436 ], [ 80.200026944397905, 21.790029883889545 ] ] ] } },
{ "type": "Feature", "properties": { "zone_id": "r14_c15", "lat": 21.795, "lon": 80.205, "n_mineralized_obs": 1, "n_barren_obs": 0, "label_class": "mineralized", "conflict": false, "label": 1.0, "label_source": "REAL_GEOLOGICAL" }, "geometry": { "type": "Polygon", "coordinates": [ [ [ 80.210026610098566, 21.790029569182796 ], [ 80.209971851754531, 21.800018385073567 ], [ 80.199973042474426, 21.79997026441491 ], [ 80.200028493675802, 21.789981472775015 ], [ 80.210026610098566, 21.790029569182796 ] ] ] } },
{ "type": "Feature", "properties": { "zone_id": "r14_c16", "lat": 21.795, "lon": 80.215, "n_mineralized_obs": 1, "n_barren_obs": 0, "label_class": "mineralized", "conflict": false, "label": 1.0, "label_source": "REAL_GEOLOGICAL" }, "geometry": { "type": "Polygon", "coordinates": [ [ [ 80.220026275645367, 21.790029254628219 ], [ 80.219972210403483, 21.80001809452634 ], [ 80.209973376936858, 21.799970579121421 ], [ 80.210028135042776, 21.789981763169212 ], [ 80.220026275645367, 21.790029254628219 ] ] ] } },
{ "type": "Feature", "properties": { "zone_id": "r14_c17", "lat": 21.795, "lon": 80.225, "n_mineralized_obs": 1, "n_barren_obs": 0, "label_class": "mineralized", "conflict": false, "label": 1.0, "label_source": "REAL_GEOLOGICAL" }, "geometry": { "type": "Polygon", "coordinates": [ [ [ 80.230025941038321, 21.790028940225845 ], [ 80.229972568900152, 21.800017803825501 ], [ 80.219973711553152, 21.799970893675745 ], [ 80.220027776561906, 21.789982053717026 ], [ 80.230025941038321, 21.790028940225845 ] ] ] } },
{ "type": "Feature", "properties": { "zone_id": "r14_c18", "lat": 21.795, "lon": 80.235, "n_mineralized_obs": 1, "n_barren_obs": 0, "label_class": "mineralized", "conflict": false, "label": 1.0, "label_source": "REAL_GEOLOGICAL" }, "geometry": { "type": "Polygon", "coordinates": [ [ [ 80.240025606277428, 21.790028625975669 ], [ 80.23997292724458, 21.80001751297106 ], [ 80.229974046323335, 21.799971208077874 ], [ 80.230027418233291, 21.789982344418448 ], [ 80.240025606277428, 21.790028625975669 ] ] ] } },
{ "type": "Feature", "properties": { "zone_id": "r14_c19", "lat": 21.795, "lon": 80.245, "n_mineralized_obs": 1, "n_barren_obs": 0, "label_class": "mineralized", "conflict": false, "label": 1.0, "label_source": "REAL_GEOLOGICAL" }, "geometry": { "type": "Polygon", "coordinates": [ [ [ 80.250025271362745, 21.790028311877705 ], [ 80.249973285436752, 21.800017221963028 ], [ 80.239974381247393, 21.799971522327809 ], [ 80.240027060056917, 21.789982635273478 ], [ 80.250025271362745, 21.790028311877705 ] ] ] } },
{ "type": "Feature", "properties": { "zone_id": "r14_c20", "lat": 21.795, "lon": 80.255, "n_mineralized_obs": 1, "n_barren_obs": 0, "label_class": "mineralized", "conflict": false, "label": 1.0, "label_source": "REAL_GEOLOGICAL" }, "geometry": { "type": "Polygon", "coordinates": [ [ [ 80.260024936294215, 21.790027997931968 ], [ 80.259973643476599, 21.800016930801416 ], [ 80.249974716325283, 21.799971836425527 ], [ 80.25002670203277, 21.789982926282097 ], [ 80.260024936294215, 21.790027997931968 ] ] ] } },
{ "type": "Feature", "properties": { "zone_id": "r14_c21", "lat": 21.795, "lon": 80.265, "n_mineralized_obs": 1, "n_barren_obs": 0, "label_class": "mineralized", "conflict": false, "label": 1.0, "label_source": "REAL_GEOLOGICAL" }, "geometry": { "type": "Polygon", "coordinates": [ [ [ 80.27002460107191, 21.790027684138455 ], [ 80.26997400136419, 21.80001663948622 ], [ 80.259975051557049, 21.799972150371019 ], [ 80.260026344160877, 21.789983217444291 ], [ 80.27002460107191, 21.790027684138455 ] ] ] } },
{ "type": "Feature", "properties": { "zone_id": "r14_c22", "lat": 21.795, "lon": 80.275, "n_mineralized_obs": 1, "n_barren_obs": 0, "label_class": "mineralized", "conflict": false, "label": 1.0, "label_source": "REAL_GEOLOGICAL" }, "geometry": { "type": "Polygon", "coordinates": [ [ [ 80.280024265695801, 21.790027370497182 ], [ 80.279974359099441, 21.800016348017465 ], [ 80.269975386942633, 21.799972464164288 ], [ 80.270025986441254, 21.789983508760063 ], [ 80.280024265695801, 21.790027370497182 ] ] ] } },
{ "type": "Feature", "properties": { "zone_id": "r14_c23", "lat": 21.795, "lon": 80.285, "n_mineralized_obs": 1, "n_barren_obs": 0, "label_class": "mineralized", "conflict": false, "label": 1.0, "label_source": "REAL_GEOLOGICAL" }, "geometry": { "type": "Polygon", "coordinates": [ [ [ 80.290023930165887, 21.79002705700816 ], [ 80.289974716682366, 21.800016056395144 ], [ 80.279975722482021, 21.799972777805312 ], [ 80.280025628873886, 21.789983800229397 ], [ 80.290023930165887, 21.79002705700816 ] ] ] } },
{ "type": "Feature", "properties": { "zone_id": "r14_c24", "lat": 21.795, "lon": 80.295, "n_mineralized_obs": 0, "n_barren_obs": 1, "label_class": "barren", "conflict": false, "label": 0.0, "label_source": "REAL_GEOLOGICAL" }, "geometry": { "type": "Polygon", "coordinates": [ [ [ 80.300023594482226, 21.790026743671397 ], [ 80.299975074113007, 21.800015764619282 ], [ 80.28997605817527, 21.799973091294088 ], [ 80.290025271458845, 21.789984091852283 ], [ 80.300023594482226, 21.790026743671397 ] ] ] } },
{ "type": "Feature", "properties": { "zone_id": "r14_c25", "lat": 21.795, "lon": 80.305, "n_mineralized_obs": 0, "n_barren_obs": 1, "label_class": "barren", "conflict": false, "label": 0.0, "label_source": "REAL_GEOLOGICAL" }, "geometry": { "type": "Polygon", "coordinates": [ [ [ 80.310023258644804, 21.7900264304869 ], [ 80.309975431391265, 21.800015472689882 ], [ 80.299976394022309, 21.799973404630606 ], [ 80.300024914196072, 21.789984383628724 ], [ 80.310023258644804, 21.7900264304869 ] ] ] } },
{ "type": "Feature", "properties": { "zone_id": "r14_c26", "lat": 21.795, "lon": 80.315, "n_mineralized_obs": 0, "n_barren_obs": 1, "label_class": "barren", "conflict": false, "label": 0.0, "label_source": "REAL_GEOLOGICAL" }, "geometry": { "type": "Polygon", "coordinates": [ [ [ 80.320022922653607, 21.79002611745468 ], [ 80.319975788517198, 21.800015180606934 ], [ 80.309976730023124, 21.799973717814854 ], [ 80.310024557085626, 21.789984675558692 ], [ 80.320022922653607, 21.79002611745468 ] ] ] } },
{ "type": "Feature", "properties": { "zone_id": "r14_c27", "lat": 21.795, "lon": 80.325, "n_mineralized_obs": 0, "n_barren_obs": 1, "label_class": "barren", "conflict": false, "label": 0.0, "label_source": "REAL_GEOLOGICAL" }, "geometry": { "type": "Polygon", "coordinates": [ [ [ 80.33002258650869, 21.79002580457475 ], [ 80.329976145490761, 21.800014888370477 ], [ 80.319977066177742, 21.799974030846819 ], [ 80.320024200127492, 21.789984967642194 ], [ 80.33002258650869, 21.79002580457475 ] ] ] } },
{ "type": "Feature", "properties": { "zone_id": "r14_c28", "lat": 21.795, "lon": 80.335, "n_mineralized_obs": 0, "n_barren_obs": 1, "label_class": "barren", "conflict": false, "label": 0.0, "label_source": "REAL_GEOLOGICAL" }, "geometry": { "type": "Polygon", "coordinates": [ [ [ 80.340022250209998, 21.790025491847103 ], [ 80.339976502311927, 21.800014595980496 ], [ 80.329977402486122, 21.799974343726497 ], [ 80.330023843321669, 21.789985259879209 ], [ 80.340022250209998, 21.790025491847103 ] ] ] } },
{ "type": "Feature", "properties": { "zone_id": "r14_c29", "lat": 21.795, "lon": 80.345, "n_mineralized_obs": 0, "n_barren_obs": 1, "label_class": "barren", "conflict": false, "label": 0.0, "label_source": "REAL_GEOLOGICAL" }, "geometry": { "type": "Polygon", "coordinates": [ [ [ 80.350021913757629, 21.790025179271776 ], [ 80.349976858980753, 21.800014303437013 ], [ 80.339977738948278, 21.799974656453873 ], [ 80.340023486668215, 21.789985552269737 ], [ 80.350021913757629, 21.790025179271776 ] ] ] } },
{ "type": "Feature", "properties": { "zone_id": "r15_c00", "lat": 21.805, "lon": 80.055, "n_mineralized_obs": 0, "n_barren_obs": 1, "label_class": "barren", "conflict": false, "label": 0.0, "label_source": "REAL_GEOLOGICAL" }, "geometry": { "type": "Polygon", "coordinates": [ [ [ 80.060031622893746, 21.800034322218565 ], [ 80.059966435260861, 21.810022729221863 ], [ 80.049968029369523, 21.809965509044726 ], [ 80.050033910099742, 21.799977130866274 ], [ 80.060031622893746, 21.800034322218565 ] ] ] } },
{ "type": "Feature", "properties": { "zone_id": "r15_c01", "lat": 21.805, "lon": 80.065, "n_mineralized_obs": 0, "n_barren_obs": 1, "label_class": "barren", "conflict": false, "label": 0.0, "label_source": "REAL_GEOLOGICAL" }, "geometry": { "type": "Polygon", "coordinates": [ [ [ 80.070031290574065, 21.800034005271741 ], [ 80.069966796367609, 21.810022440869261 ], [ 80.059968361697784, 21.80996582614338 ], [ 80.060033549009503, 21.799977419065794 ], [ 80.070031290574065, 21.800034005271741 ] ] ] } },
{ "type": "Feature", "properties": { "zone_id": "r15_c02", "lat": 21.805, "lon": 80.075, "n_mineralized_obs": 0, "n_barren_obs": 1, "label_class": "barren", "conflict": false, "label": 0.0, "label_source": "REAL_GEOLOGICAL" }, "geometry": { "type": "Polygon", "coordinates": [ [ [ 80.080030958100409, 21.800033688476947 ], [ 80.079967157322272, 21.810022152362908 ], [ 80.069968694180105, 21.809966143089991 ], [ 80.070033188071363, 21.799977707419039 ], [ 80.080030958100409, 21.800033688476947 ] ] ] } },
{ "type": "Feature", "properties": { "zone_id": "r15_c03", "lat": 21.805, "lon": 80.085, "n_mineralized_obs": 0, "n_barren_obs": 1, "label_class": "barren", "conflict": false, "label": 0.0, "label_source": "REAL_GEOLOGICAL" }, "geometry": { "type": "Polygon", "coordinates": [ [ [ 80.090030625472735, 21.800033371834228 ], [ 80.089967518124809, 21.810021863702833 ], [ 80.079969026816428, 21.809966459884553 ], [ 80.080032827285251, 21.799977995926042 ], [ 80.090030625472735, 21.800033371834228 ] ] ] } },
{ "type": "Feature", "properties": { "zone_id": "r15_c04", "lat": 21.805, "lon": 80.095, "n_mineralized_obs": 1, "n_barren_obs": 0, "label_class": "mineralized", "conflict": false, "label": 1.0, "label_source": "REAL_GEOLOGICAL" }, "geometry": { "type": "Polygon", "coordinates": [ [ [ 80.10003029269113, 21.800033055343565 ], [ 80.099967878775274, 21.810021574889017 ], [ 80.089969359606798, 21.809966776527045 ], [ 80.090032466651223, 21.799978284586754 ], [ 80.10003029269113, 21.800033055343565 ] ] ] } },
{ "type": "Feature", "properties": { "zone_id": "r15_c05", "lat": 21.805, "lon": 80.105, "n_mineralized_obs": 1, "n_barren_obs": 0, "label_class": "mineralized", "conflict": false, "label": 1.0, "label_source": "REAL_GEOLOGICAL" }, "geometry": { "type": "Polygon", "coordinates": [ [ [ 80.110029959755536, 21.800032739004994 ], [ 80.109968239273599, 21.810021285921501 ], [ 80.099969692551142, 21.809967093017477 ], [ 80.10003210616928, 21.799978573401205 ], [ 80.110029959755536, 21.800032739004994 ] ] ] } },
{ "type": "Feature", "properties": { "zone_id": "r15_c06", "lat": 21.805, "lon": 80.115, "n_mineralized_obs": 1, "n_barren_obs": 0, "label_class": "mineralized", "conflict": false, "label": 1.0, "label_source": "REAL_GEOLOGICAL" }, "geometry": { "type": "Polygon", "coordinates": [ [ [ 80.120029626665982, 21.800032422818497 ], [ 80.119968599619767, 21.810020996800269 ], [ 80.109970025649488, 21.809967409355817 ], [ 80.110031745839407, 21.799978862369347 ], [ 80.120029626665982, 21.800032422818497 ] ] ] } },
{ "type": "Feature", "properties": { "zone_id": "r15_c07", "lat": 21.805, "lon": 80.125, "n_mineralized_obs": 1, "n_barren_obs": 0, "label_class": "mineralized", "conflict": false, "label": 1.0, "label_source": "REAL_GEOLOGICAL" }, "geometry": { "type": "Polygon", "coordinates": [ [ [ 80.13002929342251, 21.800032106784109 ], [ 80.129968959813809, 21.810020707525343 ], [ 80.119970358901824, 21.809967725542087 ], [ 80.120031385661676, 21.799979151491208 ], [ 80.13002929342251, 21.800032106784109 ] ] ] } },
{ "type": "Feature", "properties": { "zone_id": "r15_c08", "lat": 21.805, "lon": 80.135, "n_mineralized_obs": 1, "n_barren_obs": 0, "label_class": "mineralized", "conflict": false, "label": 1.0, "label_source": "REAL_GEOLOGICAL" }, "geometry": { "type": "Polygon", "coordinates": [ [ [ 80.140028960025077, 21.800031790901826 ], [ 80.139969319855695, 21.810020418096727 ], [ 80.129970692308149, 21.809968041576244 ], [ 80.130031025636029, 21.799979440766759 ], [ 80.140028960025077, 21.800031790901826 ] ] ] } },
{ "type": "Feature", "properties": { "zone_id": "r15_c09", "lat": 21.805, "lon": 80.145, "n_mineralized_obs": 1, "n_barren_obs": 0, "label_class": "mineralized", "conflict": false, "label": 1.0, "label_source": "REAL_GEOLOGICAL" }, "geometry": { "type": "Polygon", "coordinates": [ [ [ 80.150028626473741, 21.800031475171647 ], [ 80.149969679745411, 21.810020128514434 ], [ 80.139971025868434, 21.809968357458299 ], [ 80.140030665762509, 21.799979730195989 ], [ 80.150028626473741, 21.800031475171647 ] ] ] } },
{ "type": "Feature", "properties": { "zone_id": "r15_c10", "lat": 21.805, "lon": 80.155, "n_mineralized_obs": 1, "n_barren_obs": 0, "label_class": "mineralized", "conflict": false, "label": 1.0, "label_source": "REAL_GEOLOGICAL" }, "geometry": { "type": "Polygon", "coordinates": [ [ [ 80.160028292768473, 21.800031159593605 ], [ 80.159970039482943, 21.810019838778466 ], [ 80.149971359582679, 21.809968673188237 ], [ 80.150030306041131, 21.799980019778904 ], [ 80.160028292768473, 21.800031159593605 ] ] ] } },
{ "type": "Feature", "properties": { "zone_id": "r15_c11", "lat": 21.805, "lon": 80.165, "n_mineralized_obs": 1, "n_barren_obs": 0, "label_class": "mineralized", "conflict": false, "label": 1.0, "label_source": "REAL_GEOLOGICAL" }, "geometry": { "type": "Polygon", "coordinates": [ [ [ 80.170027958909316, 21.800030844167694 ], [ 80.169970399068319, 21.810019548888842 ], [ 80.159971693450871, 21.809968988766052 ], [ 80.160029946471923, 21.799980309515483 ], [ 80.170027958909316, 21.800030844167694 ] ] ] } },
{ "type": "Feature", "properties": { "zone_id": "r15_c12", "lat": 21.805, "lon": 80.175, "n_mineralized_obs": 1, "n_barren_obs": 0, "label_class": "mineralized", "conflict": false, "label": 1.0, "label_source": "REAL_GEOLOGICAL" }, "geometry": { "type": "Polygon", "coordinates": [ [ [ 80.180027624896255, 21.800030528893927 ], [ 80.179970758501454, 21.810019258845557 ], [ 80.16997202747298, 21.809969304191718 ], [ 80.170029587054827, 21.799980599405721 ], [ 80.180027624896255, 21.800030528893927 ] ] ] } },
{ "type": "Feature", "properties": { "zone_id": "r15_c13", "lat": 21.805, "lon": 80.185, "n_mineralized_obs": 1, "n_barren_obs": 0, "label_class": "mineralized", "conflict": false, "label": 1.0, "label_source": "REAL_GEOLOGICAL" }, "geometry": { "type": "Polygon", "coordinates": [ [ [ 80.190027290729304, 21.80003021377232 ], [ 80.189971117782392, 21.810018968648631 ], [ 80.179972361649021, 21.809969619465249 ], [ 80.180029227789916, 21.799980889449614 ], [ 80.190027290729304, 21.80003021377232 ] ] ] } },
{ "type": "Feature", "properties": { "zone_id": "r15_c14", "lat": 21.805, "lon": 80.195, "n_mineralized_obs": 1, "n_barren_obs": 0, "label_class": "mineralized", "conflict": false, "label": 1.0, "label_source": "REAL_GEOLOGICAL" }, "geometry": { "type": "Polygon", "coordinates": [ [ [ 80.200026956408493, 21.800029898802872 ], [ 80.199971476911102, 21.810018678298064 ], [ 80.18997269597898, 21.809969934586629 ], [ 80.190028868677189, 21.799981179647148 ], [ 80.200026956408493, 21.800029898802872 ] ] ] } },
{ "type": "Feature", "properties": { "zone_id": "r15_c15", "lat": 21.805, "lon": 80.205, "n_mineralized_obs": 1, "n_barren_obs": 0, "label_class": "mineralized", "conflict": false, "label": 1.0, "label_source": "REAL_GEOLOGICAL" }, "geometry": { "type": "Polygon", "coordinates": [ [ [ 80.210026621933821, 21.800029583985598 ], [ 80.2099718358876, 21.810018387793871 ], [ 80.199973030462857, 21.809970249555835 ], [ 80.200028509716645, 21.799981469998318 ], [ 80.210026621933821, 21.800029583985598 ] ] ] } },
{ "type": "Feature", "properties": { "zone_id": "r15_c16", "lat": 21.805, "lon": 80.215, "n_mineralized_obs": 1, "n_barren_obs": 0, "label_class": "mineralized", "conflict": false, "label": 1.0, "label_source": "REAL_GEOLOGICAL" }, "geometry": { "type": "Polygon", "coordinates": [ [ [ 80.220026287305288, 21.8000292693205 ], [ 80.219972194711872, 21.810018097136062 ], [ 80.209973365100637, 21.809970564372872 ], [ 80.210028150908315, 21.799981760503112 ], [ 80.220026287305288, 21.8000292693205 ] ] ] } },
{ "type": "Feature", "properties": { "zone_id": "r15_c17", "lat": 21.805, "lon": 80.225, "n_mineralized_obs": 1, "n_barren_obs": 0, "label_class": "mineralized", "conflict": false, "label": 1.0, "label_source": "REAL_GEOLOGICAL" }, "geometry": { "type": "Polygon", "coordinates": [ [ [ 80.230025952522908, 21.800028954807601 ], [ 80.229972553383845, 21.810017806324641 ], [ 80.219973699892265, 21.809970879037724 ], [ 80.220027792252168, 21.799982051161511 ], [ 80.230025952522908, 21.800028954807601 ] ] ] } },
{ "type": "Feature", "properties": { "zone_id": "r15_c18", "lat": 21.805, "lon": 80.235, "n_mineralized_obs": 1, "n_barren_obs": 0, "label_class": "mineralized", "conflict": false, "label": 1.0, "label_source": "REAL_GEOLOGICAL" }, "geometry": { "type": "Polygon", "coordinates": [ [ [ 80.240025617586696, 21.8000286404469 ], [ 80.239972911903578, 21.810017515359615 ], [ 80.229974034837795, 21.809971193550382 ], [ 80.230027433748262, 21.799982341973529 ], [ 80.240025617586696, 21.8000286404469 ] ] ] } },
{ "type": "Feature", "properties": { "zone_id": "r15_c19", "lat": 21.805, "lon": 80.245, "n_mineralized_obs": 1, "n_barren_obs": 0, "label_class": "mineralized", "conflict": false, "label": 1.0, "label_source": "REAL_GEOLOGICAL" }, "geometry": { "type": "Polygon", "coordinates": [ [ [ 80.250025282496665, 21.800028326238412 ], [ 80.249973270271042, 21.810017224240998 ], [ 80.239974369937201, 21.809971507910838 ], [ 80.240027075396583, 21.799982632939134 ], [ 80.250025282496665, 21.800028326238412 ] ] ] } },
{ "type": "Feature", "properties": { "zone_id": "r15_c20", "lat": 21.805, "lon": 80.255, "n_mineralized_obs": 1, "n_barren_obs": 0, "label_class": "mineralized", "conflict": false, "label": 1.0, "label_source": "REAL_GEOLOGICAL" }, "geometry": { "type": "Polygon", "coordinates": [ [ [ 80.260024947252802, 21.800028012182143 ], [ 80.259973628486208, 21.810016932968793 ], [ 80.249974705190439, 21.809971822119078 ], [ 80.250026717197144, 21.799982924058337 ], [ 80.260024947252802, 21.800028012182143 ] ] ] } },
{ "type": "Feature", "properties": { "zone_id": "r15_c21", "lat": 21.805, "lon": 80.265, "n_mineralized_obs": 1, "n_barren_obs": 0, "label_class": "mineralized", "conflict": false, "label": 1.0, "label_source": "REAL_GEOLOGICAL" }, "geometry": { "type": "Polygon", "coordinates": [ [ [ 80.270024611855163, 21.800027698278104 ], [ 80.26997398654909, 21.810016641543019 ], [ 80.259975040597553, 21.809972136175105 ], [ 80.26002635914999, 21.799983215331117 ], [ 80.270024611855163, 21.800027698278104 ] ] ] } },
{ "type": "Feature", "properties": { "zone_id": "r15_c22", "lat": 21.805, "lon": 80.275, "n_mineralized_obs": 1, "n_barren_obs": 0, "label_class": "mineralized", "conflict": false, "label": 1.0, "label_source": "REAL_GEOLOGICAL" }, "geometry": { "type": "Polygon", "coordinates": [ [ [ 80.28002427630372, 21.800027384526302 ], [ 80.27997434445966, 21.810016349963671 ], [ 80.26997537615847, 21.809972450078899 ], [ 80.270026001255061, 21.799983506757478 ], [ 80.28002427630372, 21.800027384526302 ] ] ] } },
{ "type": "Feature", "properties": { "zone_id": "r15_c23", "lat": 21.805, "lon": 80.285, "n_mineralized_obs": 1, "n_barren_obs": 0, "label_class": "mineralized", "conflict": false, "label": 1.0, "label_source": "REAL_GEOLOGICAL" }, "geometry": { "type": "Polygon", "coordinates": [ [ [ 80.290023940598473, 21.800027070926753 ], [ 80.289974702217904, 21.810016058230769 ], [ 80.27997571187322, 21.809972763830451 ], [ 80.280025643512403, 21.799983798337401 ], [ 80.290023940598473, 21.800027070926753 ] ] ] } },
{ "type": "Feature", "properties": { "zone_id": "r15_c24", "lat": 21.805, "lon": 80.295, "n_mineralized_obs": 0, "n_barren_obs": 1, "label_class": "barren", "conflict": false, "label": 0.0, "label_source": "REAL_GEOLOGICAL" }, "geometry": { "type": "Polygon", "coordinates": [ [ [ 80.300023604739479, 21.800026757479461 ], [ 80.299975059823836, 21.810015766344321 ], [ 80.289976047741817, 21.809973077429753 ], [ 80.29002528592207, 21.799984090070868 ], [ 80.300023604739479, 21.800026757479461 ] ] ] } },
{ "type": "Feature", "properties": { "zone_id": "r15_c25", "lat": 21.805, "lon": 80.305, "n_mineralized_obs": 0, "n_barren_obs": 1, "label_class": "barren", "conflict": false, "label": 0.0, "label_source": "REAL_GEOLOGICAL" }, "geometry": { "type": "Polygon", "coordinates": [ [ [ 80.310023268726709, 21.800026444184429 ], [ 80.309975417277414, 21.810015474304326 ], [ 80.299976383764189, 21.809973390876795 ], [ 80.300024928484007, 21.799984381957891 ], [ 80.310023268726709, 21.800026444184429 ] ] ] } },
{ "type": "Feature", "properties": { "zone_id": "r15_c26", "lat": 21.805, "lon": 80.315, "n_mineralized_obs": 0, "n_barren_obs": 1, "label_class": "barren", "conflict": false, "label": 0.0, "label_source": "REAL_GEOLOGICAL" }, "geometry": { "type": "Polygon", "coordinates": [ [ [ 80.320022932560192, 21.800026131041676 ], [ 80.319975774578651, 21.810015182110799 ], [ 80.309976719940366, 21.809973704171568 ], [ 80.310024571198255, 21.799984673998448 ], [ 80.320022932560192, 21.800026131041676 ] ] ] } },
{ "type": "Feature", "properties": { "zone_id": "r15_c27", "lat": 21.805, "lon": 80.325, "n_mineralized_obs": 0, "n_barren_obs": 1, "label_class": "barren", "conflict": false, "label": 0.0, "label_source": "REAL_GEOLOGICAL" }, "geometry": { "type": "Polygon", "coordinates": [ [ [ 80.330022596239942, 21.800025818051214 ], [ 80.329976131727534, 21.81001488976375 ], [ 80.319977056270318, 21.809974017314065 ], [ 80.32002421406483, 21.799984966192536 ], [ 80.330022596239942, 21.800025818051214 ] ] ] } },
{ "type": "Feature", "properties": { "zone_id": "r15_c28", "lat": 21.805, "lon": 80.335, "n_mineralized_obs": 0, "n_barren_obs": 1, "label_class": "barren", "conflict": false, "label": 0.0, "label_source": "REAL_GEOLOGICAL" }, "geometry": { "type": "Polygon", "coordinates": [ [ [ 80.340022259765931, 21.800025505213046 ], [ 80.33997648872402, 21.810014597263194 ], [ 80.32997739275406, 21.809974330304286 ], [ 80.330023857083702, 21.79998525854014 ], [ 80.340022259765931, 21.800025505213046 ] ] ] } },
{ "type": "Feature", "properties": { "zone_id": "r15_c29", "lat": 21.805, "lon": 80.345, "n_mineralized_obs": 0, "n_barren_obs": 1, "label_class": "barren", "conflict": false, "label": 0.0, "label_source": "REAL_GEOLOGICAL" }, "geometry": { "type": "Polygon", "coordinates": [ [ [ 80.350021923138215, 21.800025192527183 ], [ 80.34997684556815, 21.810014304609126 ], [ 80.339977729391563, 21.809974643142201 ], [ 80.340023500254958, 21.799985551041264 ], [ 80.350021923138215, 21.800025192527183 ] ] ] } },
{ "type": "Feature", "properties": { "zone_id": "r16_c00", "lat": 21.815, "lon": 80.055, "n_mineralized_obs": 0, "n_barren_obs": 1, "label_class": "barren", "conflict": false, "label": 0.0, "label_source": "REAL_GEOLOGICAL" }, "geometry": { "type": "Polygon", "coordinates": [ [ [ 80.06003163736051, 21.810034338677863 ], [ 80.059966416761441, 21.820022733595263 ], [ 80.049968014726204, 21.819965492529207 ], [ 80.050033928772848, 21.809977126436507 ], [ 80.06003163736051, 21.810034338677863 ] ] ] } },
{ "type": "Feature", "properties": { "zone_id": "r16_c01", "lat": 21.815, "lon": 80.065, "n_mineralized_obs": 0, "n_barren_obs": 1, "label_class": "barren", "conflict": false, "label": 0.0, "label_source": "REAL_GEOLOGICAL" }, "geometry": { "type": "Polygon", "coordinates": [ [ [ 80.070031304865481, 21.810034021620556 ], [ 80.069966778043494, 21.820022445132111 ], [ 80.059968347229827, 21.819965809738335 ], [ 80.060033567507318, 21.809977414746569 ], [ 80.070031304865481, 21.810034021620556 ] ] ] } },
{ "type": "Feature", "properties": { "zone_id": "r16_c02", "lat": 21.815, "lon": 80.075, "n_mineralized_obs": 0, "n_barren_obs": 1, "label_class": "barren", "conflict": false, "label": 0.0, "label_source": "REAL_GEOLOGICAL" }, "geometry": { "type": "Polygon", "coordinates": [ [ [ 80.080030972216463, 21.810033704715288 ], [ 80.079967139173476, 21.820022156515208 ], [ 80.069968679887523, 21.819966126795421 ], [ 80.070033206393873, 21.809977703210372 ], [ 80.080030972216463, 21.810033704715288 ] ] ] } },
{ "type": "Feature", "properties": { "zone_id": "r16_c03", "lat": 21.815, "lon": 80.085, "n_mineralized_obs": 0, "n_barren_obs": 1, "label_class": "barren", "conflict": false, "label": 0.0, "label_source": "REAL_GEOLOGICAL" }, "geometry": { "type": "Polygon", "coordinates": [ [ [ 80.090030639413442, 21.81003338796209 ], [ 80.089967500151332, 21.820021867744579 ], [ 80.079969012699209, 21.819966443700455 ], [ 80.080032845432456, 21.809977991827925 ], [ 80.090030639413442, 21.81003338796209 ] ] ] } },
{ "type": "Feature", "properties": { "zone_id": "r16_c04", "lat": 21.815, "lon": 80.095, "n_mineralized_obs": 1, "n_barren_obs": 0, "label_class": "mineralized", "conflict": false, "label": 1.0, "label_source": "REAL_GEOLOGICAL" }, "geometry": { "type": "Polygon", "coordinates": [ [ [ 80.100030306456475, 21.810033071360952 ], [ 80.099967860977102, 21.820021578820221 ], [ 80.08996934566494, 21.819966760453426 ], [ 80.090032484623151, 21.809978280599196 ], [ 80.100030306456475, 21.810033071360952 ] ] ] } },
{ "type": "Feature", "properties": { "zone_id": "r16_c05", "lat": 21.815, "lon": 80.105, "n_mineralized_obs": 1, "n_barren_obs": 0, "label_class": "mineralized", "conflict": false, "label": 1.0, "label_source": "REAL_GEOLOGICAL" }, "geometry": { "type": "Polygon", "coordinates": [ [ [ 80.110029973345533, 21.810032754911898 ], [ 80.109968221650746, 21.820021289742147 ], [ 80.09996967878466, 21.819967077054336 ], [ 80.100032123965889, 21.809978569524191 ], [ 80.110029973345533, 21.810032754911898 ] ] ] } },
{ "type": "Feature", "properties": { "zone_id": "r16_c06", "lat": 21.815, "lon": 80.115, "n_mineralized_obs": 1, "n_barren_obs": 0, "label_class": "mineralized", "conflict": false, "label": 1.0, "label_source": "REAL_GEOLOGICAL" }, "geometry": { "type": "Polygon", "coordinates": [ [ [ 80.120029640080617, 21.810032438614918 ], [ 80.119968582172248, 21.820021000510362 ], [ 80.109970012058369, 21.819967393503166 ], [ 80.110031763460711, 21.809978858602886 ], [ 80.120029640080617, 21.810032438614918 ] ] ] } },
{ "type": "Feature", "properties": { "zone_id": "r16_c07", "lat": 21.815, "lon": 80.125, "n_mineralized_obs": 1, "n_barren_obs": 0, "label_class": "mineralized", "conflict": false, "label": 1.0, "label_source": "REAL_GEOLOGICAL" }, "geometry": { "type": "Polygon", "coordinates": [ [ [ 80.130029306661783, 21.810032122470052 ], [ 80.129968942541623, 21.820020711124897 ], [ 80.119970345486095, 21.819967709799915 ], [ 80.12003140310766, 21.8099791478353 ], [ 80.130029306661783, 21.810032122470052 ] ] ] } },
{ "type": "Feature", "properties": { "zone_id": "r16_c08", "lat": 21.815, "lon": 80.135, "n_mineralized_obs": 1, "n_barren_obs": 0, "label_class": "mineralized", "conflict": false, "label": 1.0, "label_source": "REAL_GEOLOGICAL" }, "geometry": { "type": "Polygon", "coordinates": [ [ [ 80.140028973089017, 21.810031806477284 ], [ 80.139969302758828, 21.820020421585731 ], [ 80.129970679067767, 21.819968025944554 ], [ 80.130031042906708, 21.809979437221401 ], [ 80.140028973089017, 21.810031806477284 ] ] ] } },
{ "type": "Feature", "properties": { "zone_id": "r16_c09", "lat": 21.815, "lon": 80.145, "n_mineralized_obs": 1, "n_barren_obs": 0, "label_class": "mineralized", "conflict": false, "label": 1.0, "label_source": "REAL_GEOLOGICAL" }, "geometry": { "type": "Polygon", "coordinates": [ [ [ 80.150028639362304, 21.810031490636632 ], [ 80.149969662823864, 21.820020131892893 ], [ 80.139971012803429, 21.819968341937095 ], [ 80.140030682857898, 21.809979726761188 ], [ 80.150028639362304, 21.810031490636632 ] ] ] } },
{ "type": "Feature", "properties": { "zone_id": "r16_c10", "lat": 21.815, "lon": 80.155, "n_mineralized_obs": 1, "n_barren_obs": 0, "label_class": "mineralized", "conflict": false, "label": 1.0, "label_source": "REAL_GEOLOGICAL" }, "geometry": { "type": "Polygon", "coordinates": [ [ [ 80.160028305481688, 21.810031174948101 ], [ 80.159970022736729, 21.820019842046367 ], [ 80.149971346693036, 21.819968657777508 ], [ 80.150030322961214, 21.809980016454652 ], [ 80.160028305481688, 21.810031174948101 ] ] ] } },
{ "type": "Feature", "properties": { "zone_id": "r16_c11", "lat": 21.815, "lon": 80.165, "n_mineralized_obs": 1, "n_barren_obs": 0, "label_class": "mineralized", "conflict": false, "label": 1.0, "label_source": "REAL_GEOLOGICAL" }, "geometry": { "type": "Polygon", "coordinates": [ [ [ 80.170027971447183, 21.810030859411714 ], [ 80.169970382497411, 21.820019552046194 ], [ 80.159971680736604, 21.819968973465805 ], [ 80.160029963216672, 21.809980306301782 ], [ 80.170027971447183, 21.810030859411714 ] ] ] } },
{ "type": "Feature", "properties": { "zone_id": "r16_c12", "lat": 21.815, "lon": 80.175, "n_mineralized_obs": 1, "n_barren_obs": 0, "label_class": "mineralized", "conflict": false, "label": 1.0, "label_source": "REAL_GEOLOGICAL" }, "geometry": { "type": "Polygon", "coordinates": [ [ [ 80.180027637258746, 21.810030544027462 ], [ 80.17997074210588, 21.820019261892362 ], [ 80.169972014934089, 21.819969289001961 ], [ 80.170029603624286, 21.809980596302569 ], [ 80.180027637258746, 21.810030544027462 ] ] ] } },
{ "type": "Feature", "properties": { "zone_id": "r16_c13", "lat": 21.815, "lon": 80.185, "n_mineralized_obs": 1, "n_barren_obs": 0, "label_class": "mineralized", "conflict": false, "label": 1.0, "label_source": "REAL_GEOLOGICAL" }, "geometry": { "type": "Polygon", "coordinates": [ [ [ 80.190027302916448, 21.810030228795362 ], [ 80.189971101562151, 21.820018971584883 ], [ 80.179972349285492, 21.819969604385982 ], [ 80.180029244184055, 21.809980886457012 ], [ 80.190027302916448, 21.810030228795362 ] ] ] } },
{ "type": "Feature", "properties": { "zone_id": "r16_c14", "lat": 21.815, "lon": 80.195, "n_mineralized_obs": 1, "n_barren_obs": 0, "label_class": "mineralized", "conflict": false, "label": 1.0, "label_source": "REAL_GEOLOGICAL" }, "geometry": { "type": "Polygon", "coordinates": [ [ [ 80.200026968420275, 21.810029913715425 ], [ 80.199971460866195, 21.82001868112377 ], [ 80.189972683790828, 21.819969919617836 ], [ 80.190028884896023, 21.809981176765099 ], [ 80.200026968420275, 21.810029913715425 ] ] ] } },
{ "type": "Feature", "properties": { "zone_id": "r16_c15", "lat": 21.815, "lon": 80.205, "n_mineralized_obs": 1, "n_barren_obs": 0, "label_class": "mineralized", "conflict": false, "label": 1.0, "label_source": "REAL_GEOLOGICAL" }, "geometry": { "type": "Polygon", "coordinates": [ [ [ 80.210026633770241, 21.810029598787672 ], [ 80.209971820018012, 21.820018390509027 ], [ 80.199973018450066, 21.819970234697532 ], [ 80.20002852576016, 21.809981467226812 ], [ 80.210026633770241, 21.810029598787672 ] ] ] } },
{ "type": "Feature", "properties": { "zone_id": "r16_c16", "lat": 21.815, "lon": 80.215, "n_mineralized_obs": 1, "n_barren_obs": 0, "label_class": "mineralized", "conflict": false, "label": 1.0, "label_source": "REAL_GEOLOGICAL" }, "geometry": { "type": "Polygon", "coordinates": [ [ [ 80.22002629896636, 21.810029284012092 ], [ 80.219972179017603, 21.820018099740672 ], [ 80.209973353263223, 21.819970549625054 ], [ 80.210028166776524, 21.809981757842156 ], [ 80.22002629896636, 21.810029284012092 ] ] ] } },
{ "type": "Feature", "properties": { "zone_id": "r16_c17", "lat": 21.815, "lon": 80.225, "n_mineralized_obs": 1, "n_barren_obs": 0, "label_class": "mineralized", "conflict": false, "label": 1.0, "label_source": "REAL_GEOLOGICAL" }, "geometry": { "type": "Polygon", "coordinates": [ [ [ 80.230025964008618, 21.810028969388686 ], [ 80.22997253786491, 21.820017808818687 ], [ 80.219973688230226, 21.819970864400386 ], [ 80.220027807945058, 21.809982048611097 ], [ 80.230025964008618, 21.810028969388686 ] ] ] } },
{ "type": "Feature", "properties": { "zone_id": "r16_c18", "lat": 21.815, "lon": 80.235, "n_mineralized_obs": 1, "n_barren_obs": 0, "label_class": "mineralized", "conflict": false, "label": 1.0, "label_source": "REAL_GEOLOGICAL" }, "geometry": { "type": "Polygon", "coordinates": [ [ [ 80.240025628897044, 21.81002865491751 ], [ 80.239972896559976, 21.820017517743118 ], [ 80.229974023351133, 21.819971179023533 ], [ 80.230027449265847, 21.809982339533672 ], [ 80.240025628897044, 21.81002865491751 ] ] ] } },
{ "type": "Feature", "properties": { "zone_id": "r16_c19", "lat": 21.815, "lon": 80.245, "n_mineralized_obs": 1, "n_barren_obs": 0, "label_class": "mineralized", "conflict": false, "label": 1.0, "label_source": "REAL_GEOLOGICAL" }, "geometry": { "type": "Polygon", "coordinates": [ [ [ 80.250025293631666, 21.810028340598521 ], [ 80.249973255102773, 21.820017226513954 ], [ 80.239974358625901, 21.819971493494478 ], [ 80.240027090738863, 21.809982630609831 ], [ 80.250025293631666, 21.810028340598521 ] ] ] } },
{ "type": "Feature", "properties": { "zone_id": "r16_c20", "lat": 21.815, "lon": 80.255, "n_mineralized_obs": 1, "n_barren_obs": 0, "label_class": "mineralized", "conflict": false, "label": 1.0, "label_source": "REAL_GEOLOGICAL" }, "geometry": { "type": "Polygon", "coordinates": [ [ [ 80.260024958212441, 21.810028026431766 ], [ 80.259973613493258, 21.8200169351312 ], [ 80.249974694054515, 21.819971807813207 ], [ 80.250026732364091, 21.809982921839573 ], [ 80.260024958212441, 21.810028026431766 ] ] ] } },
{ "type": "Feature", "properties": { "zone_id": "r16_c21", "lat": 21.815, "lon": 80.265, "n_mineralized_obs": 1, "n_barren_obs": 0, "label_class": "mineralized", "conflict": false, "label": 1.0, "label_source": "REAL_GEOLOGICAL" }, "geometry": { "type": "Polygon", "coordinates": [ [ [ 80.27002462263944, 21.810027712417238 ], [ 80.269973971731488, 21.820016643594872 ], [ 80.25997502963699, 21.81997212197972 ], [ 80.260026374141617, 21.80998321322291 ], [ 80.27002462263944, 21.810027712417238 ] ] ] } },
{ "type": "Feature", "properties": { "zone_id": "r16_c22", "lat": 21.815, "lon": 80.275, "n_mineralized_obs": 1, "n_barren_obs": 0, "label_class": "mineralized", "conflict": false, "label": 1.0, "label_source": "REAL_GEOLOGICAL" }, "geometry": { "type": "Polygon", "coordinates": [ [ [ 80.280024286912649, 21.810027398554947 ], [ 80.279974329817392, 21.820016351904986 ], [ 80.269975365373298, 21.819972435994011 ], [ 80.270026016071384, 21.809983504759821 ], [ 80.280024286912649, 21.810027398554947 ] ] ] } },
{ "type": "Feature", "properties": { "zone_id": "r16_c23", "lat": 21.815, "lon": 80.285, "n_mineralized_obs": 1, "n_barren_obs": 0, "label_class": "mineralized", "conflict": false, "label": 1.0, "label_source": "REAL_GEOLOGICAL" }, "geometry": { "type": "Polygon", "coordinates": [ [ [ 80.29002395103204, 21.810027084844908 ], [ 80.289974687750956, 21.820016060061533 ], [ 80.27997570126341, 21.819972749856056 ], [ 80.28002565815342, 21.80998379645029 ], [ 80.29002395103204, 21.810027084844908 ] ] ] } },
{ "type": "Feature", "properties": { "zone_id": "r16_c24", "lat": 21.815, "lon": 80.295, "n_mineralized_obs": 0, "n_barren_obs": 1, "label_class": "barren", "conflict": false, "label": 0.0, "label_source": "REAL_GEOLOGICAL" }, "geometry": { "type": "Polygon", "coordinates": [ [ [ 80.300023614997698, 21.810026771287117 ], [ 80.299975045532236, 21.820015768064529 ], [ 80.289976037307369, 21.81997306356585 ], [ 80.290025300387754, 21.809984088294314 ], [ 80.300023614997698, 21.810026771287117 ] ] ] } },
{ "type": "Feature", "properties": { "zone_id": "r16_c25", "lat": 21.815, "lon": 80.305, "n_mineralized_obs": 0, "n_barren_obs": 1, "label_class": "barren", "conflict": false, "label": 0.0, "label_source": "REAL_GEOLOGICAL" }, "geometry": { "type": "Polygon", "coordinates": [ [ [ 80.310023278809567, 21.810026457881587 ], [ 80.309975403161147, 21.820015475913987 ], [ 80.299976373505118, 21.819973377123382 ], [ 80.300024942774385, 21.809984380291873 ], [ 80.310023278809567, 21.810026457881587 ] ] ] } },
{ "type": "Feature", "properties": { "zone_id": "r16_c26", "lat": 21.815, "lon": 80.315, "n_mineralized_obs": 0, "n_barren_obs": 1, "label_class": "barren", "conflict": false, "label": 0.0, "label_source": "REAL_GEOLOGICAL" }, "geometry": { "type": "Polygon", "coordinates": [ [ [ 80.320022942467688, 21.810026144628353 ], [ 80.319975760637718, 21.820015183609915 ], [ 80.30997670985667, 21.819973690528652 ], [ 80.3100245853133, 21.80998467244299 ], [ 80.320022942467688, 21.810026144628353 ] ] ] } },
{ "type": "Feature", "properties": { "zone_id": "r16_c27", "lat": 21.815, "lon": 80.325, "n_mineralized_obs": 0, "n_barren_obs": 1, "label_class": "barren", "conflict": false, "label": 0.0, "label_source": "REAL_GEOLOGICAL" }, "geometry": { "type": "Polygon", "coordinates": [ [ [ 80.330022605972061, 21.81002583152739 ], [ 80.329976117961934, 21.820014891152312 ], [ 80.319977046362013, 21.819974003781642 ], [ 80.320024228004556, 21.809984964747617 ], [ 80.330022605972061, 21.81002583152739 ] ] ] } },
{ "type": "Feature", "properties": { "zone_id": "r16_c28", "lat": 21.815, "lon": 80.335, "n_mineralized_obs": 0, "n_barren_obs": 1, "label_class": "barren", "conflict": false, "label": 0.0, "label_source": "REAL_GEOLOGICAL" }, "geometry": { "type": "Polygon", "coordinates": [ [ [ 80.340022269322702, 21.810025518578726 ], [ 80.339976475133767, 21.82001459854121 ], [ 80.329977383021102, 21.819974316882348 ], [ 80.330023870848109, 21.809985257205778 ], [ 80.340022269322702, 21.810025518578726 ] ] ] } },
{ "type": "Feature", "properties": { "zone_id": "r16_c29", "lat": 21.815, "lon": 80.345, "n_mineralized_obs": 0, "n_barren_obs": 1, "label_class": "barren", "conflict": false, "label": 0.0, "label_source": "REAL_GEOLOGICAL" }, "geometry": { "type": "Polygon", "coordinates": [ [ [ 80.350021932519638, 21.810025205782367 ], [ 80.349976832153231, 21.820014305776596 ], [ 80.339977719833982, 21.819974629830764 ], [ 80.340023513844045, 21.809985549817441 ], [ 80.350021932519638, 21.810025205782367 ] ] ] } },
{ "type": "Feature", "properties": { "zone_id": "r17_c00", "lat": 21.825, "lon": 80.055, "n_mineralized_obs": 0, "n_barren_obs": 1, "label_class": "barren", "conflict": false, "label": 0.0, "label_source": "REAL_GEOLOGICAL" }, "geometry": { "type": "Polygon", "coordinates": [ [ [ 80.060031651828837, 21.820034355135849 ], [ 80.059966398258965, 21.830022737962935 ], [ 80.049968000081321, 21.829965476014994 ], [ 80.050033947449009, 21.819977122012475 ], [ 80.060031651828837, 21.820034355135849 ] ] ] } },
{ "type": "Feature", "properties": { "zone_id": "r17_c01", "lat": 21.825, "lon": 80.065, "n_mineralized_obs": 0, "n_barren_obs": 1, "label_class": "barren", "conflict": false, "label": 0.0, "label_source": "REAL_GEOLOGICAL" }, "geometry": { "type": "Polygon", "coordinates": [ [ [ 80.070031319158417, 21.820034037968096 ], [ 80.06996675971638, 21.830022449389261 ], [ 80.05996833276032, 21.829965793334559 ], [ 80.06003358600816, 21.819977410433051 ], [ 80.070031319158417, 21.820034037968096 ] ] ] } },
{ "type": "Feature", "properties": { "zone_id": "r17_c02", "lat": 21.825, "lon": 80.075, "n_mineralized_obs": 0, "n_barren_obs": 1, "label_class": "barren", "conflict": false, "label": 0.0, "label_source": "REAL_GEOLOGICAL" }, "geometry": { "type": "Polygon", "coordinates": [ [ [ 80.080030986334023, 21.820033720952395 ], [ 80.079967121021696, 21.830022160661851 ], [ 80.069968665593407, 21.829966110502092 ], [ 80.070033224719396, 21.819977699007378 ], [ 80.080030986334023, 21.820033720952395 ] ] ] } },
{ "type": "Feature", "properties": { "zone_id": "r17_c03", "lat": 21.825, "lon": 80.085, "n_mineralized_obs": 0, "n_barren_obs": 1, "label_class": "barren", "conflict": false, "label": 0.0, "label_source": "REAL_GEOLOGICAL" }, "geometry": { "type": "Polygon", "coordinates": [ [ [ 80.090030653355626, 21.82003340408875 ], [ 80.089967482174899, 21.830021871780712 ], [ 80.079968998580497, 21.829966427517572 ], [ 80.080032863582645, 21.819977987735438 ], [ 80.090030653355626, 21.82003340408875 ] ] ] } },
{ "type": "Feature", "properties": { "zone_id": "r17_c04", "lat": 21.825, "lon": 80.095, "n_mineralized_obs": 0, "n_barren_obs": 1, "label_class": "barren", "conflict": false, "label": 0.0, "label_source": "REAL_GEOLOGICAL" }, "geometry": { "type": "Polygon", "coordinates": [ [ [ 80.100030320223283, 21.82003308737718 ], [ 80.099967843176032, 21.830021582745839 ], [ 80.089969331721605, 21.829966744380982 ], [ 80.090032502597992, 21.819978276617224 ], [ 80.100030320223283, 21.82003308737718 ] ] ] } },
{ "type": "Feature", "properties": { "zone_id": "r17_c05", "lat": 21.825, "lon": 80.105, "n_mineralized_obs": 1, "n_barren_obs": 0, "label_class": "mineralized", "conflict": false, "label": 1.0, "label_source": "REAL_GEOLOGICAL" }, "geometry": { "type": "Polygon", "coordinates": [ [ [ 80.110029986936951, 21.820032770817672 ], [ 80.109968204025009, 21.830021293557245 ], [ 80.099969665016729, 21.829967061092333 ], [ 80.100032141765411, 21.819978565652725 ], [ 80.110029986936951, 21.820032770817672 ] ] ] } },
{ "type": "Feature", "properties": { "zone_id": "r17_c06", "lat": 21.825, "lon": 80.115, "n_mineralized_obs": 1, "n_barren_obs": 0, "label_class": "mineralized", "conflict": false, "label": 1.0, "label_source": "REAL_GEOLOGICAL" }, "geometry": { "type": "Polygon", "coordinates": [ [ [ 80.120029653496658, 21.82003245441026 ], [ 80.119968564721844, 21.830021004214956 ], [ 80.109969998465843, 21.829967377651599 ], [ 80.110031781084899, 21.819978854841946 ], [ 80.120029653496658, 21.82003245441026 ] ] ] } },
{ "type": "Feature", "properties": { "zone_id": "r17_c07", "lat": 21.825, "lon": 80.125, "n_mineralized_obs": 1, "n_barren_obs": 0, "label_class": "mineralized", "conflict": false, "label": 1.0, "label_source": "REAL_GEOLOGICAL" }, "geometry": { "type": "Polygon", "coordinates": [ [ [ 80.130029319902448, 21.820032138154943 ], [ 80.129968925266567, 21.830020714718966 ], [ 80.119970332068959, 21.829967694058784 ], [ 80.120031420556543, 21.819979144184867 ], [ 80.130029319902448, 21.820032138154943 ] ] ] } },
{ "type": "Feature", "properties": { "zone_id": "r17_c08", "lat": 21.825, "lon": 80.135, "n_mineralized_obs": 1, "n_barren_obs": 0, "label_class": "mineralized", "conflict": false, "label": 1.0, "label_source": "REAL_GEOLOGICAL" }, "geometry": { "type": "Polygon", "coordinates": [ [ [ 80.140028986154292, 21.820031822051728 ], [ 80.13996928565912, 21.830020425069293 ], [ 80.129970665826036, 21.829968010313873 ], [ 80.130031060180258, 21.819979433681478 ], [ 80.140028986154292, 21.820031822051728 ] ] ] } },
{ "type": "Feature", "properties": { "zone_id": "r17_c09", "lat": 21.825, "lon": 80.145, "n_mineralized_obs": 1, "n_barren_obs": 0, "label_class": "mineralized", "conflict": false, "label": 1.0, "label_source": "REAL_GEOLOGICAL" }, "geometry": { "type": "Polygon", "coordinates": [ [ [ 80.150028652252203, 21.820031506100623 ], [ 80.149969645899503, 21.830020135265933 ], [ 80.139970999737073, 21.829968326416854 ], [ 80.1400306999561, 21.81997972333178 ], [ 80.150028652252203, 21.820031506100623 ] ] ] } },
{ "type": "Feature", "properties": { "zone_id": "r17_c10", "lat": 21.825, "lon": 80.155, "n_mineralized_obs": 1, "n_barren_obs": 0, "label_class": "mineralized", "conflict": false, "label": 1.0, "label_source": "REAL_GEOLOGICAL" }, "geometry": { "type": "Polygon", "coordinates": [ [ [ 80.160028318196211, 21.820031190301655 ], [ 80.159970005987716, 21.830019845308904 ], [ 80.149971333802071, 21.829968642367717 ], [ 80.150030339884083, 21.819980013135758 ], [ 80.160028318196211, 21.820031190301655 ] ] ] } },
{ "type": "Feature", "properties": { "zone_id": "r17_c11", "lat": 21.825, "lon": 80.165, "n_mineralized_obs": 1, "n_barren_obs": 0, "label_class": "mineralized", "conflict": false, "label": 1.0, "label_source": "REAL_GEOLOGICAL" }, "geometry": { "type": "Polygon", "coordinates": [ [ [ 80.17002798398633, 21.820030874654812 ], [ 80.16997036592376, 21.830019555198216 ], [ 80.159971668021029, 21.829968958166461 ], [ 80.160029979964222, 21.819980303093399 ], [ 80.17002798398633, 21.820030874654812 ] ] ] } },
{ "type": "Feature", "properties": { "zone_id": "r17_c12", "lat": 21.825, "lon": 80.175, "n_mineralized_obs": 1, "n_barren_obs": 0, "label_class": "mineralized", "conflict": false, "label": 1.0, "label_source": "REAL_GEOLOGICAL" }, "geometry": { "type": "Polygon", "coordinates": [ [ [ 80.180027649622517, 21.820030559160113 ], [ 80.179970725707577, 21.830019264933867 ], [ 80.169972002393905, 21.829969273813067 ], [ 80.170029620196487, 21.819980593204704 ], [ 80.180027649622517, 21.820030559160113 ] ] ] } },
{ "type": "Feature", "properties": { "zone_id": "r17_c13", "lat": 21.825, "lon": 80.185, "n_mineralized_obs": 1, "n_barren_obs": 0, "label_class": "mineralized", "conflict": false, "label": 1.0, "label_source": "REAL_GEOLOGICAL" }, "geometry": { "type": "Polygon", "coordinates": [ [ [ 80.190027315104828, 21.82003024381757 ], [ 80.189971085339195, 21.83001897451587 ], [ 80.179972336920713, 21.829969589307524 ], [ 80.180029260580937, 21.819980883469658 ], [ 80.190027315104828, 21.82003024381757 ] ] ] } },
{ "type": "Feature", "properties": { "zone_id": "r17_c14", "lat": 21.825, "lon": 80.195, "n_mineralized_obs": 1, "n_barren_obs": 0, "label_class": "mineralized", "conflict": false, "label": 1.0, "label_source": "REAL_GEOLOGICAL" }, "geometry": { "type": "Polygon", "coordinates": [ [ [ 80.200026980433265, 21.820029928627186 ], [ 80.199971444818601, 21.830018683944253 ], [ 80.189972671601438, 21.82996990464984 ], [ 80.190028901117557, 21.819981173888255 ], [ 80.200026980433265, 21.820029928627186 ] ] ] } },
{ "type": "Feature", "properties": { "zone_id": "r17_c15", "lat": 21.825, "lon": 80.205, "n_mineralized_obs": 1, "n_barren_obs": 0, "label_class": "mineralized", "conflict": false, "label": 1.0, "label_source": "REAL_GEOLOGICAL" }, "geometry": { "type": "Polygon", "coordinates": [ [ [ 80.210026645607854, 21.820029613588986 ], [ 80.209971804145766, 21.830018393219 ], [ 80.199973006436082, 21.829970219839979 ], [ 80.200028541806361, 21.81998146446049 ], [ 80.210026645607854, 21.820029613588986 ] ] ] } },
{ "type": "Feature", "properties": { "zone_id": "r17_c16", "lat": 21.825, "lon": 80.215, "n_mineralized_obs": 1, "n_barren_obs": 0, "label_class": "mineralized", "conflict": false, "label": 1.0, "label_source": "REAL_GEOLOGICAL" }, "geometry": { "type": "Polygon", "coordinates": [ [ [ 80.220026310628597, 21.820029298702945 ], [ 80.219972163320705, 21.830018102340123 ], [ 80.209973341424629, 21.829970534877944 ], [ 80.210028182647392, 21.819981755186333 ], [ 80.220026310628597, 21.820029298702945 ] ] ] } },
{ "type": "Feature", "properties": { "zone_id": "r17_c17", "lat": 21.825, "lon": 80.225, "n_mineralized_obs": 1, "n_barren_obs": 0, "label_class": "mineralized", "conflict": false, "label": 1.0, "label_source": "REAL_GEOLOGICAL" }, "geometry": { "type": "Polygon", "coordinates": [ [ [ 80.230025975495465, 21.82002898396911 ], [ 80.229972522343374, 21.830017811307638 ], [ 80.219973676567022, 21.829970849763736 ], [ 80.220027823640592, 21.819982046065803 ], [ 80.230025975495465, 21.82002898396911 ] ] ] } },
{ "type": "Feature", "properties": { "zone_id": "r17_c18", "lat": 21.825, "lon": 80.235, "n_mineralized_obs": 1, "n_barren_obs": 0, "label_class": "mineralized", "conflict": false, "label": 1.0, "label_source": "REAL_GEOLOGICAL" }, "geometry": { "type": "Polygon", "coordinates": [ [ [ 80.240025640208515, 21.820028669387476 ], [ 80.239972881213788, 21.830017520121558 ], [ 80.22997401186332, 21.829971164497341 ], [ 80.230027464786033, 21.819982337098882 ], [ 80.240025640208515, 21.820028669387476 ] ] ] } },
{ "type": "Feature", "properties": { "zone_id": "r17_c19", "lat": 21.825, "lon": 80.245, "n_mineralized_obs": 1, "n_barren_obs": 0, "label_class": "mineralized", "conflict": false, "label": 1.0, "label_source": "REAL_GEOLOGICAL" }, "geometry": { "type": "Polygon", "coordinates": [ [ [ 80.250025304767746, 21.820028354958037 ], [ 80.249973239931947, 21.83001722878188 ], [ 80.239974347313506, 21.829971479078726 ], [ 80.240027106083716, 21.819982628285555 ], [ 80.250025304767746, 21.820028354958037 ] ] ] } },
{ "type": "Feature", "properties": { "zone_id": "r17_c20", "lat": 21.825, "lon": 80.255, "n_mineralized_obs": 1, "n_barren_obs": 0, "label_class": "mineralized", "conflict": false, "label": 1.0, "label_source": "REAL_GEOLOGICAL" }, "geometry": { "type": "Polygon", "coordinates": [ [ [ 80.260024969173159, 21.820028040680832 ], [ 80.259973598497794, 21.830016937288619 ], [ 80.249974682917497, 21.829971793507916 ], [ 80.25002674753361, 21.819982919625826 ], [ 80.260024969173159, 21.820028040680832 ] ] ] } },
{ "type": "Feature", "properties": { "zone_id": "r17_c21", "lat": 21.825, "lon": 80.265, "n_mineralized_obs": 1, "n_barren_obs": 0, "label_class": "mineralized", "conflict": false, "label": 1.0, "label_source": "REAL_GEOLOGICAL" }, "geometry": { "type": "Polygon", "coordinates": [ [ [ 80.270024633424768, 21.820027726555846 ], [ 80.269973956911372, 21.830016645641777 ], [ 80.259975018675377, 21.829972107784887 ], [ 80.260026389135803, 21.81998321111967 ], [ 80.270024633424768, 21.820027726555846 ] ] ] } },
{ "type": "Feature", "properties": { "zone_id": "r17_c22", "lat": 21.825, "lon": 80.275, "n_mineralized_obs": 1, "n_barren_obs": 0, "label_class": "mineralized", "conflict": false, "label": 1.0, "label_source": "REAL_GEOLOGICAL" }, "geometry": { "type": "Polygon", "coordinates": [ [ [ 80.280024297522587, 21.820027412583109 ], [ 80.279974315172637, 21.83001635384138 ], [ 80.269975354587075, 21.829972421909623 ], [ 80.270026030890222, 21.819983502767084 ], [ 80.280024297522587, 21.820027412583109 ] ] ] } },
{ "type": "Feature", "properties": { "zone_id": "r17_c23", "lat": 21.825, "lon": 80.285, "n_mineralized_obs": 0, "n_barren_obs": 1, "label_class": "barren", "conflict": false, "label": 0.0, "label_source": "REAL_GEOLOGICAL" }, "geometry": { "type": "Polygon", "coordinates": [ [ [ 80.290023961466602, 21.820027098762608 ], [ 80.289974673281563, 21.830016061887413 ], [ 80.279975690652591, 21.829972735882119 ], [ 80.28002567279691, 21.819983794568067 ], [ 80.290023961466602, 21.820027098762608 ] ] ] } },
{ "type": "Feature", "properties": { "zone_id": "r17_c24", "lat": 21.825, "lon": 80.295, "n_mineralized_obs": 0, "n_barren_obs": 1, "label_class": "barren", "conflict": false, "label": 0.0, "label_source": "REAL_GEOLOGICAL" }, "geometry": { "type": "Polygon", "coordinates": [ [ [ 80.30002362525687, 21.82002678509436 ], [ 80.299975031238191, 21.830015769779902 ], [ 80.28997602687194, 21.829973049702364 ], [ 80.29002531485591, 21.819984086522599 ], [ 80.30002362525687, 21.82002678509436 ] ] ] } },
{ "type": "Feature", "properties": { "zone_id": "r17_c25", "lat": 21.825, "lon": 80.305, "n_mineralized_obs": 0, "n_barren_obs": 1, "label_class": "barren", "conflict": false, "label": 0.0, "label_source": "REAL_GEOLOGICAL" }, "geometry": { "type": "Polygon", "coordinates": [ [ [ 80.310023288893362, 21.820026471578387 ], [ 80.309975389042464, 21.830015477518856 ], [ 80.299976363245094, 21.829973363370364 ], [ 80.30002495706718, 21.819984378630682 ], [ 80.310023288893362, 21.820026471578387 ] ] ] } },
{ "type": "Feature", "properties": { "zone_id": "r17_c26", "lat": 21.825, "lon": 80.315, "n_mineralized_obs": 0, "n_barren_obs": 1, "label_class": "barren", "conflict": false, "label": 0.0, "label_source": "REAL_GEOLOGICAL" }, "geometry": { "type": "Polygon", "coordinates": [ [ [ 80.320022952376092, 21.820026158214684 ], [ 80.319975746694396, 21.830015185104269 ], [ 80.309976699772022, 21.829973676886084 ], [ 80.310024599430776, 21.8199846708923 ], [ 80.320022952376092, 21.820026158214684 ] ] ] } },
{ "type": "Feature", "properties": { "zone_id": "r17_c27", "lat": 21.825, "lon": 80.325, "n_mineralized_obs": 0, "n_barren_obs": 1, "label_class": "barren", "conflict": false, "label": 0.0, "label_source": "REAL_GEOLOGICAL" }, "geometry": { "type": "Polygon", "coordinates": [ [ [ 80.33002261570509, 21.820025845003268 ], [ 80.32997610419396, 21.830014892536166 ], [ 80.319977036452755, 21.829973990249531 ], [ 80.320024241946669, 21.819984963307444 ], [ 80.33002261570509, 21.820025845003268 ] ] ] } },
{ "type": "Feature", "properties": { "zone_id": "r17_c28", "lat": 21.825, "lon": 80.335, "n_mineralized_obs": 0, "n_barren_obs": 1, "label_class": "barren", "conflict": false, "label": 0.0, "label_source": "REAL_GEOLOGICAL" }, "geometry": { "type": "Polygon", "coordinates": [ [ [ 80.340022278880355, 21.820025531944143 ], [ 80.33997646154117, 21.83001459981454 ], [ 80.32997737328725, 21.829974303460688 ], [ 80.330023884614889, 21.819985255876102 ], [ 80.340022278880355, 21.820025531944143 ] ] ] } },
{ "type": "Feature", "properties": { "zone_id": "r17_c29", "lat": 21.825, "lon": 80.345, "n_mineralized_obs": 0, "n_barren_obs": 1, "label_class": "barren", "conflict": false, "label": 0.0, "label_source": "REAL_GEOLOGICAL" }, "geometry": { "type": "Polygon", "coordinates": [ [ [ 80.3500219419019, 21.820025219037323 ], [ 80.349976818735996, 21.830014306939407 ], [ 80.339977710275548, 21.829974616519554 ], [ 80.340023527435477, 21.819985548598279 ], [ 80.3500219419019, 21.820025219037323 ] ] ] } },
{ "type": "Feature", "properties": { "zone_id": "r18_c00", "lat": 21.835, "lon": 80.055, "n_mineralized_obs": 0, "n_barren_obs": 1, "label_class": "barren", "conflict": false, "label": 0.0, "label_source": "REAL_GEOLOGICAL" }, "geometry": { "type": "Polygon", "coordinates": [ [ [ 80.060031666298698, 21.830034371592532 ], [ 80.05996637975349, 21.840022742324894 ], [ 80.049967985434847, 21.839965459502125 ], [ 80.050033966128225, 21.829977117594201 ], [ 80.060031666298698, 21.830034371592532 ] ] ] } },
{ "type": "Feature", "properties": { "zone_id": "r18_c01", "lat": 21.835, "lon": 80.065, "n_mineralized_obs": 0, "n_barren_obs": 1, "label_class": "barren", "conflict": false, "label": 0.0, "label_source": "REAL_GEOLOGICAL" }, "geometry": { "type": "Polygon", "coordinates": [ [ [ 80.070031333452874, 21.830034054314382 ], [ 80.069966741386239, 21.840022453640739 ], [ 80.059968318289279, 21.839965776932093 ], [ 80.060033604512014, 21.829977406125249 ], [ 80.070031333452874, 21.830034054314382 ] ] ] } },
{ "type": "Feature", "properties": { "zone_id": "r18_c02", "lat": 21.835, "lon": 80.075, "n_mineralized_obs": 0, "n_barren_obs": 1, "label_class": "barren", "conflict": false, "label": 0.0, "label_source": "REAL_GEOLOGICAL" }, "geometry": { "type": "Polygon", "coordinates": [ [ [ 80.080031000453076, 21.83003373718827 ], [ 80.079967102866945, 21.84002216480285 ], [ 80.069968651297771, 21.839966094210016 ], [ 80.070033243047902, 21.829977694810051 ], [ 80.080031000453076, 21.83003373718827 ] ] ] } },
{ "type": "Feature", "properties": { "zone_id": "r18_c03", "lat": 21.835, "lon": 80.085, "n_mineralized_obs": 0, "n_barren_obs": 1, "label_class": "barren", "conflict": false, "label": 0.0, "label_source": "REAL_GEOLOGICAL" }, "geometry": { "type": "Polygon", "coordinates": [ [ [ 80.090030667299274, 21.830033420214225 ], [ 80.08996746419551, 21.840021875811217 ], [ 80.07996898446028, 21.839966411335894 ], [ 80.080032881735804, 21.829977983648579 ], [ 80.090030667299274, 21.830033420214225 ] ] ] } },
{ "type": "Feature", "properties": { "zone_id": "r18_c04", "lat": 21.835, "lon": 80.095, "n_mineralized_obs": 0, "n_barren_obs": 1, "label_class": "barren", "conflict": false, "label": 0.0, "label_source": "REAL_GEOLOGICAL" }, "geometry": { "type": "Polygon", "coordinates": [ [ [ 80.100030333991526, 21.830033103392243 ], [ 80.099967825372005, 21.84002158666588 ], [ 80.089969317776806, 21.839966728309719 ], [ 80.090032520575804, 21.829978272640844 ], [ 80.100030333991526, 21.830033103392243 ] ] ] } },
{ "type": "Feature", "properties": { "zone_id": "r18_c05", "lat": 21.835, "lon": 80.105, "n_mineralized_obs": 1, "n_barren_obs": 0, "label_class": "mineralized", "conflict": false, "label": 1.0, "label_source": "REAL_GEOLOGICAL" }, "geometry": { "type": "Polygon", "coordinates": [ [ [ 80.110030000529804, 21.830032786722338 ], [ 80.109968186396358, 21.840021297366814 ], [ 80.099969651247349, 21.83996704513147 ], [ 80.100032159567874, 21.829978561786827 ], [ 80.110030000529804, 21.830032786722338 ] ] ] } },
{ "type": "Feature", "properties": { "zone_id": "r18_c06", "lat": 21.835, "lon": 80.115, "n_mineralized_obs": 1, "n_barren_obs": 0, "label_class": "mineralized", "conflict": false, "label": 1.0, "label_source": "REAL_GEOLOGICAL" }, "geometry": { "type": "Polygon", "coordinates": [ [ [ 80.120029666914107, 21.830032470204511 ], [ 80.11996854726857, 21.84002100791405 ], [ 80.109969984871867, 21.83996736180114 ], [ 80.110031798712015, 21.829978851086523 ], [ 80.120029666914107, 21.830032470204511 ] ] ] } },
{ "type": "Feature", "properties": { "zone_id": "r18_c07", "lat": 21.835, "lon": 80.125, "n_mineralized_obs": 1, "n_barren_obs": 0, "label_class": "mineralized", "conflict": false, "label": 1.0, "label_source": "REAL_GEOLOGICAL" }, "geometry": { "type": "Polygon", "coordinates": [ [ [ 80.130029333144478, 21.83003215383879 ], [ 80.129968907988655, 21.840020718307592 ], [ 80.119970318650402, 21.83996767831874 ], [ 80.120031438008283, 21.829979140539923 ], [ 80.130029333144478, 21.83003215383879 ] ] ] } },
{ "type": "Feature", "properties": { "zone_id": "r18_c08", "lat": 21.835, "lon": 80.135, "n_mineralized_obs": 1, "n_barren_obs": 0, "label_class": "mineralized", "conflict": false, "label": 1.0, "label_source": "REAL_GEOLOGICAL" }, "geometry": { "type": "Polygon", "coordinates": [ [ [ 80.140028999220917, 21.830031837625171 ], [ 80.139969268556584, 21.84002042854743 ], [ 80.129970652582898, 21.839967994684226 ], [ 80.130031077456664, 21.829979430147013 ], [ 80.140028999220917, 21.830031837625171 ] ] ] } },
{ "type": "Feature", "properties": { "zone_id": "r18_c09", "lat": 21.835, "lon": 80.145, "n_mineralized_obs": 1, "n_barren_obs": 0, "label_class": "mineralized", "conflict": false, "label": 1.0, "label_source": "REAL_GEOLOGICAL" }, "geometry": { "type": "Polygon", "coordinates": [ [ [ 80.150028665143438, 21.830031521563672 ], [ 80.149969628972343, 21.840020138633605 ], [ 80.139970986669354, 21.839968310897625 ], [ 80.140030717057144, 21.829979719907797 ], [ 80.150028665143438, 21.830031521563672 ] ] ] } },
{ "type": "Feature", "properties": { "zone_id": "r18_c10", "lat": 21.835, "lon": 80.155, "n_mineralized_obs": 1, "n_barren_obs": 0, "label_class": "mineralized", "conflict": false, "label": 1.0, "label_source": "REAL_GEOLOGICAL" }, "geometry": { "type": "Polygon", "coordinates": [ [ [ 80.160028330912027, 21.830031205654279 ], [ 80.159969989235933, 21.84001984856609 ], [ 80.149971320909771, 21.839968626958889 ], [ 80.150030356809765, 21.82998000982224 ], [ 80.160028330912027, 21.830031205654279 ] ] ] } },
{ "type": "Feature", "properties": { "zone_id": "r18_c11", "lat": 21.835, "lon": 80.165, "n_mineralized_obs": 1, "n_barren_obs": 0, "label_class": "mineralized", "conflict": false, "label": 1.0, "label_source": "REAL_GEOLOGICAL" }, "geometry": { "type": "Polygon", "coordinates": [ [ [ 80.170027996526741, 21.830030889897028 ], [ 80.169970349347338, 21.840019558344927 ], [ 80.159971655304162, 21.839968942868037 ], [ 80.160029996714542, 21.829980299890362 ], [ 80.170027996526741, 21.830030889897028 ] ] ] } },
{ "type": "Feature", "properties": { "zone_id": "r18_c12", "lat": 21.835, "lon": 80.175, "n_mineralized_obs": 1, "n_barren_obs": 0, "label_class": "mineralized", "conflict": false, "label": 1.0, "label_source": "REAL_GEOLOGICAL" }, "geometry": { "type": "Polygon", "coordinates": [ [ [ 80.180027661987523, 21.830030574291929 ], [ 80.179970709306545, 21.84001926797011 ], [ 80.169971989852442, 21.839969258625057 ], [ 80.170029636771446, 21.829980590112147 ], [ 80.180027661987523, 21.830030574291929 ] ] ] } },
{ "type": "Feature", "properties": { "zone_id": "r18_c13", "lat": 21.835, "lon": 80.185, "n_mineralized_obs": 1, "n_barren_obs": 0, "label_class": "mineralized", "conflict": false, "label": 1.0, "label_source": "REAL_GEOLOGICAL" }, "geometry": { "type": "Polygon", "coordinates": [ [ [ 80.19002732729443, 21.830030258838974 ], [ 80.189971069113525, 21.840018977441645 ], [ 80.179972324554683, 21.839969574229926 ], [ 80.180029276980534, 21.829980880487575 ], [ 80.19002732729443, 21.830030258838974 ] ] ] } },
{ "type": "Feature", "properties": { "zone_id": "r18_c14", "lat": 21.835, "lon": 80.195, "n_mineralized_obs": 1, "n_barren_obs": 0, "label_class": "mineralized", "conflict": false, "label": 1.0, "label_source": "REAL_GEOLOGICAL" }, "geometry": { "type": "Polygon", "coordinates": [ [ [ 80.200026992447491, 21.830029943538182 ], [ 80.199971428768308, 21.840018686759542 ], [ 80.189972659410827, 21.839969889682646 ], [ 80.190028917341806, 21.829981171016648 ], [ 80.200026992447491, 21.830029943538182 ] ] ] } },
{ "type": "Feature", "properties": { "zone_id": "r18_c15", "lat": 21.835, "lon": 80.205, "n_mineralized_obs": 1, "n_barren_obs": 0, "label_class": "mineralized", "conflict": false, "label": 1.0, "label_source": "REAL_GEOLOGICAL" }, "geometry": { "type": "Polygon", "coordinates": [ [ [ 80.210026657446662, 21.830029628389557 ], [ 80.209971788270863, 21.84001839592381 ], [ 80.199972994420875, 21.839970204983199 ], [ 80.200028557855248, 21.829981461699347 ], [ 80.210026657446662, 21.830029628389557 ] ] ] } },
{ "type": "Feature", "properties": { "zone_id": "r18_c16", "lat": 21.835, "lon": 80.215, "n_mineralized_obs": 1, "n_barren_obs": 0, "label_class": "mineralized", "conflict": false, "label": 1.0, "label_source": "REAL_GEOLOGICAL" }, "geometry": { "type": "Polygon", "coordinates": [ [ [ 80.220026322291986, 21.830029313393108 ], [ 80.219972147621178, 21.840018104934462 ], [ 80.209973329584841, 21.83997052013158 ], [ 80.210028198520916, 21.829981752535677 ], [ 80.220026322291986, 21.830029313393108 ] ] ] } },
{ "type": "Feature", "properties": { "zone_id": "r18_c17", "lat": 21.835, "lon": 80.225, "n_mineralized_obs": 1, "n_barren_obs": 0, "label_class": "mineralized", "conflict": false, "label": 1.0, "label_source": "REAL_GEOLOGICAL" }, "geometry": { "type": "Polygon", "coordinates": [ [ [ 80.230025986983449, 21.830028998548855 ], [ 80.229972506819209, 21.840017813791505 ], [ 80.219973664902668, 21.839970835127779 ], [ 80.220027839338769, 21.829982043525622 ], [ 80.230025986983449, 21.830028998548855 ] ] ] } },
{ "type": "Feature", "properties": { "zone_id": "r18_c18", "lat": 21.835, "lon": 80.235, "n_mineralized_obs": 1, "n_barren_obs": 0, "label_class": "mineralized", "conflict": false, "label": 1.0, "label_source": "REAL_GEOLOGICAL" }, "geometry": { "type": "Polygon", "coordinates": [ [ [ 80.240025651521094, 21.830028683856803 ], [ 80.239972865865013, 21.840017522494939 ], [ 80.229974000374384, 21.839971149971785 ], [ 80.230027480308834, 21.829982334669172 ], [ 80.240025651521094, 21.830028683856803 ] ] ] } },
{ "type": "Feature", "properties": { "zone_id": "r18_c19", "lat": 21.835, "lon": 80.245, "n_mineralized_obs": 1, "n_barren_obs": 0, "label_class": "mineralized", "conflict": false, "label": 1.0, "label_source": "REAL_GEOLOGICAL" }, "geometry": { "type": "Polygon", "coordinates": [ [ [ 80.250025315904921, 21.830028369316963 ], [ 80.249973224758548, 21.840017231044794 ], [ 80.239974335999975, 21.839971464663599 ], [ 80.240027121431154, 21.82998262596632 ], [ 80.250025315904921, 21.830028369316963 ] ] ] } },
{ "type": "Feature", "properties": { "zone_id": "r18_c20", "lat": 21.835, "lon": 80.255, "n_mineralized_obs": 1, "n_barren_obs": 0, "label_class": "mineralized", "conflict": false, "label": 1.0, "label_source": "REAL_GEOLOGICAL" }, "geometry": { "type": "Polygon", "coordinates": [ [ [ 80.260024980134915, 21.830028054929329 ], [ 80.259973583499786, 21.840016939441053 ], [ 80.249974671779398, 21.8399717792032 ], [ 80.250026762705701, 21.829982917417055 ], [ 80.260024980134915, 21.830028054929329 ] ] ] } },
{ "type": "Feature", "properties": { "zone_id": "r18_c21", "lat": 21.835, "lon": 80.265, "n_mineralized_obs": 1, "n_barren_obs": 0, "label_class": "mineralized", "conflict": false, "label": 1.0, "label_source": "REAL_GEOLOGICAL" }, "geometry": { "type": "Polygon", "coordinates": [ [ [ 80.270024644211134, 21.830027740693932 ], [ 80.26997394208874, 21.840016647683743 ], [ 80.259975007712697, 21.839972093590582 ], [ 80.260026404132503, 21.829983209021378 ], [ 80.270024644211134, 21.830027740693932 ] ] ] } },
{ "type": "Feature", "properties": { "zone_id": "r18_c22", "lat": 21.835, "lon": 80.275, "n_mineralized_obs": 1, "n_barren_obs": 0, "label_class": "mineralized", "conflict": false, "label": 1.0, "label_source": "REAL_GEOLOGICAL" }, "geometry": { "type": "Polygon", "coordinates": [ [ [ 80.280024308133534, 21.830027426610776 ], [ 80.279974300525382, 21.840016355772864 ], [ 80.269975343799814, 21.839972407825734 ], [ 80.27002604571156, 21.829983500779274 ], [ 80.280024308133534, 21.830027426610776 ] ] ] } },
{ "type": "Feature", "properties": { "zone_id": "r18_c23", "lat": 21.835, "lon": 80.285, "n_mineralized_obs": 0, "n_barren_obs": 1, "label_class": "barren", "conflict": false, "label": 0.0, "label_source": "REAL_GEOLOGICAL" }, "geometry": { "type": "Polygon", "coordinates": [ [ [ 80.290023971902158, 21.830027112679851 ], [ 80.289974658809683, 21.840016063708422 ], [ 80.279975680040749, 21.839972721908641 ], [ 80.280025687442887, 21.829983792690726 ], [ 80.290023971902158, 21.830027112679851 ] ] ] } },
{ "type": "Feature", "properties": { "zone_id": "r18_c24", "lat": 21.835, "lon": 80.295, "n_mineralized_obs": 0, "n_barren_obs": 1, "label_class": "barren", "conflict": false, "label": 0.0, "label_source": "REAL_GEOLOGICAL" }, "geometry": { "type": "Polygon", "coordinates": [ [ [ 80.300023635517007, 21.830026798901198 ], [ 80.299975016941701, 21.840015771490439 ], [ 80.289976016435531, 21.839973035839307 ], [ 80.290025329326525, 21.829984084755733 ], [ 80.300023635517007, 21.830026798901198 ] ] ] } },
{ "type": "Feature", "properties": { "zone_id": "r18_c25", "lat": 21.835, "lon": 80.305, "n_mineralized_obs": 0, "n_barren_obs": 1, "label_class": "barren", "conflict": false, "label": 0.0, "label_source": "REAL_GEOLOGICAL" }, "geometry": { "type": "Polygon", "coordinates": [ [ [ 80.310023298978095, 21.830026485274804 ], [ 80.309975374921365, 21.840015479118922 ], [ 80.299976352984089, 21.839973349617722 ], [ 80.300024971362447, 21.829984376974295 ], [ 80.310023298978095, 21.830026485274804 ] ] ] } },
{ "type": "Feature", "properties": { "zone_id": "r18_c26", "lat": 21.835, "lon": 80.315, "n_mineralized_obs": 0, "n_barren_obs": 1, "label_class": "barren", "conflict": false, "label": 0.0, "label_source": "REAL_GEOLOGICAL" }, "geometry": { "type": "Polygon", "coordinates": [ [ [ 80.320022962285435, 21.830026171800682 ], [ 80.319975732748674, 21.84001518659386 ], [ 80.309976689686451, 21.839973663243864 ], [ 80.310024613550667, 21.829984669346381 ], [ 80.320022962285435, 21.830026171800682 ] ] ] } },
{ "type": "Feature", "properties": { "zone_id": "r18_c27", "lat": 21.835, "lon": 80.325, "n_mineralized_obs": 0, "n_barren_obs": 1, "label_class": "barren", "conflict": false, "label": 0.0, "label_source": "REAL_GEOLOGICAL" }, "geometry": { "type": "Polygon", "coordinates": [ [ [ 80.330022625439014, 21.830025858478848 ], [ 80.329976090423642, 21.840014893915292 ], [ 80.319977026542603, 21.839973976717733 ], [ 80.320024255891198, 21.829984961872 ], [ 80.330022625439014, 21.830025858478848 ] ] ] } },
{ "type": "Feature", "properties": { "zone_id": "r18_c28", "lat": 21.835, "lon": 80.335, "n_mineralized_obs": 0, "n_barren_obs": 1, "label_class": "barren", "conflict": false, "label": 0.0, "label_source": "REAL_GEOLOGICAL" }, "geometry": { "type": "Polygon", "coordinates": [ [ [ 80.34002228843886, 21.830025545309297 ], [ 80.339976447946199, 21.840014601083187 ], [ 80.329977363552516, 21.839974290039308 ], [ 80.330023898384042, 21.829985254551136 ], [ 80.34002228843886, 21.830025545309297 ] ] ] } },
{ "type": "Feature", "properties": { "zone_id": "r18_c29", "lat": 21.835, "lon": 80.345, "n_mineralized_obs": 0, "n_barren_obs": 1, "label_class": "barren", "conflict": false, "label": 0.0, "label_source": "REAL_GEOLOGICAL" }, "geometry": { "type": "Polygon", "coordinates": [ [ [ 80.350021951285015, 21.830025232292058 ], [ 80.34997680531643, 21.84001430809759 ], [ 80.339977700716219, 21.839974603208599 ], [ 80.340023541029268, 21.829985547383789 ], [ 80.350021951285015, 21.830025232292058 ] ] ] } },
{ "type": "Feature", "properties": { "zone_id": "r19_c00", "lat": 21.845, "lon": 80.055, "n_mineralized_obs": 0, "n_barren_obs": 1, "label_class": "barren", "conflict": false, "label": 0.0, "label_source": "REAL_GEOLOGICAL" }, "geometry": { "type": "Polygon", "coordinates": [ [ [ 80.060031680770109, 21.840034388047908 ], [ 80.05996636124496, 21.850022746681109 ], [ 80.04996797078681, 21.849965442990573 ], [ 80.050033984810483, 21.839977113181668 ], [ 80.060031680770109, 21.840034388047908 ] ] ] } },
{ "type": "Feature", "properties": { "zone_id": "r19_c01", "lat": 21.845, "lon": 80.065, "n_mineralized_obs": 0, "n_barren_obs": 1, "label_class": "barren", "conflict": false, "label": 0.0, "label_source": "REAL_GEOLOGICAL" }, "geometry": { "type": "Polygon", "coordinates": [ [ [ 80.070031347748866, 21.840034070659389 ], [ 80.069966723053113, 21.850022457886524 ], [ 80.059968303816675, 21.849965760530903 ], [ 80.060033623018924, 21.839977401823155 ], [ 80.070031347748866, 21.840034070659389 ] ] ] } },
{ "type": "Feature", "properties": { "zone_id": "r19_c02", "lat": 21.845, "lon": 80.075, "n_mineralized_obs": 0, "n_barren_obs": 1, "label_class": "barren", "conflict": false, "label": 0.0, "label_source": "REAL_GEOLOGICAL" }, "geometry": { "type": "Polygon", "coordinates": [ [ [ 80.080031014573649, 21.840033753422922 ], [ 80.07996708470921, 21.850022168938203 ], [ 80.069968637000613, 21.849966077919206 ], [ 80.070033261379422, 21.839977690618401 ], [ 80.080031014573649, 21.840033753422922 ] ] ] } },
{ "type": "Feature", "properties": { "zone_id": "r19_c03", "lat": 21.845, "lon": 80.085, "n_mineralized_obs": 0, "n_barren_obs": 1, "label_class": "barren", "conflict": false, "label": 0.0, "label_source": "REAL_GEOLOGICAL" }, "geometry": { "type": "Polygon", "coordinates": [ [ [ 80.090030681244414, 21.840033436338505 ], [ 80.08996744621318, 21.850021879836135 ], [ 80.079968970338555, 21.849966395155452 ], [ 80.080032899891947, 21.839977979567376 ], [ 80.090030681244414, 21.840033436338505 ] ] ] } },
{ "type": "Feature", "properties": { "zone_id": "r19_c04", "lat": 21.845, "lon": 80.095, "n_mineralized_obs": 0, "n_barren_obs": 1, "label_class": "barren", "conflict": false, "label": 0.0, "label_source": "REAL_GEOLOGICAL" }, "geometry": { "type": "Polygon", "coordinates": [ [ [ 80.100030347761233, 21.840033119406151 ], [ 80.099967807565051, 21.850021590580347 ], [ 80.089969303830543, 21.849966712239627 ], [ 80.090032538556571, 21.839978268670063 ], [ 80.100030347761233, 21.840033119406151 ] ] ] } },
{ "type": "Feature", "properties": { "zone_id": "r19_c05", "lat": 21.845, "lon": 80.105, "n_mineralized_obs": 0, "n_barren_obs": 1, "label_class": "barren", "conflict": false, "label": 0.0, "label_source": "REAL_GEOLOGICAL" }, "geometry": { "type": "Polygon", "coordinates": [ [ [ 80.110030014124078, 21.840032802625885 ], [ 80.109968168764809, 21.850021301170845 ], [ 80.099969637476505, 21.849967029171747 ], [ 80.100032177373251, 21.839978557926496 ], [ 80.110030014124078, 21.840032802625885 ] ] ] } },
{ "type": "Feature", "properties": { "zone_id": "r19_c06", "lat": 21.845, "lon": 80.115, "n_mineralized_obs": 1, "n_barren_obs": 0, "label_class": "mineralized", "conflict": false, "label": 1.0, "label_source": "REAL_GEOLOGICAL" }, "geometry": { "type": "Polygon", "coordinates": [ [ [ 80.120029680332948, 21.840032485997693 ], [ 80.119968529812397, 21.850021011607645 ], [ 80.10996997127647, 21.849967345951796 ], [ 80.11003181634203, 21.839978847336631 ], [ 80.120029680332948, 21.840032485997693 ] ] ] } },
{ "type": "Feature", "properties": { "zone_id": "r19_c07", "lat": 21.845, "lon": 80.125, "n_mineralized_obs": 1, "n_barren_obs": 0, "label_class": "mineralized", "conflict": false, "label": 1.0, "label_source": "REAL_GEOLOGICAL" }, "geometry": { "type": "Polygon", "coordinates": [ [ [ 80.1300293463879, 21.840032169521599 ], [ 80.129968890707886, 21.850020721890736 ], [ 80.119970305230439, 21.849967662579754 ], [ 80.120031455462907, 21.839979136900467 ], [ 80.1300293463879, 21.840032169521599 ] ] ] } },
{ "type": "Feature", "properties": { "zone_id": "r19_c08", "lat": 21.845, "lon": 80.135, "n_mineralized_obs": 1, "n_barren_obs": 0, "label_class": "mineralized", "conflict": false, "label": 1.0, "label_source": "REAL_GEOLOGICAL" }, "geometry": { "type": "Polygon", "coordinates": [ [ [ 80.14002901228892, 21.840031853197612 ], [ 80.139969251451205, 21.850020432020145 ], [ 80.129970639338381, 21.849967979055613 ], [ 80.130031094735898, 21.839979426617994 ], [ 80.14002901228892, 21.840031853197612 ] ] ] } },
{ "type": "Feature", "properties": { "zone_id": "r19_c09", "lat": 21.845, "lon": 80.145, "n_mineralized_obs": 1, "n_barren_obs": 0, "label_class": "mineralized", "conflict": false, "label": 1.0, "label_source": "REAL_GEOLOGICAL" }, "geometry": { "type": "Polygon", "coordinates": [ [ [ 80.150028678035994, 21.840031537025734 ], [ 80.149969612042369, 21.850020141995874 ], [ 80.139970973600285, 21.849968295379377 ], [ 80.140030734161016, 21.839979716489214 ], [ 80.150028678035994, 21.840031537025734 ] ] ] } },
{ "type": "Feature", "properties": { "zone_id": "r19_c10", "lat": 21.845, "lon": 80.155, "n_mineralized_obs": 1, "n_barren_obs": 0, "label_class": "mineralized", "conflict": false, "label": 1.0, "label_source": "REAL_GEOLOGICAL" }, "geometry": { "type": "Polygon", "coordinates": [ [ [ 80.160028343629165, 21.840031221005983 ], [ 80.159969972481349, 21.850019851817944 ], [ 80.149971308016148, 21.849968611551024 ], [ 80.150030373738261, 21.839980006514107 ], [ 80.160028343629165, 21.840031221005983 ] ] ] } },
{ "type": "Feature", "properties": { "zone_id": "r19_c11", "lat": 21.845, "lon": 80.165, "n_mineralized_obs": 1, "n_barren_obs": 0, "label_class": "mineralized", "conflict": false, "label": 1.0, "label_source": "REAL_GEOLOGICAL" }, "geometry": { "type": "Polygon", "coordinates": [ [ [ 80.170028009068446, 21.840030905138363 ], [ 80.169970332768159, 21.850019561486331 ], [ 80.159971642585973, 21.849968927570544 ], [ 80.160030013467662, 21.839980296692666 ], [ 80.170028009068446, 21.840030905138363 ] ] ] } },
{ "type": "Feature", "properties": { "zone_id": "r19_c12", "lat": 21.845, "lon": 80.175, "n_mineralized_obs": 1, "n_barren_obs": 0, "label_class": "mineralized", "conflict": false, "label": 1.0, "label_source": "REAL_GEOLOGICAL" }, "geometry": { "type": "Polygon", "coordinates": [ [ [ 80.180027674353795, 21.840030589422881 ], [ 80.179970692902756, 21.85001927100107 ], [ 80.169971977309714, 21.849969243437922 ], [ 80.170029653349189, 21.83998058702489 ], [ 80.180027674353795, 21.840030589422881 ] ] ] } },
{ "type": "Feature", "properties": { "zone_id": "r19_c13", "lat": 21.845, "lon": 80.185, "n_mineralized_obs": 1, "n_barren_obs": 0, "label_class": "mineralized", "conflict": false, "label": 1.0, "label_source": "REAL_GEOLOGICAL" }, "geometry": { "type": "Polygon", "coordinates": [ [ [ 80.190027339485283, 21.840030273859547 ], [ 80.189971052885156, 21.850018980362165 ], [ 80.179972312187388, 21.849969559153159 ], [ 80.180029293382887, 21.839980877510751 ], [ 80.190027339485283, 21.840030273859547 ] ] ] } },
{ "type": "Feature", "properties": { "zone_id": "r19_c14", "lat": 21.845, "lon": 80.195, "n_mineralized_obs": 1, "n_barren_obs": 0, "label_class": "mineralized", "conflict": false, "label": 1.0, "label_source": "REAL_GEOLOGICAL" }, "geometry": { "type": "Polygon", "coordinates": [ [ [ 80.200027004462896, 21.840029958448383 ], [ 80.199971412715328, 21.850018689569634 ], [ 80.18997264721898, 21.849969874716262 ], [ 80.190028933568769, 21.839981168150267 ], [ 80.200027004462896, 21.840029958448383 ] ] ] } },
{ "type": "Feature", "properties": { "zone_id": "r19_c15", "lat": 21.845, "lon": 80.205, "n_mineralized_obs": 1, "n_barren_obs": 0, "label_class": "mineralized", "conflict": false, "label": 1.0, "label_source": "REAL_GEOLOGICAL" }, "geometry": { "type": "Polygon", "coordinates": [ [ [ 80.210026669286634, 21.840029643189386 ], [ 80.209971772393274, 21.850018398623462 ], [ 80.199972982404461, 21.849970190127188 ], [ 80.200028573906835, 21.839981458943406 ], [ 80.210026669286634, 21.840029643189386 ] ] ] } },
{ "type": "Feature", "properties": { "zone_id": "r19_c16", "lat": 21.845, "lon": 80.215, "n_mineralized_obs": 1, "n_barren_obs": 0, "label_class": "mineralized", "conflict": false, "label": 1.0, "label_source": "REAL_GEOLOGICAL" }, "geometry": { "type": "Polygon", "coordinates": [ [ [ 80.22002633395654, 21.840029328082572 ], [ 80.219972131919008, 21.850018107523674 ], [ 80.209973317743888, 21.849970505385944 ], [ 80.210028214397113, 21.839981749890171 ], [ 80.22002633395654, 21.840029328082572 ] ] ] } },
{ "type": "Feature", "properties": { "zone_id": "r19_c17", "lat": 21.845, "lon": 80.225, "n_mineralized_obs": 1, "n_barren_obs": 0, "label_class": "mineralized", "conflict": false, "label": 1.0, "label_source": "REAL_GEOLOGICAL" }, "geometry": { "type": "Polygon", "coordinates": [ [ [ 80.230025998472584, 21.840029013127936 ], [ 80.229972491292443, 21.850017816270274 ], [ 80.219973653237147, 21.849970820492516 ], [ 80.220027855039575, 21.839982040990556 ], [ 80.230025998472584, 21.840029013127936 ] ] ] } },
{ "type": "Feature", "properties": { "zone_id": "r19_c18", "lat": 21.845, "lon": 80.235, "n_mineralized_obs": 1, "n_barren_obs": 0, "label_class": "mineralized", "conflict": false, "label": 1.0, "label_source": "REAL_GEOLOGICAL" }, "geometry": { "type": "Polygon", "coordinates": [ [ [ 80.240025662834796, 21.840028698325511 ], [ 80.239972850513638, 21.850017524863286 ], [ 80.229973988884296, 21.849971135446911 ], [ 80.23002749583425, 21.839982332244542 ], [ 80.240025662834796, 21.840028698325511 ] ] ] } },
{ "type": "Feature", "properties": { "zone_id": "r19_c19", "lat": 21.845, "lon": 80.245, "n_mineralized_obs": 1, "n_barren_obs": 0, "label_class": "mineralized", "conflict": false, "label": 1.0, "label_source": "REAL_GEOLOGICAL" }, "geometry": { "type": "Polygon", "coordinates": [ [ [ 80.25002532704319, 21.840028383675293 ], [ 80.249973209582592, 21.850017233302697 ], [ 80.239974324685349, 21.849971450249097 ], [ 80.240027136781194, 21.839982623652137 ], [ 80.25002532704319, 21.840028383675293 ] ] ] } },
{ "type": "Feature", "properties": { "zone_id": "r19_c20", "lat": 21.845, "lon": 80.255, "n_mineralized_obs": 1, "n_barren_obs": 0, "label_class": "mineralized", "conflict": false, "label": 1.0, "label_source": "REAL_GEOLOGICAL" }, "geometry": { "type": "Polygon", "coordinates": [ [ [ 80.260024991097751, 21.840028069177276 ], [ 80.25997356849922, 21.850016941588521 ], [ 80.249974660640206, 21.849971764899067 ], [ 80.250026777880336, 21.839982915213305 ], [ 80.260024991097751, 21.840028069177276 ] ] ] } },
{ "type": "Feature", "properties": { "zone_id": "r19_c21", "lat": 21.845, "lon": 80.265, "n_mineralized_obs": 1, "n_barren_obs": 0, "label_class": "mineralized", "conflict": false, "label": 1.0, "label_source": "REAL_GEOLOGICAL" }, "geometry": { "type": "Polygon", "coordinates": [ [ [ 80.270024654998537, 21.840027754831503 ], [ 80.269973927263578, 21.850016649720772 ], [ 80.259974996748952, 21.849972079396832 ], [ 80.260026419131762, 21.839983206928064 ], [ 80.270024654998537, 21.840027754831503 ] ] ] } },
{ "type": "Feature", "properties": { "zone_id": "r19_c22", "lat": 21.845, "lon": 80.275, "n_mineralized_obs": 0, "n_barren_obs": 1, "label_class": "barren", "conflict": false, "label": 0.0, "label_source": "REAL_GEOLOGICAL" }, "geometry": { "type": "Polygon", "coordinates": [ [ [ 80.280024318745504, 21.840027440637961 ], [ 80.279974285875625, 21.850016357699459 ], [ 80.269975333011516, 21.849972393742362 ], [ 80.270026060535443, 21.839983498796393 ], [ 80.280024318745504, 21.840027440637961 ] ] ] } },
{ "type": "Feature", "properties": { "zone_id": "r19_c23", "lat": 21.845, "lon": 80.285, "n_mineralized_obs": 0, "n_barren_obs": 1, "label_class": "barren", "conflict": false, "label": 0.0, "label_source": "REAL_GEOLOGICAL" }, "geometry": { "type": "Polygon", "coordinates": [ [ [ 80.290023982338681, 21.840027126596663 ], [ 80.289974644335345, 21.850016065524581 ], [ 80.279975669427898, 21.849972707935652 ], [ 80.280025702091365, 21.83998379081828 ], [ 80.290023982338681, 21.840027126596663 ] ] ] } },
{ "type": "Feature", "properties": { "zone_id": "r19_c24", "lat": 21.845, "lon": 80.295, "n_mineralized_obs": 0, "n_barren_obs": 1, "label_class": "barren", "conflict": false, "label": 0.0, "label_source": "REAL_GEOLOGICAL" }, "geometry": { "type": "Polygon", "coordinates": [ [ [ 80.300023645778111, 21.840026812707627 ], [ 80.299975002642768, 21.850015773196162 ], [ 80.289976005998113, 21.849973021976702 ], [ 80.290025343799599, 21.839984082993727 ], [ 80.300023645778111, 21.840026812707627 ] ] ] } },
{ "type": "Feature", "properties": { "zone_id": "r19_c25", "lat": 21.845, "lon": 80.305, "n_mineralized_obs": 0, "n_barren_obs": 1, "label_class": "barren", "conflict": false, "label": 0.0, "label_source": "REAL_GEOLOGICAL" }, "geometry": { "type": "Polygon", "coordinates": [ [ [ 80.310023309063766, 21.84002649897085 ], [ 80.30997536079785, 21.850015480714209 ], [ 80.299976342722132, 21.849973335865489 ], [ 80.30002498566013, 21.839984375322722 ], [ 80.310023309063766, 21.84002649897085 ] ] ] } },
{ "type": "Feature", "properties": { "zone_id": "r19_c26", "lat": 21.845, "lon": 80.315, "n_mineralized_obs": 0, "n_barren_obs": 1, "label_class": "barren", "conflict": false, "label": 0.0, "label_source": "REAL_GEOLOGICAL" }, "geometry": { "type": "Polygon", "coordinates": [ [ [ 80.320022972195673, 21.84002618538635 ], [ 80.319975718800549, 21.850015188078707 ], [ 80.309976679599927, 21.84997364960201 ], [ 80.310024627672959, 21.839984667805254 ], [ 80.320022972195673, 21.84002618538635 ] ] ] } },
{ "type": "Feature", "properties": { "zone_id": "r19_c27", "lat": 21.845, "lon": 80.325, "n_mineralized_obs": 0, "n_barren_obs": 1, "label_class": "barren", "conflict": false, "label": 0.0, "label_source": "REAL_GEOLOGICAL" }, "geometry": { "type": "Polygon", "coordinates": [ [ [ 80.330022635173833, 21.840025871954136 ], [ 80.329976076650922, 21.850014895289696 ], [ 80.319977016631526, 21.849973963186265 ], [ 80.3200242698381, 21.839984960441306 ], [ 80.330022635173833, 21.840025871954136 ] ] ] } },
{ "type": "Feature", "properties": { "zone_id": "r19_c28", "lat": 21.845, "lon": 80.335, "n_mineralized_obs": 0, "n_barren_obs": 1, "label_class": "barren", "conflict": false, "label": 0.0, "label_source": "REAL_GEOLOGICAL" }, "geometry": { "type": "Polygon", "coordinates": [ [ [ 80.340022297998246, 21.840025558674206 ], [ 80.339976434348912, 21.850014602347169 ], [ 80.329977353816886, 21.84997427661823 ], [ 80.330023912155553, 21.839985253230882 ], [ 80.340022297998246, 21.840025558674206 ] ] ] } },
{ "type": "Feature", "properties": { "zone_id": "r19_c29", "lat": 21.845, "lon": 80.345, "n_mineralized_obs": 0, "n_barren_obs": 1, "label_class": "barren", "conflict": false, "label": 0.0, "label_source": "REAL_GEOLOGICAL" }, "geometry": { "type": "Polygon", "coordinates": [ [ [ 80.350021960668954, 21.840025245546581 ], [ 80.349976791894534, 21.850014309251126 ], [ 80.339977691156037, 21.849974589897894 ], [ 80.34002355462539, 21.83998554617397 ], [ 80.350021960668954, 21.840025245546581 ] ] ] } },
{ "type": "Feature", "properties": { "zone_id": "r20_c00", "lat": 21.855, "lon": 80.055, "n_mineralized_obs": 0, "n_barren_obs": 1, "label_class": "barren", "conflict": false, "label": 0.0, "label_source": "REAL_GEOLOGICAL" }, "geometry": { "type": "Polygon", "coordinates": [ [ [ 80.060031695243083, 21.850034404501983 ], [ 80.059966342733404, 21.860022751031607 ], [ 80.049967956137181, 21.859965426480361 ], [ 80.050034003495796, 21.849977108774876 ], [ 80.060031695243083, 21.850034404501983 ] ] ] } },
{ "type": "Feature", "properties": { "zone_id": "r20_c01", "lat": 21.855, "lon": 80.065, "n_mineralized_obs": 0, "n_barren_obs": 1, "label_class": "barren", "conflict": false, "label": 0.0, "label_source": "REAL_GEOLOGICAL" }, "geometry": { "type": "Polygon", "coordinates": [ [ [ 80.070031362046379, 21.850034087003127 ], [ 80.069966704716975, 21.860022462126619 ], [ 80.059968289342521, 21.85996574413101 ], [ 80.060033641528833, 21.849977397526768 ], [ 80.070031362046379, 21.850034087003127 ] ] ] } },
{ "type": "Feature", "properties": { "zone_id": "r20_c02", "lat": 21.855, "lon": 80.075, "n_mineralized_obs": 0, "n_barren_obs": 1, "label_class": "barren", "conflict": false, "label": 0.0, "label_source": "REAL_GEOLOGICAL" }, "geometry": { "type": "Polygon", "coordinates": [ [ [ 80.0800310286957, 21.850033769656328 ], [ 80.079967066548477, 21.860022173067893 ], [ 80.069968622701936, 21.859966061629635 ], [ 80.07003327971394, 21.849977686432418 ], [ 80.0800310286957, 21.850033769656328 ] ] ] } },
{ "type": "Feature", "properties": { "zone_id": "r20_c03", "lat": 21.855, "lon": 80.085, "n_mineralized_obs": 0, "n_barren_obs": 1, "label_class": "barren", "conflict": false, "label": 0.0, "label_source": "REAL_GEOLOGICAL" }, "geometry": { "type": "Polygon", "coordinates": [ [ [ 80.090030695191018, 21.850033452461584 ], [ 80.089967428227865, 21.860021883855424 ], [ 80.079968956215325, 21.859966378976203 ], [ 80.080032918051074, 21.849977975491786 ], [ 80.090030695191018, 21.850033452461584 ] ] ] } },
{ "type": "Feature", "properties": { "zone_id": "r20_c04", "lat": 21.855, "lon": 80.095, "n_mineralized_obs": 0, "n_barren_obs": 1, "label_class": "barren", "conflict": false, "label": 0.0, "label_source": "REAL_GEOLOGICAL" }, "geometry": { "type": "Polygon", "coordinates": [ [ [ 80.10003036153239, 21.850033135418904 ], [ 80.099967789755169, 21.86002159448924 ], [ 80.089969289882774, 21.85996669617073 ], [ 80.090032556540294, 21.849978264704895 ], [ 80.10003036153239, 21.850033135418904 ] ] ] } },
{ "type": "Feature", "properties": { "zone_id": "r20_c05", "lat": 21.855, "lon": 80.105, "n_mineralized_obs": 0, "n_barren_obs": 1, "label_class": "barren", "conflict": false, "label": 0.0, "label_source": "REAL_GEOLOGICAL" }, "geometry": { "type": "Polygon", "coordinates": [ [ [ 80.110030027719773, 21.850032818528295 ], [ 80.109968151130332, 21.860021304969337 ], [ 80.099969623704212, 21.859967013213168 ], [ 80.100032195181569, 21.849978554071715 ], [ 80.110030027719773, 21.850032818528295 ] ] ] } },
{ "type": "Feature", "properties": { "zone_id": "r20_c06", "lat": 21.855, "lon": 80.115, "n_mineralized_obs": 1, "n_barren_obs": 0, "label_class": "mineralized", "conflict": false, "label": 1.0, "label_source": "REAL_GEOLOGICAL" }, "geometry": { "type": "Polygon", "coordinates": [ [ [ 80.120029693753196, 21.850032501789784 ], [ 80.119968512353353, 21.860021015295729 ], [ 80.109969957679638, 21.859967330103547 ], [ 80.110031833974944, 21.849978843592258 ], [ 80.120029693753196, 21.850032501789784 ] ] ] } },
{ "type": "Feature", "properties": { "zone_id": "r20_c07", "lat": 21.855, "lon": 80.125, "n_mineralized_obs": 1, "n_barren_obs": 0, "label_class": "mineralized", "conflict": false, "label": 1.0, "label_source": "REAL_GEOLOGICAL" }, "geometry": { "type": "Polygon", "coordinates": [ [ [ 80.130029359632701, 21.850032185203361 ], [ 80.129968873424261, 21.860020725468427 ], [ 80.119970291809082, 21.859967646841842 ], [ 80.120031472920431, 21.849979133266498 ], [ 80.130029359632701, 21.850032185203361 ] ] ] } },
{ "type": "Feature", "properties": { "zone_id": "r20_c08", "lat": 21.855, "lon": 80.135, "n_mineralized_obs": 1, "n_barren_obs": 0, "label_class": "mineralized", "conflict": false, "label": 1.0, "label_source": "REAL_GEOLOGICAL" }, "geometry": { "type": "Polygon", "coordinates": [ [ [ 80.14002902535826, 21.850031868769033 ], [ 80.139969234343013, 21.860020435487431 ], [ 80.129970626092486, 21.85996796342803 ], [ 80.130031112018017, 21.849979423094428 ], [ 80.14002902535826, 21.850031868769033 ] ] ] } },
{ "type": "Feature", "properties": { "zone_id": "r20_c09", "lat": 21.855, "lon": 80.145, "n_mineralized_obs": 1, "n_barren_obs": 0, "label_class": "mineralized", "conflict": false, "label": 1.0, "label_source": "REAL_GEOLOGICAL" }, "geometry": { "type": "Polygon", "coordinates": [ [ [ 80.150028690929886, 21.850031552486822 ], [ 80.149969595109582, 21.860020145352767 ], [ 80.139970960529865, 21.859968279862123 ], [ 80.140030751267716, 21.849979713076042 ], [ 80.150028690929886, 21.850031552486822 ] ] ] } },
{ "type": "Feature", "properties": { "zone_id": "r20_c10", "lat": 21.855, "lon": 80.155, "n_mineralized_obs": 1, "n_barren_obs": 0, "label_class": "mineralized", "conflict": false, "label": 1.0, "label_source": "REAL_GEOLOGICAL" }, "geometry": { "type": "Polygon", "coordinates": [ [ [ 80.160028356347595, 21.850031236356735 ], [ 80.159969955723994, 21.860019855064419 ], [ 80.14997129512119, 21.8599685961441 ], [ 80.150030390669556, 21.849980003211339 ], [ 80.160028356347595, 21.850031236356735 ] ] ] } },
{ "type": "Feature", "properties": { "zone_id": "r20_c11", "lat": 21.855, "lon": 80.165, "n_mineralized_obs": 1, "n_barren_obs": 0, "label_class": "mineralized", "conflict": false, "label": 1.0, "label_source": "REAL_GEOLOGICAL" }, "geometry": { "type": "Polygon", "coordinates": [ [ [ 80.170028021611415, 21.850030920378781 ], [ 80.169970316186223, 21.860019564622416 ], [ 80.159971629866476, 21.859968912273956 ], [ 80.160030030223552, 21.849980293500302 ], [ 80.170028021611415, 21.850030920378781 ] ] ] } },
{ "type": "Feature", "properties": { "zone_id": "r20_c12", "lat": 21.855, "lon": 80.175, "n_mineralized_obs": 1, "n_barren_obs": 0, "label_class": "mineralized", "conflict": false, "label": 1.0, "label_source": "REAL_GEOLOGICAL" }, "geometry": { "type": "Polygon", "coordinates": [ [ [ 80.180027686721331, 21.850030604552973 ], [ 80.179970676496239, 21.860019274026754 ], [ 80.169971964765679, 21.859969228251675 ], [ 80.170029669929676, 21.849980583942923 ], [ 80.180027686721331, 21.850030604552973 ] ] ] } },
{ "type": "Feature", "properties": { "zone_id": "r20_c13", "lat": 21.855, "lon": 80.185, "n_mineralized_obs": 1, "n_barren_obs": 0, "label_class": "mineralized", "conflict": false, "label": 1.0, "label_source": "REAL_GEOLOGICAL" }, "geometry": { "type": "Polygon", "coordinates": [ [ [ 80.190027351677358, 21.850030288879303 ], [ 80.189971036654057, 21.860018983277445 ], [ 80.179972299818814, 21.859969544077249 ], [ 80.180029309787969, 21.849980874539188 ], [ 80.190027351677358, 21.850030288879303 ] ] ] } },
{ "type": "Feature", "properties": { "zone_id": "r20_c14", "lat": 21.855, "lon": 80.195, "n_mineralized_obs": 1, "n_barren_obs": 0, "label_class": "mineralized", "conflict": false, "label": 1.0, "label_source": "REAL_GEOLOGICAL" }, "geometry": { "type": "Polygon", "coordinates": [ [ [ 80.20002701647951, 21.850029973357803 ], [ 80.199971396659663, 21.860018692374513 ], [ 80.189972635025882, 21.859969859750688 ], [ 80.190028949798446, 21.849981165289105 ], [ 80.20002701647951, 21.850029973357803 ] ] ] } },
{ "type": "Feature", "properties": { "zone_id": "r20_c15", "lat": 21.855, "lon": 80.205, "n_mineralized_obs": 1, "n_barren_obs": 0, "label_class": "mineralized", "conflict": false, "label": 1.0, "label_source": "REAL_GEOLOGICAL" }, "geometry": { "type": "Polygon", "coordinates": [ [ [ 80.2100266811278, 21.850029657988465 ], [ 80.209971756513028, 21.860018401317937 ], [ 80.199972970386852, 21.859970175271943 ], [ 80.200028589961093, 21.849981456192644 ], [ 80.2100266811278, 21.850029657988465 ] ] ] } },
{ "type": "Feature", "properties": { "zone_id": "r20_c16", "lat": 21.855, "lon": 80.215, "n_mineralized_obs": 1, "n_barren_obs": 0, "label_class": "mineralized", "conflict": false, "label": 1.0, "label_source": "REAL_GEOLOGICAL" }, "geometry": { "type": "Polygon", "coordinates": [ [ [ 80.220026345622244, 21.850029342771315 ], [ 80.21997211621418, 21.860018110107763 ], [ 80.209973305901727, 21.859970490641043 ], [ 80.210028230275967, 21.849981747249817 ], [ 80.220026345622244, 21.850029342771315 ] ] ] } },
{ "type": "Feature", "properties": { "zone_id": "r20_c17", "lat": 21.855, "lon": 80.225, "n_mineralized_obs": 1, "n_barren_obs": 0, "label_class": "mineralized", "conflict": false, "label": 1.0, "label_source": "REAL_GEOLOGICAL" }, "geometry": { "type": "Polygon", "coordinates": [ [ [ 80.230026009962828, 21.850029027706334 ], [ 80.229972475763063, 21.860017818743955 ], [ 80.219973641570462, 21.859970805857952 ], [ 80.22002787074301, 21.849982038460595 ], [ 80.230026009962828, 21.850029027706334 ] ] ] } },
{ "type": "Feature", "properties": { "zone_id": "r20_c18", "lat": 21.855, "lon": 80.235, "n_mineralized_obs": 1, "n_barren_obs": 0, "label_class": "mineralized", "conflict": false, "label": 1.0, "label_source": "REAL_GEOLOGICAL" }, "geometry": { "type": "Polygon", "coordinates": [ [ [ 80.240025674149592, 21.850028712793566 ], [ 80.239972835159691, 21.86001752722656 ], [ 80.229973977393087, 21.859971120922683 ], [ 80.230027511362294, 21.849982329824986 ], [ 80.240025674149592, 21.850028712793566 ] ] ] } },
{ "type": "Feature", "properties": { "zone_id": "r20_c19", "lat": 21.855, "lon": 80.245, "n_mineralized_obs": 1, "n_barren_obs": 0, "label_class": "mineralized", "conflict": false, "label": 1.0, "label_source": "REAL_GEOLOGICAL" }, "geometry": { "type": "Polygon", "coordinates": [ [ [ 80.250025338182539, 21.850028398033011 ], [ 80.249973194404049, 21.860017235555574 ], [ 80.239974313369586, 21.859971435835199 ], [ 80.24002715213382, 21.849982621342974 ], [ 80.250025338182539, 21.850028398033011 ] ] ] } },
{ "type": "Feature", "properties": { "zone_id": "r20_c20", "lat": 21.855, "lon": 80.255, "n_mineralized_obs": 1, "n_barren_obs": 0, "label_class": "mineralized", "conflict": false, "label": 1.0, "label_source": "REAL_GEOLOGICAL" }, "geometry": { "type": "Polygon", "coordinates": [ [ [ 80.260025002061639, 21.850028083424661 ], [ 80.259973553496124, 21.860016943731001 ], [ 80.249974649499933, 21.859971750595523 ], [ 80.250026793057557, 21.84998291301455 ], [ 80.260025002061639, 21.850028083424661 ] ] ] } },
{ "type": "Feature", "properties": { "zone_id": "r20_c21", "lat": 21.855, "lon": 80.265, "n_mineralized_obs": 1, "n_barren_obs": 0, "label_class": "mineralized", "conflict": false, "label": 1.0, "label_source": "REAL_GEOLOGICAL" }, "geometry": { "type": "Polygon", "coordinates": [ [ [ 80.270024665786977, 21.850027768968545 ], [ 80.269973912435916, 21.860016651752854 ], [ 80.25997498578414, 21.859972065203618 ], [ 80.260026434133565, 21.84998320483971 ], [ 80.270024665786977, 21.850027768968545 ] ] ] } },
{ "type": "Feature", "properties": { "zone_id": "r20_c22", "lat": 21.855, "lon": 80.275, "n_mineralized_obs": 0, "n_barren_obs": 1, "label_class": "barren", "conflict": false, "label": 0.0, "label_source": "REAL_GEOLOGICAL" }, "geometry": { "type": "Polygon", "coordinates": [ [ [ 80.280024329358497, 21.850027454664659 ], [ 80.279974271223381, 21.860016359621138 ], [ 80.269975322222166, 21.859972379659492 ], [ 80.270026075361812, 21.849983496818435 ], [ 80.280024329358497, 21.850027454664659 ] ] ] } },
{ "type": "Feature", "properties": { "zone_id": "r20_c23", "lat": 21.855, "lon": 80.285, "n_mineralized_obs": 0, "n_barren_obs": 1, "label_class": "barren", "conflict": false, "label": 0.0, "label_source": "REAL_GEOLOGICAL" }, "geometry": { "type": "Polygon", "coordinates": [ [ [ 80.290023992776227, 21.850027140513028 ], [ 80.289974629858534, 21.860016067335863 ], [ 80.279975658814024, 21.859972693963122 ], [ 80.280025716742344, 21.84998378895073 ], [ 80.290023992776227, 21.850027140513028 ] ] ] } },
{ "type": "Feature", "properties": { "zone_id": "r20_c24", "lat": 21.855, "lon": 80.295, "n_mineralized_obs": 0, "n_barren_obs": 1, "label_class": "barren", "conflict": false, "label": 0.0, "label_source": "REAL_GEOLOGICAL" }, "geometry": { "type": "Polygon", "coordinates": [ [ [ 80.300023656040196, 21.850026826513638 ], [ 80.29997498834139, 21.860015774897047 ], [ 80.289975995559715, 21.859973008114515 ], [ 80.290025358275159, 21.849984081236574 ], [ 80.300023656040196, 21.850026826513638 ] ] ] } },
{ "type": "Feature", "properties": { "zone_id": "r20_c25", "lat": 21.855, "lon": 80.305, "n_mineralized_obs": 0, "n_barren_obs": 1, "label_class": "barren", "conflict": false, "label": 0.0, "label_source": "REAL_GEOLOGICAL" }, "geometry": { "type": "Polygon", "coordinates": [ [ [ 80.310023319150389, 21.850026512666524 ], [ 80.309975346671891, 21.860015482304686 ], [ 80.299976332459195, 21.859973322113653 ], [ 80.300024999960272, 21.849984373675966 ], [ 80.310023319150389, 21.850026512666524 ] ] ] } },
{ "type": "Feature", "properties": { "zone_id": "r20_c26", "lat": 21.855, "lon": 80.315, "n_mineralized_obs": 0, "n_barren_obs": 1, "label_class": "barren", "conflict": false, "label": 0.0, "label_source": "REAL_GEOLOGICAL" }, "geometry": { "type": "Polygon", "coordinates": [ [ [ 80.320022982106835, 21.850026198971673 ], [ 80.319975704850052, 21.860015189558794 ], [ 80.309976669512466, 21.859973635960518 ], [ 80.310024641797696, 21.849984666268895 ], [ 80.320022982106835, 21.850026198971673 ] ] ] } },
{ "type": "Feature", "properties": { "zone_id": "r20_c27", "lat": 21.855, "lon": 80.325, "n_mineralized_obs": 0, "n_barren_obs": 1, "label_class": "barren", "conflict": false, "label": 0.0, "label_source": "REAL_GEOLOGICAL" }, "geometry": { "type": "Polygon", "coordinates": [ [ [ 80.330022644909533, 21.850025885429112 ], [ 80.329976062875843, 21.860014896659372 ], [ 80.31997700671954, 21.859973949655107 ], [ 80.320024283787419, 21.849984959015341 ], [ 80.330022644909533, 21.850025885429112 ] ] ] } },
{ "type": "Feature", "properties": { "zone_id": "r20_c28", "lat": 21.855, "lon": 80.335, "n_mineralized_obs": 0, "n_barren_obs": 1, "label_class": "barren", "conflict": false, "label": 0.0, "label_source": "REAL_GEOLOGICAL" }, "geometry": { "type": "Polygon", "coordinates": [ [ [ 80.340022307558499, 21.850025572038838 ], [ 80.339976420749267, 21.860014603606455 ], [ 80.329977344080362, 21.859974263197422 ], [ 80.330023925929439, 21.849985251915324 ], [ 80.340022307558499, 21.850025572038838 ] ] ] } },
{ "type": "Feature", "properties": { "zone_id": "r20_c29", "lat": 21.855, "lon": 80.345, "n_mineralized_obs": 0, "n_barren_obs": 1, "label_class": "barren", "conflict": false, "label": 0.0, "label_source": "REAL_GEOLOGICAL" }, "geometry": { "type": "Polygon", "coordinates": [ [ [ 80.35002197005376, 21.850025258800873 ], [ 80.349976778470335, 21.860014310400025 ], [ 80.339977681594988, 21.85997457658743 ], [ 80.340023568223856, 21.84998554496881 ], [ 80.35002197005376, 21.850025258800873 ] ] ] } },
{ "type": "Feature", "properties": { "zone_id": "r21_c00", "lat": 21.865, "lon": 80.055, "n_mineralized_obs": 0, "n_barren_obs": 1, "label_class": "barren", "conflict": false, "label": 0.0, "label_source": "REAL_GEOLOGICAL" }, "geometry": { "type": "Polygon", "coordinates": [ [ [ 80.060031709717606, 21.860034420954726 ], [ 80.05996632421882, 21.870022755376379 ], [ 80.049967941485988, 21.869965409971467 ], [ 80.050034022184178, 21.859977104373836 ], [ 80.060031709717606, 21.860034420954726 ] ] ] } },
{ "type": "Feature", "properties": { "zone_id": "r21_c01", "lat": 21.865, "lon": 80.065, "n_mineralized_obs": 0, "n_barren_obs": 1, "label_class": "barren", "conflict": false, "label": 0.0, "label_source": "REAL_GEOLOGICAL" }, "geometry": { "type": "Polygon", "coordinates": [ [ [ 80.070031376345426, 21.860034103345587 ], [ 80.069966686377839, 21.870022466361025 ], [ 80.059968274866819, 21.86996572773241 ], [ 80.060033660041782, 21.85997739323609 ], [ 80.070031376345426, 21.860034103345587 ] ] ] } },
{ "type": "Feature", "properties": { "zone_id": "r21_c02", "lat": 21.865, "lon": 80.075, "n_mineralized_obs": 0, "n_barren_obs": 1, "label_class": "barren", "conflict": false, "label": 0.0, "label_source": "REAL_GEOLOGICAL" }, "geometry": { "type": "Polygon", "coordinates": [ [ [ 80.080031042819272, 21.860033785888493 ], [ 80.079967048384788, 21.870022177191924 ], [ 80.069968608401695, 21.869966045341322 ], [ 80.07003329805147, 21.859977682252097 ], [ 80.080031042819272, 21.860033785888493 ] ] ] } },
{ "type": "Feature", "properties": { "zone_id": "r21_c03", "lat": 21.865, "lon": 80.085, "n_mineralized_obs": 0, "n_barren_obs": 1, "label_class": "barren", "conflict": false, "label": 0.0, "label_source": "REAL_GEOLOGICAL" }, "geometry": { "type": "Polygon", "coordinates": [ [ [ 80.090030709139114, 21.860033468583463 ], [ 80.089967410239609, 21.870021887869097 ], [ 80.079968942090602, 21.869966362798188 ], [ 80.080032936213172, 21.859977971421834 ], [ 80.090030709139114, 21.860033468583463 ] ] ] } },
{ "type": "Feature", "properties": { "zone_id": "r21_c04", "lat": 21.865, "lon": 80.095, "n_mineralized_obs": 0, "n_barren_obs": 1, "label_class": "barren", "conflict": false, "label": 0.0, "label_source": "REAL_GEOLOGICAL" }, "geometry": { "type": "Polygon", "coordinates": [ [ [ 80.10003037530501, 21.860033151430486 ], [ 80.099967771942346, 21.870021598392544 ], [ 80.089969275933541, 21.869966680102987 ], [ 80.090032574526973, 21.859978260745304 ], [ 80.10003037530501, 21.860033151430486 ] ] ] } },
{ "type": "Feature", "properties": { "zone_id": "r21_c05", "lat": 21.865, "lon": 80.105, "n_mineralized_obs": 0, "n_barren_obs": 1, "label_class": "barren", "conflict": false, "label": 0.0, "label_source": "REAL_GEOLOGICAL" }, "geometry": { "type": "Polygon", "coordinates": [ [ [ 80.110030041316932, 21.860032834429592 ], [ 80.109968133492956, 21.870021308762279 ], [ 80.099969609930469, 21.869966997255737 ], [ 80.100032212992829, 21.8599785502225 ], [ 80.110030041316932, 21.860032834429592 ] ] ] } },
{ "type": "Feature", "properties": { "zone_id": "r21_c06", "lat": 21.865, "lon": 80.115, "n_mineralized_obs": 0, "n_barren_obs": 1, "label_class": "barren", "conflict": false, "label": 0.0, "label_source": "REAL_GEOLOGICAL" }, "geometry": { "type": "Polygon", "coordinates": [ [ [ 80.120029707174865, 21.86003251758078 ], [ 80.119968494891424, 21.870021018978303 ], [ 80.109969944081385, 21.869967314256403 ], [ 80.110031851610771, 21.859978839853397 ], [ 80.120029707174865, 21.86003251758078 ] ] ] } },
{ "type": "Feature", "properties": { "zone_id": "r21_c07", "lat": 21.865, "lon": 80.125, "n_mineralized_obs": 1, "n_barren_obs": 0, "label_class": "mineralized", "conflict": false, "label": 1.0, "label_source": "REAL_GEOLOGICAL" }, "geometry": { "type": "Polygon", "coordinates": [ [ [ 80.130029372878894, 21.86003220088406 ], [ 80.129968856137779, 21.87002072904065 ], [ 80.119970278386319, 21.869967631104991 ], [ 80.120031490380839, 21.85997912963801 ], [ 80.130029372878894, 21.86003220088406 ] ] ] } },
{ "type": "Feature", "properties": { "zone_id": "r21_c08", "lat": 21.865, "lon": 80.135, "n_mineralized_obs": 1, "n_barren_obs": 0, "label_class": "mineralized", "conflict": false, "label": 1.0, "label_source": "REAL_GEOLOGICAL" }, "geometry": { "type": "Polygon", "coordinates": [ [ [ 80.140029038428963, 21.860031884339438 ], [ 80.139969217231965, 21.870020438949282 ], [ 80.129970612845213, 21.869967947801474 ], [ 80.130031129302978, 21.859979419576298 ], [ 80.140029038428963, 21.860031884339438 ] ] ] } },
{ "type": "Feature", "properties": { "zone_id": "r21_c09", "lat": 21.865, "lon": 80.145, "n_mineralized_obs": 1, "n_barren_obs": 0, "label_class": "mineralized", "conflict": false, "label": 1.0, "label_source": "REAL_GEOLOGICAL" }, "geometry": { "type": "Polygon", "coordinates": [ [ [ 80.150028703825114, 21.860031567946933 ], [ 80.149969578173994, 21.870020148704246 ], [ 80.139970947458082, 21.869968264345857 ], [ 80.140030768377258, 21.859979709668284 ], [ 80.150028703825114, 21.860031567946933 ] ] ] } },
{ "type": "Feature", "properties": { "zone_id": "r21_c10", "lat": 21.865, "lon": 80.155, "n_mineralized_obs": 1, "n_barren_obs": 0, "label_class": "mineralized", "conflict": false, "label": 1.0, "label_source": "REAL_GEOLOGICAL" }, "geometry": { "type": "Polygon", "coordinates": [ [ [ 80.160028369067348, 21.860031251706548 ], [ 80.15996993896384, 21.87001985830554 ], [ 80.149971282224897, 21.869968580738135 ], [ 80.15003040760368, 21.859979999913932 ], [ 80.160028369067348, 21.860031251706548 ] ] ] } },
{ "type": "Feature", "properties": { "zone_id": "r21_c11", "lat": 21.865, "lon": 80.165, "n_mineralized_obs": 1, "n_barren_obs": 0, "label_class": "mineralized", "conflict": false, "label": 1.0, "label_source": "REAL_GEOLOGICAL" }, "geometry": { "type": "Polygon", "coordinates": [ [ [ 80.170028034155692, 21.860030935618301 ], [ 80.16997029960153, 21.870019567753172 ], [ 80.159971617145686, 21.869968896978282 ], [ 80.160030046982229, 21.859980290313263 ], [ 80.170028034155692, 21.860030935618301 ] ] ] } },
{ "type": "Feature", "properties": { "zone_id": "r21_c12", "lat": 21.865, "lon": 80.175, "n_mineralized_obs": 1, "n_barren_obs": 0, "label_class": "mineralized", "conflict": false, "label": 1.0, "label_source": "REAL_GEOLOGICAL" }, "geometry": { "type": "Polygon", "coordinates": [ [ [ 80.180027699090118, 21.860030619682181 ], [ 80.17997066008698, 21.870019277047152 ], [ 80.169971952220379, 21.869969213066305 ], [ 80.170029686512919, 21.85998058086625 ], [ 80.180027699090118, 21.860030619682181 ] ] ] } },
{ "type": "Feature", "properties": { "zone_id": "r21_c13", "lat": 21.865, "lon": 80.185, "n_mineralized_obs": 1, "n_barren_obs": 0, "label_class": "mineralized", "conflict": false, "label": 1.0, "label_source": "REAL_GEOLOGICAL" }, "geometry": { "type": "Polygon", "coordinates": [ [ [ 80.190027363870669, 21.860030303898224 ], [ 80.189971020420259, 21.870018986187485 ], [ 80.179972287449004, 21.86996952900218 ], [ 80.180029326195793, 21.85998087157288 ], [ 80.190027363870669, 21.860030303898224 ] ] ] } },
{ "type": "Feature", "properties": { "zone_id": "r21_c14", "lat": 21.865, "lon": 80.195, "n_mineralized_obs": 1, "n_barren_obs": 0, "label_class": "mineralized", "conflict": false, "label": 1.0, "label_source": "REAL_GEOLOGICAL" }, "geometry": { "type": "Polygon", "coordinates": [ [ [ 80.20002702849736, 21.860029988266422 ], [ 80.199971380601298, 21.870018695174185 ], [ 80.189972622831547, 21.869969844785906 ], [ 80.190028966030823, 21.859981162433161 ], [ 80.20002702849736, 21.860029988266422 ] ] ] } },
{ "type": "Feature", "properties": { "zone_id": "r21_c15", "lat": 21.865, "lon": 80.205, "n_mineralized_obs": 1, "n_barren_obs": 0, "label_class": "mineralized", "conflict": false, "label": 1.0, "label_source": "REAL_GEOLOGICAL" }, "geometry": { "type": "Polygon", "coordinates": [ [ [ 80.210026692970175, 21.860029672786787 ], [ 80.209971740630138, 21.870018404007254 ], [ 80.199972958368022, 21.869970160417466 ], [ 80.200028606018051, 21.859981453447073 ], [ 80.210026692970175, 21.860029672786787 ] ] ] } },
{ "type": "Feature", "properties": { "zone_id": "r21_c16", "lat": 21.865, "lon": 80.215, "n_mineralized_obs": 1, "n_barren_obs": 0, "label_class": "mineralized", "conflict": false, "label": 1.0, "label_source": "REAL_GEOLOGICAL" }, "geometry": { "type": "Polygon", "coordinates": [ [ [ 80.220026357289129, 21.860029357459325 ], [ 80.219972100506723, 21.870018112686697 ], [ 80.209973294058386, 21.869970475896864 ], [ 80.210028246157478, 21.859981744614593 ], [ 80.220026357289129, 21.860029357459325 ] ] ] } },
{ "type": "Feature", "properties": { "zone_id": "r21_c17", "lat": 21.865, "lon": 80.225, "n_mineralized_obs": 1, "n_barren_obs": 0, "label_class": "mineralized", "conflict": false, "label": 1.0, "label_source": "REAL_GEOLOGICAL" }, "geometry": { "type": "Polygon", "coordinates": [ [ [ 80.230026021454236, 21.860029042284065 ], [ 80.229972460231053, 21.870017821212539 ], [ 80.219973629902611, 21.869970791224077 ], [ 80.220027886449103, 21.859982035935744 ], [ 80.230026021454236, 21.860029042284065 ] ] ] } },
{ "type": "Feature", "properties": { "zone_id": "r21_c18", "lat": 21.865, "lon": 80.235, "n_mineralized_obs": 1, "n_barren_obs": 0, "label_class": "mineralized", "conflict": false, "label": 1.0, "label_source": "REAL_GEOLOGICAL" }, "geometry": { "type": "Polygon", "coordinates": [ [ [ 80.240025685465511, 21.860028727260989 ], [ 80.239972819803128, 21.870017529584782 ], [ 80.22997396590074, 21.869971106399099 ], [ 80.23002752689294, 21.859982327410492 ], [ 80.240025685465511, 21.860028727260989 ] ] ] } },
{ "type": "Feature", "properties": { "zone_id": "r21_c19", "lat": 21.865, "lon": 80.245, "n_mineralized_obs": 1, "n_barren_obs": 0, "label_class": "mineralized", "conflict": false, "label": 1.0, "label_source": "REAL_GEOLOGICAL" }, "geometry": { "type": "Polygon", "coordinates": [ [ [ 80.250025349322982, 21.860028412390125 ], [ 80.249973179222948, 21.870017237803431 ], [ 80.23997430205273, 21.869971421421926 ], [ 80.240027167489032, 21.859982619038853 ], [ 80.250025349322982, 21.860028412390125 ] ] ] } },
{ "type": "Feature", "properties": { "zone_id": "r21_c20", "lat": 21.865, "lon": 80.255, "n_mineralized_obs": 1, "n_barren_obs": 0, "label_class": "mineralized", "conflict": false, "label": 1.0, "label_source": "REAL_GEOLOGICAL" }, "geometry": { "type": "Polygon", "coordinates": [ [ [ 80.260025013026606, 21.860028097671474 ], [ 80.25997353849047, 21.870016945868493 ], [ 80.249974638358566, 21.869971736292548 ], [ 80.250026808237322, 21.859982910820783 ], [ 80.260025013026606, 21.860028097671474 ] ] ] } },
{ "type": "Feature", "properties": { "zone_id": "r21_c21", "lat": 21.865, "lon": 80.265, "n_mineralized_obs": 0, "n_barren_obs": 1, "label_class": "barren", "conflict": false, "label": 0.0, "label_source": "REAL_GEOLOGICAL" }, "geometry": { "type": "Polygon", "coordinates": [ [ [ 80.270024676576455, 21.86002778310505 ], [ 80.269973897605709, 21.870016653779988 ], [ 80.259974974818263, 21.869972051010954 ], [ 80.260026449137897, 21.859983202756307 ], [ 80.270024676576455, 21.86002778310505 ] ] ] } },
{ "type": "Feature", "properties": { "zone_id": "r21_c22", "lat": 21.865, "lon": 80.275, "n_mineralized_obs": 0, "n_barren_obs": 1, "label_class": "barren", "conflict": false, "label": 0.0, "label_source": "REAL_GEOLOGICAL" }, "geometry": { "type": "Polygon", "coordinates": [ [ [ 80.280024339972485, 21.860027468690866 ], [ 80.27997425656865, 21.870016361537907 ], [ 80.269975311431793, 21.869972365577123 ], [ 80.270026090190711, 21.859983494845398 ], [ 80.280024339972485, 21.860027468690866 ] ] ] } },
{ "type": "Feature", "properties": { "zone_id": "r21_c23", "lat": 21.865, "lon": 80.285, "n_mineralized_obs": 0, "n_barren_obs": 1, "label_class": "barren", "conflict": false, "label": 0.0, "label_source": "REAL_GEOLOGICAL" }, "geometry": { "type": "Polygon", "coordinates": [ [ [ 80.290024003214739, 21.860027154428916 ], [ 80.289974615379265, 21.87001606914227 ], [ 80.279975648199127, 21.869972679991061 ], [ 80.28002573139581, 21.859983787088051 ], [ 80.290024003214739, 21.860027154428916 ] ] ] } },
{ "type": "Feature", "properties": { "zone_id": "r21_c24", "lat": 21.865, "lon": 80.295, "n_mineralized_obs": 0, "n_barren_obs": 1, "label_class": "barren", "conflict": false, "label": 0.0, "label_source": "REAL_GEOLOGICAL" }, "geometry": { "type": "Polygon", "coordinates": [ [ [ 80.300023666303233, 21.860026840319236 ], [ 80.299974974037553, 21.870015776593096 ], [ 80.289975985120307, 21.869972994252759 ], [ 80.290025372753192, 21.859984079484263 ], [ 80.300023666303233, 21.860026840319236 ] ] ] } },
{ "type": "Feature", "properties": { "zone_id": "r21_c25", "lat": 21.865, "lon": 80.305, "n_mineralized_obs": 0, "n_barren_obs": 1, "label_class": "barren", "conflict": false, "label": 0.0, "label_source": "REAL_GEOLOGICAL" }, "geometry": { "type": "Polygon", "coordinates": [ [ [ 80.31002332923795, 21.860026526361803 ], [ 80.30997533254353, 21.870015483890366 ], [ 80.299976322195292, 21.869973308362191 ], [ 80.300025014262857, 21.859984372034013 ], [ 80.31002332923795, 21.860026526361803 ] ] ] } },
{ "type": "Feature", "properties": { "zone_id": "r21_c26", "lat": 21.865, "lon": 80.315, "n_mineralized_obs": 0, "n_barren_obs": 1, "label_class": "barren", "conflict": false, "label": 0.0, "label_source": "REAL_GEOLOGICAL" }, "geometry": { "type": "Polygon", "coordinates": [ [ [ 80.320022992018906, 21.860026212556651 ], [ 80.319975690897124, 21.870015191034121 ], [ 80.309976659424052, 21.869973622319371 ], [ 80.310024655924835, 21.859984664737304 ], [ 80.320022992018906, 21.860026212556651 ] ] ] } },
{ "type": "Feature", "properties": { "zone_id": "r21_c27", "lat": 21.865, "lon": 80.325, "n_mineralized_obs": 0, "n_barren_obs": 1, "label_class": "barren", "conflict": false, "label": 0.0, "label_source": "REAL_GEOLOGICAL" }, "geometry": { "type": "Polygon", "coordinates": [ [ [ 80.330022654646143, 21.860025898903782 ], [ 80.329976049098391, 21.870014898024341 ], [ 80.319976996806616, 21.869973936124271 ], [ 80.32002429773911, 21.859984957594122 ], [ 80.330022654646143, 21.860025898903782 ] ] ] } },
{ "type": "Feature", "properties": { "zone_id": "r21_c28", "lat": 21.865, "lon": 80.335, "n_mineralized_obs": 0, "n_barren_obs": 1, "label_class": "barren", "conflict": false, "label": 0.0, "label_source": "REAL_GEOLOGICAL" }, "geometry": { "type": "Polygon", "coordinates": [ [ [ 80.340022317119605, 21.860025585403196 ], [ 80.339976407147262, 21.870014604861051 ], [ 80.329977334342942, 21.869974249776881 ], [ 80.330023939705711, 21.859985250604453 ], [ 80.340022317119605, 21.860025585403196 ] ] ] } },
{ "type": "Feature", "properties": { "zone_id": "r21_c29", "lat": 21.865, "lon": 80.345, "n_mineralized_obs": 0, "n_barren_obs": 1, "label_class": "barren", "conflict": false, "label": 0.0, "label_source": "REAL_GEOLOGICAL" }, "geometry": { "type": "Polygon", "coordinates": [ [ [ 80.35002197943939, 21.860025272054923 ], [ 80.349976765043792, 21.870014311544267 ], [ 80.339977672033044, 21.869974563277211 ], [ 80.340023581824667, 21.859985543768303 ], [ 80.35002197943939, 21.860025272054923 ] ] ] } },
{ "type": "Feature", "properties": { "zone_id": "r22_c00", "lat": 21.875, "lon": 80.055, "n_mineralized_obs": 0, "n_barren_obs": 1, "label_class": "barren", "conflict": false, "label": 0.0, "label_source": "REAL_GEOLOGICAL" }, "geometry": { "type": "Polygon", "coordinates": [ [ [ 80.060031724193692, 21.870034437406165 ], [ 80.059966305701209, 21.88002275971542 ], [ 80.04996792683319, 21.879965393463909 ], [ 80.050034040875616, 21.869977099978545 ], [ 80.060031724193692, 21.870034437406165 ] ] ] } },
{ "type": "Feature", "properties": { "zone_id": "r22_c01", "lat": 21.875, "lon": 80.065, "n_mineralized_obs": 0, "n_barren_obs": 1, "label_class": "barren", "conflict": false, "label": 0.0, "label_source": "REAL_GEOLOGICAL" }, "geometry": { "type": "Polygon", "coordinates": [ [ [ 80.070031390646008, 21.870034119686768 ], [ 80.06996666803569, 21.880022470589726 ], [ 80.059968260389539, 21.8799657113351 ], [ 80.060033678557758, 21.869977388951121 ], [ 80.070031390646008, 21.870034119686768 ] ] ] } },
{ "type": "Feature", "properties": { "zone_id": "r22_c02", "lat": 21.875, "lon": 80.075, "n_mineralized_obs": 0, "n_barren_obs": 1, "label_class": "barren", "conflict": false, "label": 0.0, "label_source": "REAL_GEOLOGICAL" }, "geometry": { "type": "Polygon", "coordinates": [ [ [ 80.080031056944364, 21.870033802119426 ], [ 80.0799670302181, 21.880022181310306 ], [ 80.069968594099947, 21.87996602905427 ], [ 80.070033316391999, 21.869977678077458 ], [ 80.080031056944364, 21.870033802119426 ] ] ] } },
{ "type": "Feature", "properties": { "zone_id": "r22_c03", "lat": 21.875, "lon": 80.085, "n_mineralized_obs": 0, "n_barren_obs": 1, "label_class": "barren", "conflict": false, "label": 0.0, "label_source": "REAL_GEOLOGICAL" }, "geometry": { "type": "Polygon", "coordinates": [ [ [ 80.090030723088702, 21.870033484704138 ], [ 80.089967392248383, 21.880021891877146 ], [ 80.079968927964359, 21.879966346621384 ], [ 80.080032954378254, 21.869977967357521 ], [ 80.090030723088702, 21.870033484704138 ] ] ] } },
{ "type": "Feature", "properties": { "zone_id": "r22_c04", "lat": 21.875, "lon": 80.095, "n_mineralized_obs": 0, "n_barren_obs": 1, "label_class": "barren", "conflict": false, "label": 0.0, "label_source": "REAL_GEOLOGICAL" }, "geometry": { "type": "Polygon", "coordinates": [ [ [ 80.10003038907908, 21.870033167440909 ], [ 80.099967754126595, 21.880021602290267 ], [ 80.089969261982802, 21.879966664036449 ], [ 80.090032592516607, 21.869978256791324 ], [ 80.10003038907908, 21.870033167440909 ] ] ] } },
{ "type": "Feature", "properties": { "zone_id": "r22_c05", "lat": 21.875, "lon": 80.105, "n_mineralized_obs": 0, "n_barren_obs": 1, "label_class": "barren", "conflict": false, "label": 0.0, "label_source": "REAL_GEOLOGICAL" }, "geometry": { "type": "Polygon", "coordinates": [ [ [ 80.110030054915484, 21.870032850329757 ], [ 80.109968115852681, 21.880021312549676 ], [ 80.099969596155248, 21.87996698129945 ], [ 80.100032230807017, 21.869978546378842 ], [ 80.110030054915484, 21.870032850329757 ] ] ] } },
{ "type": "Feature", "properties": { "zone_id": "r22_c06", "lat": 21.875, "lon": 80.115, "n_mineralized_obs": 0, "n_barren_obs": 1, "label_class": "barren", "conflict": false, "label": 0.0, "label_source": "REAL_GEOLOGICAL" }, "geometry": { "type": "Polygon", "coordinates": [ [ [ 80.120029720597941, 21.87003253337069 ], [ 80.11996847742661, 21.880021022655388 ], [ 80.109969930481682, 21.879967298410371 ], [ 80.110031869249497, 21.869978836120072 ], [ 80.120029720597941, 21.87003253337069 ] ] ] } },
{ "type": "Feature", "properties": { "zone_id": "r22_c07", "lat": 21.875, "lon": 80.125, "n_mineralized_obs": 0, "n_barren_obs": 1, "label_class": "barren", "conflict": false, "label": 0.0, "label_source": "REAL_GEOLOGICAL" }, "geometry": { "type": "Polygon", "coordinates": [ [ [ 80.130029386126466, 21.870032216563718 ], [ 80.129968838848427, 21.880020732607395 ], [ 80.119970264962134, 21.879967615369218 ], [ 80.120031507844118, 21.869979126015004 ], [ 80.130029386126466, 21.870032216563718 ] ] ] } },
{ "type": "Feature", "properties": { "zone_id": "r22_c08", "lat": 21.875, "lon": 80.135, "n_mineralized_obs": 0, "n_barren_obs": 1, "label_class": "barren", "conflict": false, "label": 0.0, "label_source": "REAL_GEOLOGICAL" }, "geometry": { "type": "Polygon", "coordinates": [ [ [ 80.140029051501031, 21.870031899908835 ], [ 80.139969200118088, 21.880020442405701 ], [ 80.129970599596547, 21.879967932175951 ], [ 80.130031146590824, 21.869979416063632 ], [ 80.140029051501031, 21.870031899908835 ] ] ] } },
{ "type": "Feature", "properties": { "zone_id": "r22_c09", "lat": 21.875, "lon": 80.145, "n_mineralized_obs": 1, "n_barren_obs": 0, "label_class": "mineralized", "conflict": false, "label": 1.0, "label_source": "REAL_GEOLOGICAL" }, "geometry": { "type": "Polygon", "coordinates": [ [ [ 80.150028716721692, 21.870031583406075 ], [ 80.149969561235579, 21.880020152050349 ], [ 80.139970934384934, 21.8799682488306 ], [ 80.140030785489643, 21.869979706265941 ], [ 80.150028716721692, 21.870031583406075 ] ] ] } },
{ "type": "Feature", "properties": { "zone_id": "r22_c10", "lat": 21.875, "lon": 80.155, "n_mineralized_obs": 1, "n_barren_obs": 0, "label_class": "mineralized", "conflict": false, "label": 1.0, "label_source": "REAL_GEOLOGICAL" }, "geometry": { "type": "Polygon", "coordinates": [ [ [ 80.160028381788408, 21.870031267055428 ], [ 80.159969922200901, 21.880019861541314 ], [ 80.149971269327267, 21.879968565333133 ], [ 80.150030424540603, 21.869979996621918 ], [ 80.160028381788408, 21.870031267055428 ] ] ] } },
{ "type": "Feature", "properties": { "zone_id": "r22_c11", "lat": 21.875, "lon": 80.165, "n_mineralized_obs": 1, "n_barren_obs": 0, "label_class": "mineralized", "conflict": false, "label": 1.0, "label_source": "REAL_GEOLOGICAL" }, "geometry": { "type": "Polygon", "coordinates": [ [ [ 80.170028046701262, 21.870030950856915 ], [ 80.169970283014052, 21.880019570878613 ], [ 80.159971604423561, 21.879968881683542 ], [ 80.160030063743704, 21.869980287131572 ], [ 80.170028046701262, 21.870030950856915 ] ] ] } },
{ "type": "Feature", "properties": { "zone_id": "r22_c12", "lat": 21.875, "lon": 80.175, "n_mineralized_obs": 1, "n_barren_obs": 0, "label_class": "mineralized", "conflict": false, "label": 1.0, "label_source": "REAL_GEOLOGICAL" }, "geometry": { "type": "Polygon", "coordinates": [ [ [ 80.180027711460184, 21.870030634810547 ], [ 80.179970643674991, 21.880019280062267 ], [ 80.169971939673772, 21.879969197881817 ], [ 80.170029703098933, 21.869980577794884 ], [ 80.180027711460184, 21.870030634810547 ] ] ] } },
{ "type": "Feature", "properties": { "zone_id": "r22_c13", "lat": 21.875, "lon": 80.185, "n_mineralized_obs": 1, "n_barren_obs": 0, "label_class": "mineralized", "conflict": false, "label": 1.0, "label_source": "REAL_GEOLOGICAL" }, "geometry": { "type": "Polygon", "coordinates": [ [ [ 80.190027376065231, 21.870030318916314 ], [ 80.189971004183732, 21.880018989092271 ], [ 80.179972275077915, 21.87996951392795 ], [ 80.180029342606346, 21.869980868611837 ], [ 80.190027376065231, 21.870030318916314 ] ] ] } },
{ "type": "Feature", "properties": { "zone_id": "r22_c14", "lat": 21.875, "lon": 80.195, "n_mineralized_obs": 1, "n_barren_obs": 0, "label_class": "mineralized", "conflict": false, "label": 1.0, "label_source": "REAL_GEOLOGICAL" }, "geometry": { "type": "Polygon", "coordinates": [ [ [ 80.200027040516403, 21.870030003174257 ], [ 80.199971364540247, 21.880018697968648 ], [ 80.189972610635991, 21.879969829821945 ], [ 80.190028982265929, 21.869981159582444 ], [ 80.200027040516403, 21.870030003174257 ] ] ] } },
{ "type": "Feature", "properties": { "zone_id": "r22_c15", "lat": 21.875, "lon": 80.205, "n_mineralized_obs": 1, "n_barren_obs": 0, "label_class": "mineralized", "conflict": false, "label": 1.0, "label_source": "REAL_GEOLOGICAL" }, "geometry": { "type": "Polygon", "coordinates": [ [ [ 80.210026704813714, 21.870029687584356 ], [ 80.209971724744562, 21.880018406691395 ], [ 80.19997294634797, 21.879970145563771 ], [ 80.200028622077696, 21.869981450706682 ], [ 80.210026704813714, 21.870029687584356 ] ] ] } },
{ "type": "Feature", "properties": { "zone_id": "r22_c16", "lat": 21.875, "lon": 80.215, "n_mineralized_obs": 1, "n_barren_obs": 0, "label_class": "mineralized", "conflict": false, "label": 1.0, "label_source": "REAL_GEOLOGICAL" }, "geometry": { "type": "Polygon", "coordinates": [ [ [ 80.220026368957178, 21.870029372146643 ], [ 80.219972084796623, 21.880018115260519 ], [ 80.209973282213852, 21.879970461153427 ], [ 80.210028262041675, 21.869981741984539 ], [ 80.220026368957178, 21.870029372146643 ] ] ] } },
{ "type": "Feature", "properties": { "zone_id": "r22_c17", "lat": 21.875, "lon": 80.225, "n_mineralized_obs": 1, "n_barren_obs": 0, "label_class": "mineralized", "conflict": false, "label": 1.0, "label_source": "REAL_GEOLOGICAL" }, "geometry": { "type": "Polygon", "coordinates": [ [ [ 80.230026032946782, 21.8700290568611 ], [ 80.229972444696429, 21.880017823676027 ], [ 80.21997361823361, 21.879970776590895 ], [ 80.220027902157824, 21.869982033416004 ], [ 80.230026032946782, 21.8700290568611 ] ] ] } },
{ "type": "Feature", "properties": { "zone_id": "r22_c18", "lat": 21.875, "lon": 80.235, "n_mineralized_obs": 1, "n_barren_obs": 0, "label_class": "mineralized", "conflict": false, "label": 1.0, "label_source": "REAL_GEOLOGICAL" }, "geometry": { "type": "Polygon", "coordinates": [ [ [ 80.240025696782553, 21.870028741727769 ], [ 80.239972804443994, 21.880017531937948 ], [ 80.229973954407228, 21.879971091876193 ], [ 80.230027542426214, 21.869982325001089 ], [ 80.240025696782553, 21.870028741727769 ] ] ] } },
{ "type": "Feature", "properties": { "zone_id": "r22_c19", "lat": 21.875, "lon": 80.245, "n_mineralized_obs": 0, "n_barren_obs": 1, "label_class": "barren", "conflict": false, "label": 0.0, "label_source": "REAL_GEOLOGICAL" }, "geometry": { "type": "Polygon", "coordinates": [ [ [ 80.25002536046452, 21.870028426746636 ], [ 80.249973164039289, 21.880017240046271 ], [ 80.23997429073475, 21.879971407009286 ], [ 80.240027182846831, 21.869982616739762 ], [ 80.25002536046452, 21.870028426746636 ] ] ] } },
{ "type": "Feature", "properties": { "zone_id": "r22_c20", "lat": 21.875, "lon": 80.255, "n_mineralized_obs": 0, "n_barren_obs": 1, "label_class": "barren", "conflict": false, "label": 0.0, "label_source": "REAL_GEOLOGICAL" }, "geometry": { "type": "Polygon", "coordinates": [ [ [ 80.26002502399264, 21.870028111917723 ], [ 80.259973523482287, 21.88001694800101 ], [ 80.249974627216105, 21.879971721990167 ], [ 80.250026823419674, 21.869982908632029 ], [ 80.26002502399264, 21.870028111917723 ] ] ] } },
{ "type": "Feature", "properties": { "zone_id": "r22_c21", "lat": 21.875, "lon": 80.265, "n_mineralized_obs": 0, "n_barren_obs": 1, "label_class": "barren", "conflict": false, "label": 0.0, "label_source": "REAL_GEOLOGICAL" }, "geometry": { "type": "Polygon", "coordinates": [ [ [ 80.27002468736697, 21.870027797241033 ], [ 80.269973882773002, 21.880016655802173 ], [ 80.25997496385132, 21.879972036818831 ], [ 80.260026464144786, 21.869983200677876 ], [ 80.27002468736697, 21.870027797241033 ] ] ] } },
{ "type": "Feature", "properties": { "zone_id": "r22_c22", "lat": 21.875, "lon": 80.275, "n_mineralized_obs": 0, "n_barren_obs": 1, "label_class": "barren", "conflict": false, "label": 0.0, "label_source": "REAL_GEOLOGICAL" }, "geometry": { "type": "Polygon", "coordinates": [ [ [ 80.28002435058751, 21.87002748271658 ], [ 80.279974241911418, 21.88001636344978 ], [ 80.269975300640368, 21.87997235149528 ], [ 80.27002610502214, 21.869983492877292 ], [ 80.28002435058751, 21.87002748271658 ] ] ] } },
{ "type": "Feature", "properties": { "zone_id": "r22_c23", "lat": 21.875, "lon": 80.285, "n_mineralized_obs": 0, "n_barren_obs": 1, "label_class": "barren", "conflict": false, "label": 0.0, "label_source": "REAL_GEOLOGICAL" }, "geometry": { "type": "Polygon", "coordinates": [ [ [ 80.290024013654261, 21.870027168344372 ], [ 80.289974600897509, 21.880016070943817 ], [ 80.27997563758322, 21.879972666019491 ], [ 80.280025746051763, 21.869983785230271 ], [ 80.290024013654261, 21.870027168344372 ] ] ] } },
{ "type": "Feature", "properties": { "zone_id": "r22_c24", "lat": 21.875, "lon": 80.295, "n_mineralized_obs": 0, "n_barren_obs": 1, "label_class": "barren", "conflict": false, "label": 0.0, "label_source": "REAL_GEOLOGICAL" }, "geometry": { "type": "Polygon", "coordinates": [ [ [ 80.300023676567235, 21.870026854124411 ], [ 80.299974959731287, 21.88001577828431 ], [ 80.289975974679919, 21.879972980391443 ], [ 80.290025387233683, 21.869984077736802 ], [ 80.300023676567235, 21.870026854124411 ] ] ] } },
{ "type": "Feature", "properties": { "zone_id": "r22_c25", "lat": 21.875, "lon": 80.305, "n_mineralized_obs": 0, "n_barren_obs": 1, "label_class": "barren", "conflict": false, "label": 0.0, "label_source": "REAL_GEOLOGICAL" }, "geometry": { "type": "Polygon", "coordinates": [ [ [ 80.310023339326463, 21.87002654005671 ], [ 80.309975318412725, 21.880015485471269 ], [ 80.299976311930422, 21.879973294611151 ], [ 80.300025028567887, 21.869984370396882 ], [ 80.310023339326463, 21.87002654005671 ] ] ] } },
{ "type": "Feature", "properties": { "zone_id": "r22_c26", "lat": 21.875, "lon": 80.315, "n_mineralized_obs": 0, "n_barren_obs": 1, "label_class": "barren", "conflict": false, "label": 0.0, "label_source": "REAL_GEOLOGICAL" }, "geometry": { "type": "Polygon", "coordinates": [ [ [ 80.320023001931929, 21.870026226141295 ], [ 80.319975676941823, 21.880015192504693 ], [ 80.3099766493347, 21.879973608678597 ], [ 80.310024670054403, 21.869984663210499 ], [ 80.320023001931929, 21.870026226141295 ] ] ] } },
{ "type": "Feature", "properties": { "zone_id": "r22_c27", "lat": 21.875, "lon": 80.325, "n_mineralized_obs": 0, "n_barren_obs": 1, "label_class": "barren", "conflict": false, "label": 0.0, "label_source": "REAL_GEOLOGICAL" }, "geometry": { "type": "Polygon", "coordinates": [ [ [ 80.330022664383634, 21.870025912378146 ], [ 80.329976035318566, 21.880014899384591 ], [ 80.319976986892783, 21.879973922593763 ], [ 80.320024311693217, 21.869984956177635 ], [ 80.330022664383634, 21.870025912378146 ] ] ] } },
{ "type": "Feature", "properties": { "zone_id": "r22_c28", "lat": 21.875, "lon": 80.335, "n_mineralized_obs": 0, "n_barren_obs": 1, "label_class": "barren", "conflict": false, "label": 0.0, "label_source": "REAL_GEOLOGICAL" }, "geometry": { "type": "Polygon", "coordinates": [ [ [ 80.340022326681606, 21.870025598767302 ], [ 80.339976393542926, 21.88001460611099 ], [ 80.329977324604627, 21.879974236356659 ], [ 80.330023953484343, 21.869985249298299 ], [ 80.340022326681606, 21.870025598767302 ] ] ] } },
{ "type": "Feature", "properties": { "zone_id": "r22_c29", "lat": 21.875, "lon": 80.345, "n_mineralized_obs": 0, "n_barren_obs": 1, "label_class": "barren", "conflict": false, "label": 0.0, "label_source": "REAL_GEOLOGICAL" }, "geometry": { "type": "Polygon", "coordinates": [ [ [ 80.350021988825887, 21.870025285308753 ], [ 80.349976751614932, 21.880014312683862 ], [ 80.339977662470261, 21.87997454996724 ], [ 80.340023595427837, 21.869985542572469 ], [ 80.350021988825887, 21.870025285308753 ] ] ] } },
{ "type": "Feature", "properties": { "zone_id": "r23_c00", "lat": 21.885, "lon": 80.055, "n_mineralized_obs": 0, "n_barren_obs": 1, "label_class": "barren", "conflict": false, "label": 0.0, "label_source": "REAL_GEOLOGICAL" }, "geometry": { "type": "Polygon", "coordinates": [ [ [ 80.060031738671327, 21.88003445385629 ], [ 80.059966287180558, 21.890022764048727 ], [ 80.049967912178829, 21.88996537695769 ], [ 80.050034059570095, 21.879977095588995 ], [ 80.060031738671327, 21.88003445385629 ] ] ] } },
{ "type": "Feature", "properties": { "zone_id": "r23_c01", "lat": 21.885, "lon": 80.065, "n_mineralized_obs": 0, "n_barren_obs": 1, "label_class": "barren", "conflict": false, "label": 0.0, "label_source": "REAL_GEOLOGICAL" }, "geometry": { "type": "Polygon", "coordinates": [ [ [ 80.070031404948125, 21.880034136026687 ], [ 80.069966649690528, 21.890022474812753 ], [ 80.05996824591071, 21.889965694939111 ], [ 80.06003369707679, 21.879977384671871 ], [ 80.070031404948125, 21.880034136026687 ] ] ] } },
{ "type": "Feature", "properties": { "zone_id": "r23_c02", "lat": 21.885, "lon": 80.075, "n_mineralized_obs": 0, "n_barren_obs": 1, "label_class": "barren", "conflict": false, "label": 0.0, "label_source": "REAL_GEOLOGICAL" }, "geometry": { "type": "Polygon", "coordinates": [ [ [ 80.080031071070948, 21.880033818349123 ], [ 80.079967012048428, 21.890022185423039 ], [ 80.069968579796651, 21.889966012768483 ], [ 80.070033334735541, 21.879977673908495 ], [ 80.080031071070948, 21.880033818349123 ] ] ] } },
{ "type": "Feature", "properties": { "zone_id": "r23_c03", "lat": 21.885, "lon": 80.085, "n_mineralized_obs": 0, "n_barren_obs": 1, "label_class": "barren", "conflict": false, "label": 0.0, "label_source": "REAL_GEOLOGICAL" }, "geometry": { "type": "Polygon", "coordinates": [ [ [ 80.090030737039754, 21.880033500823618 ], [ 80.089967374254201, 21.890021895879599 ], [ 80.079968913836609, 21.889966330445819 ], [ 80.08003297254632, 21.879977963298856 ], [ 80.090030737039754, 21.880033500823618 ] ] ] } },
{ "type": "Feature", "properties": { "zone_id": "r23_c04", "lat": 21.885, "lon": 80.095, "n_mineralized_obs": 0, "n_barren_obs": 1, "label_class": "barren", "conflict": false, "label": 0.0, "label_source": "REAL_GEOLOGICAL" }, "geometry": { "type": "Polygon", "coordinates": [ [ [ 80.100030402854628, 21.880033183450177 ], [ 80.099967736307903, 21.890021606182433 ], [ 80.089969248030599, 21.889966647971104 ], [ 80.090032610509212, 21.879978252842946 ], [ 80.100030402854628, 21.880033183450177 ] ] ] } },
{ "type": "Feature", "properties": { "zone_id": "r23_c05", "lat": 21.885, "lon": 80.105, "n_mineralized_obs": 0, "n_barren_obs": 1, "label_class": "barren", "conflict": false, "label": 0.0, "label_source": "REAL_GEOLOGICAL" }, "geometry": { "type": "Polygon", "coordinates": [ [ [ 80.110030068515499, 21.880032866228795 ], [ 80.109968098209478, 21.890021316331548 ], [ 80.099969582378591, 21.889966965344314 ], [ 80.100032248624146, 21.879978542540748 ], [ 80.110030068515499, 21.880032866228795 ] ] ] } },
{ "type": "Feature", "properties": { "zone_id": "r23_c06", "lat": 21.885, "lon": 80.115, "n_mineralized_obs": 0, "n_barren_obs": 1, "label_class": "barren", "conflict": false, "label": 0.0, "label_source": "REAL_GEOLOGICAL" }, "geometry": { "type": "Polygon", "coordinates": [ [ [ 80.120029734022424, 21.880032549159512 ], [ 80.119968459958898, 21.890021026326963 ], [ 80.109969916880559, 21.889967282565458 ], [ 80.11003188689115, 21.879978832392279 ], [ 80.120029734022424, 21.880032549159512 ] ] ] } },
{ "type": "Feature", "properties": { "zone_id": "r23_c07", "lat": 21.885, "lon": 80.125, "n_mineralized_obs": 0, "n_barren_obs": 1, "label_class": "barren", "conflict": false, "label": 0.0, "label_source": "REAL_GEOLOGICAL" }, "geometry": { "type": "Polygon", "coordinates": [ [ [ 80.130029399375417, 21.880032232242314 ], [ 80.129968821556218, 21.89002073616868 ], [ 80.119970251536543, 21.889967599634513 ], [ 80.120031525310281, 21.87997912239749 ], [ 80.130029399375417, 21.880032232242314 ] ] ] } },
{ "type": "Feature", "properties": { "zone_id": "r23_c08", "lat": 21.885, "lon": 80.135, "n_mineralized_obs": 0, "n_barren_obs": 1, "label_class": "barren", "conflict": false, "label": 0.0, "label_source": "REAL_GEOLOGICAL" }, "geometry": { "type": "Polygon", "coordinates": [ [ [ 80.140029064574463, 21.880031915477222 ], [ 80.139969183001369, 21.89002044585671 ], [ 80.129970586346502, 21.88996791655148 ], [ 80.130031163881512, 21.879979412556406 ], [ 80.140029064574463, 21.880031915477222 ] ] ] } },
{ "type": "Feature", "properties": { "zone_id": "r23_c09", "lat": 21.885, "lon": 80.145, "n_mineralized_obs": 0, "n_barren_obs": 1, "label_class": "barren", "conflict": false, "label": 0.0, "label_source": "REAL_GEOLOGICAL" }, "geometry": { "type": "Polygon", "coordinates": [ [ [ 80.150028729619592, 21.880031598864235 ], [ 80.149969544294365, 21.890020155391063 ], [ 80.139970921310422, 21.889968233316353 ], [ 80.140030802604855, 21.879979702869012 ], [ 80.150028729619592, 21.880031598864235 ] ] ] } },
{ "type": "Feature", "properties": { "zone_id": "r23_c10", "lat": 21.885, "lon": 80.155, "n_mineralized_obs": 0, "n_barren_obs": 1, "label_class": "barren", "conflict": false, "label": 0.0, "label_source": "REAL_GEOLOGICAL" }, "geometry": { "type": "Polygon", "coordinates": [ [ [ 80.160028394510803, 21.88003128240338 ], [ 80.159969905435176, 21.890019864771745 ], [ 80.149971256428287, 21.889968549929105 ], [ 80.15003044148034, 21.879979993335283 ], [ 80.160028394510803, 21.88003128240338 ] ] ] } },
{ "type": "Feature", "properties": { "zone_id": "r23_c11", "lat": 21.885, "lon": 80.165, "n_mineralized_obs": 1, "n_barren_obs": 0, "label_class": "mineralized", "conflict": false, "label": 1.0, "label_source": "REAL_GEOLOGICAL" }, "geometry": { "type": "Polygon", "coordinates": [ [ [ 80.170028059248111, 21.880030966094626 ], [ 80.169970266423832, 21.890019573998746 ], [ 80.159971591700142, 21.889968866389722 ], [ 80.160030080507966, 21.87998028395522 ], [ 80.170028059248111, 21.880030966094626 ] ] ] } },
{ "type": "Feature", "properties": { "zone_id": "r23_c12", "lat": 21.885, "lon": 80.175, "n_mineralized_obs": 1, "n_barren_obs": 0, "label_class": "mineralized", "conflict": false, "label": 1.0, "label_source": "REAL_GEOLOGICAL" }, "geometry": { "type": "Polygon", "coordinates": [ [ [ 80.1800277238315, 21.880030649938039 ], [ 80.179970627260246, 21.890019283072117 ], [ 80.169971927125886, 21.889969182698227 ], [ 80.170029719687719, 21.879980574728823 ], [ 80.1800277238315, 21.880030649938039 ] ] ] } },
{ "type": "Feature", "properties": { "zone_id": "r23_c13", "lat": 21.885, "lon": 80.185, "n_mineralized_obs": 1, "n_barren_obs": 0, "label_class": "mineralized", "conflict": false, "label": 1.0, "label_source": "REAL_GEOLOGICAL" }, "geometry": { "type": "Polygon", "coordinates": [ [ [ 80.190027388261029, 21.880030333933586 ], [ 80.189970987944506, 21.890018991991827 ], [ 80.179972262705576, 21.889969498854583 ], [ 80.180029359019642, 21.879980865656076 ], [ 80.190027388261029, 21.880030333933586 ] ] ] } },
{ "type": "Feature", "properties": { "zone_id": "r23_c14", "lat": 21.885, "lon": 80.195, "n_mineralized_obs": 1, "n_barren_obs": 0, "label_class": "mineralized", "conflict": false, "label": 1.0, "label_source": "REAL_GEOLOGICAL" }, "geometry": { "type": "Polygon", "coordinates": [ [ [ 80.200027052536669, 21.880030018081293 ], [ 80.199971348476524, 21.890018700757913 ], [ 80.189972598439184, 21.889969814858791 ], [ 80.190028998503749, 21.879981156736957 ], [ 80.200027052536669, 21.880030018081293 ] ] ] } },
{ "type": "Feature", "properties": { "zone_id": "r23_c15", "lat": 21.885, "lon": 80.205, "n_mineralized_obs": 1, "n_barren_obs": 0, "label_class": "mineralized", "conflict": false, "label": 1.0, "label_source": "REAL_GEOLOGICAL" }, "geometry": { "type": "Polygon", "coordinates": [ [ [ 80.210026716658462, 21.880029702381179 ], [ 80.209971708856315, 21.89001840937037 ], [ 80.199972934326709, 21.88997013071085 ], [ 80.20002863814004, 21.879981447971481 ], [ 80.210026716658462, 21.880029702381179 ] ] ] } },
{ "type": "Feature", "properties": { "zone_id": "r23_c16", "lat": 21.885, "lon": 80.215, "n_mineralized_obs": 1, "n_barren_obs": 0, "label_class": "mineralized", "conflict": false, "label": 1.0, "label_source": "REAL_GEOLOGICAL" }, "geometry": { "type": "Polygon", "coordinates": [ [ [ 80.220026380626393, 21.880029386833233 ], [ 80.219972069083894, 21.890018117829211 ], [ 80.209973270368124, 21.889970446410736 ], [ 80.210028277928529, 21.879981739359636 ], [ 80.220026380626393, 21.880029386833233 ] ] ] } },
{ "type": "Feature", "properties": { "zone_id": "r23_c17", "lat": 21.885, "lon": 80.225, "n_mineralized_obs": 0, "n_barren_obs": 1, "label_class": "barren", "conflict": false, "label": 0.0, "label_source": "REAL_GEOLOGICAL" }, "geometry": { "type": "Polygon", "coordinates": [ [ [ 80.230026044440464, 21.880029071437473 ], [ 80.22997242915919, 21.890017826134436 ], [ 80.219973606563414, 21.889970761958434 ], [ 80.220027917869189, 21.879982030901395 ], [ 80.230026044440464, 21.880029071437473 ] ] ] } },
{ "type": "Feature", "properties": { "zone_id": "r23_c18", "lat": 21.885, "lon": 80.235, "n_mineralized_obs": 0, "n_barren_obs": 1, "label_class": "barren", "conflict": false, "label": 0.0, "label_source": "REAL_GEOLOGICAL" }, "geometry": { "type": "Polygon", "coordinates": [ [ [ 80.240025708100717, 21.880028756193909 ], [ 80.239972789082245, 21.890017534286066 ], [ 80.229973942912594, 21.889971077353948 ], [ 80.230027557962103, 21.87998232259676 ], [ 80.240025708100717, 21.880028756193909 ] ] ] } },
{ "type": "Feature", "properties": { "zone_id": "r23_c19", "lat": 21.885, "lon": 80.245, "n_mineralized_obs": 0, "n_barren_obs": 1, "label_class": "barren", "conflict": false, "label": 0.0, "label_source": "REAL_GEOLOGICAL" }, "geometry": { "type": "Polygon", "coordinates": [ [ [ 80.250025371607151, 21.880028441102546 ], [ 80.249973148853059, 21.890017242284099 ], [ 80.239974279415648, 21.889971392597264 ], [ 80.24002719820723, 21.879982614445716 ], [ 80.250025371607151, 21.880028441102546 ] ] ] } },
{ "type": "Feature", "properties": { "zone_id": "r23_c20", "lat": 21.885, "lon": 80.255, "n_mineralized_obs": 0, "n_barren_obs": 1, "label_class": "barren", "conflict": false, "label": 0.0, "label_source": "REAL_GEOLOGICAL" }, "geometry": { "type": "Polygon", "coordinates": [ [ [ 80.260025034959739, 21.880028126163403 ], [ 80.259973508471546, 21.890016950128548 ], [ 80.249974616072549, 21.889971707688378 ], [ 80.250026838604583, 21.879982906448273 ], [ 80.260025034959739, 21.880028126163403 ] ] ] } },
{ "type": "Feature", "properties": { "zone_id": "r23_c21", "lat": 21.885, "lon": 80.265, "n_mineralized_obs": 0, "n_barren_obs": 1, "label_class": "barren", "conflict": false, "label": 0.0, "label_source": "REAL_GEOLOGICAL" }, "geometry": { "type": "Polygon", "coordinates": [ [ [ 80.270024698158551, 21.880027811376497 ], [ 80.269973867937779, 21.890016657819434 ], [ 80.259974952883297, 21.889972022627276 ], [ 80.260026479154206, 21.879983198604414 ], [ 80.270024698158551, 21.880027811376497 ] ] ] } },
{ "type": "Feature", "properties": { "zone_id": "r23_c22", "lat": 21.885, "lon": 80.275, "n_mineralized_obs": 0, "n_barren_obs": 1, "label_class": "barren", "conflict": false, "label": 0.0, "label_source": "REAL_GEOLOGICAL" }, "geometry": { "type": "Polygon", "coordinates": [ [ [ 80.280024361203559, 21.88002749674181 ], [ 80.279974227251699, 21.89001636535674 ], [ 80.269975289847892, 21.889972337413944 ], [ 80.270026119856084, 21.879983490914125 ], [ 80.280024361203559, 21.88002749674181 ] ] ] } },
{ "type": "Feature", "properties": { "zone_id": "r23_c23", "lat": 21.885, "lon": 80.285, "n_mineralized_obs": 0, "n_barren_obs": 1, "label_class": "barren", "conflict": false, "label": 0.0, "label_source": "REAL_GEOLOGICAL" }, "geometry": { "type": "Polygon", "coordinates": [ [ [ 80.290024024094777, 21.880027182259369 ], [ 80.28997458641328, 21.890016072740501 ], [ 80.279975626966291, 21.889972652048389 ], [ 80.280025760710217, 21.879983783377394 ], [ 80.290024024094777, 21.880027182259369 ] ] ] } },
{ "type": "Feature", "properties": { "zone_id": "r23_c24", "lat": 21.885, "lon": 80.295, "n_mineralized_obs": 0, "n_barren_obs": 1, "label_class": "barren", "conflict": false, "label": 0.0, "label_source": "REAL_GEOLOGICAL" }, "geometry": { "type": "Polygon", "coordinates": [ [ [ 80.300023686832233, 21.880026867929182 ], [ 80.299974945422562, 21.8900157799707 ], [ 80.289975964238536, 21.889972966530571 ], [ 80.290025401716647, 21.879984075994212 ], [ 80.300023686832233, 21.880026867929182 ] ] ] } },
{ "type": "Feature", "properties": { "zone_id": "r23_c25", "lat": 21.885, "lon": 80.305, "n_mineralized_obs": 0, "n_barren_obs": 1, "label_class": "barren", "conflict": false, "label": 0.0, "label_source": "REAL_GEOLOGICAL" }, "geometry": { "type": "Polygon", "coordinates": [ [ [ 80.310023349415928, 21.880026553751254 ], [ 80.309975304279519, 21.890015487047375 ], [ 80.299976301664572, 21.889973280860513 ], [ 80.300025042875362, 21.879984368764568 ], [ 80.310023349415928, 21.880026553751254 ] ] ] } },
{ "type": "Feature", "properties": { "zone_id": "r23_c26", "lat": 21.885, "lon": 80.315, "n_mineralized_obs": 0, "n_barren_obs": 1, "label_class": "barren", "conflict": false, "label": 0.0, "label_source": "REAL_GEOLOGICAL" }, "geometry": { "type": "Polygon", "coordinates": [ [ [ 80.320023011845848, 21.880026239725595 ], [ 80.319975662984106, 21.890015193970513 ], [ 80.309976639244411, 21.889973595038182 ], [ 80.310024684186374, 21.879984661688471 ], [ 80.320023011845848, 21.880026239725595 ] ] ] } },
{ "type": "Feature", "properties": { "zone_id": "r23_c27", "lat": 21.885, "lon": 80.325, "n_mineralized_obs": 0, "n_barren_obs": 1, "label_class": "barren", "conflict": false, "label": 0.0, "label_source": "REAL_GEOLOGICAL" }, "geometry": { "type": "Polygon", "coordinates": [ [ [ 80.330022674122034, 21.88002592585222 ], [ 80.329976021536353, 21.890014900740127 ], [ 80.319976976978026, 21.889973909063592 ], [ 80.320024325649712, 21.879984954765906 ], [ 80.330022674122034, 21.88002592585222 ] ] ] } },
{ "type": "Feature", "properties": { "zone_id": "r23_c28", "lat": 21.885, "lon": 80.335, "n_mineralized_obs": 0, "n_barren_obs": 1, "label_class": "barren", "conflict": false, "label": 0.0, "label_source": "REAL_GEOLOGICAL" }, "geometry": { "type": "Polygon", "coordinates": [ [ [ 80.340022336244473, 21.880025612131135 ], [ 80.339976379936232, 21.890014607356225 ], [ 80.329977314865417, 21.889974222936704 ], [ 80.330023967265362, 21.879985247996849 ], [ 80.340022336244473, 21.880025612131135 ] ] ] } },
{ "type": "Feature", "properties": { "zone_id": "r23_c29", "lat": 21.885, "lon": 80.345, "n_mineralized_obs": 0, "n_barren_obs": 1, "label_class": "barren", "conflict": false, "label": 0.0, "label_source": "REAL_GEOLOGICAL" }, "geometry": { "type": "Polygon", "coordinates": [ [ [ 80.350021998213222, 21.880025298562348 ], [ 80.349976738183742, 21.890014313818817 ], [ 80.339977652906583, 21.889974536657533 ], [ 80.340023609033352, 21.879985541381309 ], [ 80.350021998213222, 21.880025298562348 ] ] ] } },
{ "type": "Feature", "properties": { "zone_id": "r24_c00", "lat": 21.895, "lon": 80.055, "n_mineralized_obs": 0, "n_barren_obs": 1, "label_class": "barren", "conflict": false, "label": 0.0, "label_source": "REAL_GEOLOGICAL" }, "geometry": { "type": "Polygon", "coordinates": [ [ [ 80.060031753150525, 21.890034470305086 ], [ 80.059966268656879, 21.900022768376303 ], [ 80.049967897522876, 21.8999653604528 ], [ 80.050034078267643, 21.889977091205189 ], [ 80.060031753150525, 21.890034470305086 ] ] ] } },
{ "type": "Feature", "properties": { "zone_id": "r24_c01", "lat": 21.895, "lon": 80.065, "n_mineralized_obs": 0, "n_barren_obs": 1, "label_class": "barren", "conflict": false, "label": 0.0, "label_source": "REAL_GEOLOGICAL" }, "geometry": { "type": "Polygon", "coordinates": [ [ [ 80.070031419251762, 21.89003415236531 ], [ 80.069966631342353, 21.900022479030081 ], [ 80.059968231430318, 21.899965678544397 ], [ 80.060033715598834, 21.889977380398324 ], [ 80.070031419251762, 21.89003415236531 ] ] ] } },
{ "type": "Feature", "properties": { "zone_id": "r24_c02", "lat": 21.895, "lon": 80.075, "n_mineralized_obs": 0, "n_barren_obs": 1, "label_class": "barren", "conflict": false, "label": 0.0, "label_source": "REAL_GEOLOGICAL" }, "geometry": { "type": "Polygon", "coordinates": [ [ [ 80.080031085199053, 21.890033834577558 ], [ 80.079966993875772, 21.900022189530116 ], [ 80.069968565491834, 21.899965996483953 ], [ 80.070033353082096, 21.889977669745196 ], [ 80.080031085199053, 21.890033834577558 ] ] ] } },
{ "type": "Feature", "properties": { "zone_id": "r24_c03", "lat": 21.895, "lon": 80.085, "n_mineralized_obs": 0, "n_barren_obs": 1, "label_class": "barren", "conflict": false, "label": 0.0, "label_source": "REAL_GEOLOGICAL" }, "geometry": { "type": "Polygon", "coordinates": [ [ [ 80.090030750992298, 21.89003351694188 ], [ 80.089967356257063, 21.900021899876414 ], [ 80.079968899707353, 21.899966314271467 ], [ 80.080032990717385, 21.889977959245815 ], [ 80.090030750992298, 21.89003351694188 ] ] ] } },
{ "type": "Feature", "properties": { "zone_id": "r24_c04", "lat": 21.895, "lon": 80.095, "n_mineralized_obs": 0, "n_barren_obs": 1, "label_class": "barren", "conflict": false, "label": 0.0, "label_source": "REAL_GEOLOGICAL" }, "geometry": { "type": "Polygon", "coordinates": [ [ [ 80.100030416631611, 21.890033199458255 ], [ 80.099967718486269, 21.900021610069004 ], [ 80.089969234076904, 21.899966631906921 ], [ 80.090032628504758, 21.889978248900157 ], [ 80.100030416631611, 21.890033199458255 ] ] ] } },
{ "type": "Feature", "properties": { "zone_id": "r24_c05", "lat": 21.895, "lon": 80.105, "n_mineralized_obs": 0, "n_barren_obs": 1, "label_class": "barren", "conflict": false, "label": 0.0, "label_source": "REAL_GEOLOGICAL" }, "geometry": { "type": "Polygon", "coordinates": [ [ [ 80.11003008211695, 21.890032882126707 ], [ 80.109968080563362, 21.900021320107872 ], [ 80.099969568600457, 21.899966949390322 ], [ 80.100032266444188, 21.889978538708217 ], [ 80.11003008211695, 21.890032882126707 ] ] ] } },
{ "type": "Feature", "properties": { "zone_id": "r24_c06", "lat": 21.895, "lon": 80.115, "n_mineralized_obs": 0, "n_barren_obs": 1, "label_class": "barren", "conflict": false, "label": 0.0, "label_source": "REAL_GEOLOGICAL" }, "geometry": { "type": "Polygon", "coordinates": [ [ [ 80.120029747448314, 21.890032564947234 ], [ 80.1199684424883, 21.900021029993027 ], [ 80.109969903277999, 21.899967266721653 ], [ 80.110031904535703, 21.889978828669985 ], [ 80.120029747448314, 21.890032564947234 ] ] ] } },
{ "type": "Feature", "properties": { "zone_id": "r24_c07", "lat": 21.895, "lon": 80.125, "n_mineralized_obs": 0, "n_barren_obs": 1, "label_class": "barren", "conflict": false, "label": 0.0, "label_source": "REAL_GEOLOGICAL" }, "geometry": { "type": "Polygon", "coordinates": [ [ [ 80.13002941262576, 21.890032247919855 ], [ 80.129968804261139, 21.900020739724493 ], [ 80.119970238109545, 21.899967583900885 ], [ 80.120031542779344, 21.889979118785458 ], [ 80.13002941262576, 21.890032247919855 ] ] ] } },
{ "type": "Feature", "properties": { "zone_id": "r24_c08", "lat": 21.895, "lon": 80.135, "n_mineralized_obs": 0, "n_barren_obs": 1, "label_class": "barren", "conflict": false, "label": 0.0, "label_source": "REAL_GEOLOGICAL" }, "geometry": { "type": "Polygon", "coordinates": [ [ [ 80.14002907764926, 21.890031931044575 ], [ 80.139969165881809, 21.900020449302264 ], [ 80.129970573095065, 21.899967900928033 ], [ 80.13003118117507, 21.889979409054618 ], [ 80.14002907764926, 21.890031931044575 ] ] ] } },
{ "type": "Feature", "properties": { "zone_id": "r24_c09", "lat": 21.895, "lon": 80.145, "n_mineralized_obs": 0, "n_barren_obs": 1, "label_class": "barren", "conflict": false, "label": 0.0, "label_source": "REAL_GEOLOGICAL" }, "geometry": { "type": "Polygon", "coordinates": [ [ [ 80.150028742518828, 21.890031614321401 ], [ 80.149969527350322, 21.900020158726363 ], [ 80.139970908234531, 21.899968217803075 ], [ 80.140030819722909, 21.889979699477472 ], [ 80.150028742518828, 21.890031614321401 ] ] ] } },
{ "type": "Feature", "properties": { "zone_id": "r24_c10", "lat": 21.895, "lon": 80.155, "n_mineralized_obs": 0, "n_barren_obs": 1, "label_class": "barren", "conflict": false, "label": 0.0, "label_source": "REAL_GEOLOGICAL" }, "geometry": { "type": "Polygon", "coordinates": [ [ [ 80.160028407234492, 21.890031297750362 ], [ 80.159969888666652, 21.9000198679968 ], [ 80.149971243527986, 21.899968534526021 ], [ 80.150030458422876, 21.889979990054005 ], [ 80.160028407234492, 21.890031297750362 ] ] ] } },
{ "type": "Feature", "properties": { "zone_id": "r24_c11", "lat": 21.895, "lon": 80.165, "n_mineralized_obs": 0, "n_barren_obs": 1, "label_class": "barren", "conflict": false, "label": 0.0, "label_source": "REAL_GEOLOGICAL" }, "geometry": { "type": "Polygon", "coordinates": [ [ [ 80.170028071796253, 21.890030981331435 ], [ 80.169970249830826, 21.900019577113557 ], [ 80.159971578975387, 21.89996885109683 ], [ 80.160030097275012, 21.889980280784197 ], [ 80.170028071796253, 21.890030981331435 ] ] ] } },
{ "type": "Feature", "properties": { "zone_id": "r24_c12", "lat": 21.895, "lon": 80.175, "n_mineralized_obs": 0, "n_barren_obs": 1, "label_class": "barren", "conflict": false, "label": 0.0, "label_source": "REAL_GEOLOGICAL" }, "geometry": { "type": "Polygon", "coordinates": [ [ [ 80.180027736204096, 21.890030665064657 ], [ 80.179970610842773, 21.900019286076674 ], [ 80.169971914576706, 21.899969167515515 ], [ 80.170029736279261, 21.889980571668051 ], [ 80.180027736204096, 21.890030665064657 ] ] ] } },
{ "type": "Feature", "properties": { "zone_id": "r24_c13", "lat": 21.895, "lon": 80.185, "n_mineralized_obs": 0, "n_barren_obs": 1, "label_class": "barren", "conflict": false, "label": 0.0, "label_source": "REAL_GEOLOGICAL" }, "geometry": { "type": "Polygon", "coordinates": [ [ [ 80.190027400458064, 21.89003034895002 ], [ 80.189970971702536, 21.900018994886135 ], [ 80.179972250331957, 21.899969483782066 ], [ 80.180029375435694, 21.889980862705549 ], [ 80.190027400458064, 21.89003034895002 ] ] ] } },
{ "type": "Feature", "properties": { "zone_id": "r24_c14", "lat": 21.895, "lon": 80.195, "n_mineralized_obs": 0, "n_barren_obs": 1, "label_class": "barren", "conflict": false, "label": 0.0, "label_source": "REAL_GEOLOGICAL" }, "geometry": { "type": "Polygon", "coordinates": [ [ [ 80.200027064558157, 21.890030032987543 ], [ 80.199971332410087, 21.900018703541971 ], [ 80.189972586241126, 21.899969799896457 ], [ 80.190029014744269, 21.889981153896699 ], [ 80.200027064558157, 21.890030032987543 ] ] ] } },
{ "type": "Feature", "properties": { "zone_id": "r24_c15", "lat": 21.895, "lon": 80.205, "n_mineralized_obs": 0, "n_barren_obs": 1, "label_class": "barren", "conflict": false, "label": 0.0, "label_source": "REAL_GEOLOGICAL" }, "geometry": { "type": "Polygon", "coordinates": [ [ [ 80.210026728504388, 21.890029717177235 ], [ 80.209971692965411, 21.900018412044179 ], [ 80.199972922304212, 21.8999701158587 ], [ 80.200028654205056, 21.889981445241467 ], [ 80.210026728504388, 21.890029717177235 ] ] ] } },
{ "type": "Feature", "properties": { "zone_id": "r24_c16", "lat": 21.895, "lon": 80.215, "n_mineralized_obs": 0, "n_barren_obs": 1, "label_class": "barren", "conflict": false, "label": 0.0, "label_source": "REAL_GEOLOGICAL" }, "geometry": { "type": "Polygon", "coordinates": [ [ [ 80.220026392296774, 21.890029401519101 ], [ 80.219972053368494, 21.900018120392762 ], [ 80.209973258521202, 21.899970431668763 ], [ 80.210028293818041, 21.889981736739866 ], [ 80.220026392296774, 21.890029401519101 ] ] ] } },
{ "type": "Feature", "properties": { "zone_id": "r24_c17", "lat": 21.895, "lon": 80.225, "n_mineralized_obs": 0, "n_barren_obs": 1, "label_class": "barren", "conflict": false, "label": 0.0, "label_source": "REAL_GEOLOGICAL" }, "geometry": { "type": "Polygon", "coordinates": [ [ [ 80.230026055935298, 21.890029086013154 ], [ 80.229972413619336, 21.900017828587739 ], [ 80.219973594892053, 21.899970747326659 ], [ 80.220027933583211, 21.889982028391877 ], [ 80.230026055935298, 21.890029086013154 ] ] ] } },
{ "type": "Feature", "properties": { "zone_id": "r24_c18", "lat": 21.895, "lon": 80.235, "n_mineralized_obs": 0, "n_barren_obs": 1, "label_class": "barren", "conflict": false, "label": 0.0, "label_source": "REAL_GEOLOGICAL" }, "geometry": { "type": "Polygon", "coordinates": [ [ [ 80.24002571941999, 21.890028770659395 ], [ 80.239972773717909, 21.900017536629111 ], [ 80.229973931416808, 21.899971062832357 ], [ 80.230027573500593, 21.889982320197497 ], [ 80.24002571941999, 21.890028770659395 ] ] ] } },
{ "type": "Feature", "properties": { "zone_id": "r24_c19", "lat": 21.895, "lon": 80.245, "n_mineralized_obs": 0, "n_barren_obs": 1, "label_class": "barren", "conflict": false, "label": 0.0, "label_source": "REAL_GEOLOGICAL" }, "geometry": { "type": "Polygon", "coordinates": [ [ [ 80.250025382750863, 21.890028455457855 ], [ 80.249973133664241, 21.900017244516906 ], [ 80.239974268095423, 21.899971378185874 ], [ 80.240027213570229, 21.889982612156714 ], [ 80.250025382750863, 21.890028455457855 ] ] ] } },
{ "type": "Feature", "properties": { "zone_id": "r24_c20", "lat": 21.895, "lon": 80.255, "n_mineralized_obs": 0, "n_barren_obs": 1, "label_class": "barren", "conflict": false, "label": 0.0, "label_source": "REAL_GEOLOGICAL" }, "geometry": { "type": "Polygon", "coordinates": [ [ [ 80.260025045927904, 21.890028140408521 ], [ 80.259973493458261, 21.9000169522511 ], [ 80.249974604927885, 21.899971693387172 ], [ 80.250026853792079, 21.88998290426952 ], [ 80.260025045927904, 21.890028140408521 ] ] ] } },
{ "type": "Feature", "properties": { "zone_id": "r24_c21", "lat": 21.895, "lon": 80.265, "n_mineralized_obs": 0, "n_barren_obs": 1, "label_class": "barren", "conflict": false, "label": 0.0, "label_source": "REAL_GEOLOGICAL" }, "geometry": { "type": "Polygon", "coordinates": [ [ [ 80.270024708951169, 21.890027825511403 ], [ 80.269973853100026, 21.900016659831728 ], [ 80.259974941914209, 21.899972008436258 ], [ 80.260026494166183, 21.889983196535905 ], [ 80.270024708951169, 21.890027825511403 ] ] ] } },
{ "type": "Feature", "properties": { "zone_id": "r24_c22", "lat": 21.895, "lon": 80.275, "n_mineralized_obs": 0, "n_barren_obs": 1, "label_class": "barren", "conflict": false, "label": 0.0, "label_source": "REAL_GEOLOGICAL" }, "geometry": { "type": "Polygon", "coordinates": [ [ [ 80.280024371820616, 21.890027510766529 ], [ 80.279974212589465, 21.900016367258793 ], [ 80.269975279054378, 21.89997232333312 ], [ 80.270026134692557, 21.88998348895586 ], [ 80.280024371820616, 21.890027510766529 ] ] ] } },
{ "type": "Feature", "properties": { "zone_id": "r24_c23", "lat": 21.895, "lon": 80.285, "n_mineralized_obs": 0, "n_barren_obs": 1, "label_class": "barren", "conflict": false, "label": 0.0, "label_source": "REAL_GEOLOGICAL" }, "geometry": { "type": "Polygon", "coordinates": [ [ [ 80.290024034536287, 21.8900271961739 ], [ 80.289974571926578, 21.900016074532292 ], [ 80.279975616348338, 21.899972638077745 ], [ 80.280025775371172, 21.889983781529377 ], [ 80.290024034536287, 21.8900271961739 ] ] ] } },
{ "type": "Feature", "properties": { "zone_id": "r24_c24", "lat": 21.895, "lon": 80.295, "n_mineralized_obs": 0, "n_barren_obs": 1, "label_class": "barren", "conflict": false, "label": 0.0, "label_source": "REAL_GEOLOGICAL" }, "geometry": { "type": "Polygon", "coordinates": [ [ [ 80.300023697098197, 21.890026881733508 ], [ 80.299974931111393, 21.900015781652254 ], [ 80.289975953796144, 21.899972952670137 ], [ 80.290025416202099, 21.889984074256446 ], [ 80.300023697098197, 21.890026881733508 ] ] ] } },
{ "type": "Feature", "properties": { "zone_id": "r24_c25", "lat": 21.895, "lon": 80.305, "n_mineralized_obs": 0, "n_barren_obs": 1, "label_class": "barren", "conflict": false, "label": 0.0, "label_source": "REAL_GEOLOGICAL" }, "geometry": { "type": "Polygon", "coordinates": [ [ [ 80.310023359506317, 21.890026567445386 ], [ 80.309975290143882, 21.900015488618667 ], [ 80.299976291397755, 21.899973267110262 ], [ 80.300025057185294, 21.889984367137057 ], [ 80.310023359506317, 21.890026567445386 ] ] ] } },
{ "type": "Feature", "properties": { "zone_id": "r24_c26", "lat": 21.895, "lon": 80.315, "n_mineralized_obs": 0, "n_barren_obs": 1, "label_class": "barren", "conflict": false, "label": 0.0, "label_source": "REAL_GEOLOGICAL" }, "geometry": { "type": "Polygon", "coordinates": [ [ [ 80.320023021760704, 21.890026253309543 ], [ 80.319975649024002, 21.90001519543156 ], [ 80.309976629153155, 21.899973581398136 ], [ 80.310024698320788, 21.889984660171216 ], [ 80.320023021760704, 21.890026253309543 ] ] ] } },
{ "type": "Feature", "properties": { "zone_id": "r24_c27", "lat": 21.895, "lon": 80.325, "n_mineralized_obs": 0, "n_barren_obs": 1, "label_class": "barren", "conflict": false, "label": 0.0, "label_source": "REAL_GEOLOGICAL" }, "geometry": { "type": "Polygon", "coordinates": [ [ [ 80.33002268386133, 21.89002593932597 ], [ 80.329976007751782, 21.900014902090927 ], [ 80.319976967062345, 21.89997389553373 ], [ 80.320024339608608, 21.889984953358898 ], [ 80.33002268386133, 21.89002593932597 ] ] ] } },
{ "type": "Feature", "properties": { "zone_id": "r24_c28", "lat": 21.895, "lon": 80.335, "n_mineralized_obs": 0, "n_barren_obs": 1, "label_class": "barren", "conflict": false, "label": 0.0, "label_source": "REAL_GEOLOGICAL" }, "geometry": { "type": "Polygon", "coordinates": [ [ [ 80.340022345808222, 21.890025625494687 ], [ 80.339976366327193, 21.900014608596781 ], [ 80.329977305125297, 21.899974209517044 ], [ 80.33002398104874, 21.889985246700085 ], [ 80.340022345808222, 21.890025625494687 ] ] ] } },
{ "type": "Feature", "properties": { "zone_id": "r24_c29", "lat": 21.895, "lon": 80.345, "n_mineralized_obs": 0, "n_barren_obs": 1, "label_class": "barren", "conflict": false, "label": 0.0, "label_source": "REAL_GEOLOGICAL" }, "geometry": { "type": "Polygon", "coordinates": [ [ [ 80.35002200760141, 21.890025311815709 ], [ 80.349976724750235, 21.900014314949129 ], [ 80.339977643342024, 21.899974523348067 ], [ 80.340023622641212, 21.889985540194797 ], [ 80.35002200760141, 21.890025311815709 ] ] ] } },
{ "type": "Feature", "properties": { "zone_id": "r25_c00", "lat": 21.905, "lon": 80.055, "n_mineralized_obs": 0, "n_barren_obs": 1, "label_class": "barren", "conflict": false, "label": 0.0, "label_source": "REAL_GEOLOGICAL" }, "geometry": { "type": "Polygon", "coordinates": [ [ [ 80.060031767631273, 21.900034486752567 ], [ 80.059966250130159, 21.910022772698159 ], [ 80.049967882865346, 21.909965343949263 ], [ 80.050034096968247, 21.899977086827143 ], [ 80.060031767631273, 21.900034486752567 ] ] ] } },
{ "type": "Feature", "properties": { "zone_id": "r25_c01", "lat": 21.905, "lon": 80.065, "n_mineralized_obs": 0, "n_barren_obs": 1, "label_class": "barren", "conflict": false, "label": 0.0, "label_source": "REAL_GEOLOGICAL" }, "geometry": { "type": "Polygon", "coordinates": [ [ [ 80.070031433556963, 21.90003416870265 ], [ 80.069966612991166, 21.910022483241711 ], [ 80.059968216948377, 21.909965662150988 ], [ 80.060033734123905, 21.899977376130494 ], [ 80.070031433556963, 21.90003416870265 ] ] ] } },
{ "type": "Feature", "properties": { "zone_id": "r25_c02", "lat": 21.905, "lon": 80.075, "n_mineralized_obs": 0, "n_barren_obs": 1, "label_class": "barren", "conflict": false, "label": 0.0, "label_source": "REAL_GEOLOGICAL" }, "geometry": { "type": "Polygon", "coordinates": [ [ [ 80.08003109932865, 21.900033850804768 ], [ 80.079966975700117, 21.910022193631537 ], [ 80.069968551185482, 21.909965980200688 ], [ 80.070033371431663, 21.899977665587581 ], [ 80.08003109932865, 21.900033850804768 ] ] ] } },
{ "type": "Feature", "properties": { "zone_id": "r25_c03", "lat": 21.905, "lon": 80.085, "n_mineralized_obs": 0, "n_barren_obs": 1, "label_class": "barren", "conflict": false, "label": 0.0, "label_source": "REAL_GEOLOGICAL" }, "geometry": { "type": "Polygon", "coordinates": [ [ [ 80.090030764946334, 21.900033533058949 ], [ 80.089967338256955, 21.910021903867637 ], [ 80.079968885576562, 21.909966298098357 ], [ 80.080033008891434, 21.899977955198416 ], [ 80.090030764946334, 21.900033533058949 ] ] ] } },
{ "type": "Feature", "properties": { "zone_id": "r25_c04", "lat": 21.905, "lon": 80.095, "n_mineralized_obs": 0, "n_barren_obs": 1, "label_class": "barren", "conflict": false, "label": 0.0, "label_source": "REAL_GEOLOGICAL" }, "geometry": { "type": "Polygon", "coordinates": [ [ [ 80.100030430410072, 21.900033215465168 ], [ 80.099967700661708, 21.910021613949993 ], [ 80.089969220121716, 21.909966615843949 ], [ 80.090032646503275, 21.899978244962966 ], [ 80.100030430410072, 21.900033215465168 ] ] ] } },
{ "type": "Feature", "properties": { "zone_id": "r25_c05", "lat": 21.905, "lon": 80.105, "n_mineralized_obs": 0, "n_barren_obs": 1, "label_class": "barren", "conflict": false, "label": 0.0, "label_source": "REAL_GEOLOGICAL" }, "geometry": { "type": "Polygon", "coordinates": [ [ [ 80.110030095719836, 21.900032898023479 ], [ 80.109968062914348, 21.910021323878652 ], [ 80.099969554820859, 21.909966933437488 ], [ 80.100032284267186, 21.899978534881253 ], [ 80.110030095719836, 21.900032898023479 ] ] ] } },
{ "type": "Feature", "properties": { "zone_id": "r25_c06", "lat": 21.905, "lon": 80.115, "n_mineralized_obs": 0, "n_barren_obs": 1, "label_class": "barren", "conflict": false, "label": 0.0, "label_source": "REAL_GEOLOGICAL" }, "geometry": { "type": "Polygon", "coordinates": [ [ [ 80.120029760875624, 21.90003258073386 ], [ 80.119968425014818, 21.910021033653585 ], [ 80.109969889673991, 21.909967250878942 ], [ 80.110031922183182, 21.89997882495323 ], [ 80.120029760875624, 21.90003258073386 ] ] ] } },
{ "type": "Feature", "properties": { "zone_id": "r25_c07", "lat": 21.905, "lon": 80.125, "n_mineralized_obs": 0, "n_barren_obs": 1, "label_class": "barren", "conflict": false, "label": 0.0, "label_source": "REAL_GEOLOGICAL" }, "geometry": { "type": "Polygon", "coordinates": [ [ [ 80.130029425877495, 21.900032263596341 ], [ 80.129968786963204, 21.910020743274846 ], [ 80.119970224681126, 21.909967568168341 ], [ 80.120031560251277, 21.899979115178922 ], [ 80.130029425877495, 21.900032263596341 ] ] ] } },
{ "type": "Feature", "properties": { "zone_id": "r25_c08", "lat": 21.905, "lon": 80.135, "n_mineralized_obs": 0, "n_barren_obs": 1, "label_class": "barren", "conflict": false, "label": 0.0, "label_source": "REAL_GEOLOGICAL" }, "geometry": { "type": "Polygon", "coordinates": [ [ [ 80.14002909072542, 21.900031946610913 ], [ 80.139969148759405, 21.910020452742398 ], [ 80.129970559842221, 21.909967885305623 ], [ 80.130031198471485, 21.899979405558302 ], [ 80.14002909072542, 21.900031946610913 ] ] ] } },
{ "type": "Feature", "properties": { "zone_id": "r25_c09", "lat": 21.905, "lon": 80.145, "n_mineralized_obs": 0, "n_barren_obs": 1, "label_class": "barren", "conflict": false, "label": 0.0, "label_source": "REAL_GEOLOGICAL" }, "geometry": { "type": "Polygon", "coordinates": [ [ [ 80.150028755419413, 21.900031629777605 ], [ 80.149969510403466, 21.910020162056288 ], [ 80.139970895157305, 21.90996820229082 ], [ 80.140030836843806, 21.899979696091368 ], [ 80.150028755419413, 21.900031629777605 ] ] ] } },
{ "type": "Feature", "properties": { "zone_id": "r25_c10", "lat": 21.905, "lon": 80.155, "n_mineralized_obs": 0, "n_barren_obs": 1, "label_class": "barren", "conflict": false, "label": 0.0, "label_source": "REAL_GEOLOGICAL" }, "geometry": { "type": "Polygon", "coordinates": [ [ [ 80.160028419959502, 21.900031313096409 ], [ 80.159969871895342, 21.910019871216502 ], [ 80.149971230626335, 21.909968519123908 ], [ 80.150030475368254, 21.899979986778117 ], [ 80.160028419959502, 21.900031313096409 ] ] ] } },
{ "type": "Feature", "properties": { "zone_id": "r25_c11", "lat": 21.905, "lon": 80.165, "n_mineralized_obs": 0, "n_barren_obs": 1, "label_class": "barren", "conflict": false, "label": 0.0, "label_source": "REAL_GEOLOGICAL" }, "geometry": { "type": "Polygon", "coordinates": [ [ [ 80.170028084345688, 21.900030996567331 ], [ 80.169970233235063, 21.910019580223047 ], [ 80.159971566249325, 21.909968835804861 ], [ 80.160030114044844, 21.899980277618514 ], [ 80.170028084345688, 21.900030996567331 ] ] ] } },
{ "type": "Feature", "properties": { "zone_id": "r25_c12", "lat": 21.905, "lon": 80.175, "n_mineralized_obs": 0, "n_barren_obs": 1, "label_class": "barren", "conflict": false, "label": 0.0, "label_source": "REAL_GEOLOGICAL" }, "geometry": { "type": "Polygon", "coordinates": [ [ [ 80.180027748577956, 21.900030680190401 ], [ 80.179970594422556, 21.910019289075947 ], [ 80.169971902026219, 21.909969152333698 ], [ 80.17002975287356, 21.899980568612584 ], [ 80.180027748577956, 21.900030680190401 ] ] ] } },
{ "type": "Feature", "properties": { "zone_id": "r25_c13", "lat": 21.905, "lon": 80.185, "n_mineralized_obs": 0, "n_barren_obs": 1, "label_class": "barren", "conflict": false, "label": 0.0, "label_source": "REAL_GEOLOGICAL" }, "geometry": { "type": "Polygon", "coordinates": [ [ [ 80.190027412656335, 21.900030363965612 ], [ 80.189970955457866, 21.910018997775197 ], [ 80.179972237957074, 21.90996946871039 ], [ 80.180029391854461, 21.899980859760291 ], [ 80.190027412656335, 21.900030363965612 ] ] ] } },
{ "type": "Feature", "properties": { "zone_id": "r25_c14", "lat": 21.905, "lon": 80.195, "n_mineralized_obs": 0, "n_barren_obs": 1, "label_class": "barren", "conflict": false, "label": 0.0, "label_source": "REAL_GEOLOGICAL" }, "geometry": { "type": "Polygon", "coordinates": [ [ [ 80.200027076580852, 21.900030047892994 ], [ 80.199971316340964, 21.910018706320816 ], [ 80.189972574041846, 21.909969784934933 ], [ 80.190029030987532, 21.899981151061656 ], [ 80.200027076580852, 21.900030047892994 ] ] ] } },
{ "type": "Feature", "properties": { "zone_id": "r25_c15", "lat": 21.905, "lon": 80.205, "n_mineralized_obs": 0, "n_barren_obs": 1, "label_class": "barren", "conflict": false, "label": 0.0, "label_source": "REAL_GEOLOGICAL" }, "geometry": { "type": "Polygon", "coordinates": [ [ [ 80.210026740351509, 21.900029731972534 ], [ 80.20997167707182, 21.910018414712813 ], [ 80.199972910280522, 21.909970101007321 ], [ 80.200028670272772, 21.899981442516651 ], [ 80.210026740351509, 21.900029731972534 ] ] ] } },
{ "type": "Feature", "properties": { "zone_id": "r25_c16", "lat": 21.905, "lon": 80.215, "n_mineralized_obs": 0, "n_barren_obs": 1, "label_class": "barren", "conflict": false, "label": 0.0, "label_source": "REAL_GEOLOGICAL" }, "geometry": { "type": "Polygon", "coordinates": [ [ [ 80.220026403968319, 21.900029416204244 ], [ 80.219972037650479, 21.910018122951183 ], [ 80.209973246673087, 21.909970416927539 ], [ 80.210028309710239, 21.899981734125255 ], [ 80.220026403968319, 21.900029416204244 ] ] ] } },
{ "type": "Feature", "properties": { "zone_id": "r25_c17", "lat": 21.905, "lon": 80.225, "n_mineralized_obs": 0, "n_barren_obs": 1, "label_class": "barren", "conflict": false, "label": 0.0, "label_source": "REAL_GEOLOGICAL" }, "geometry": { "type": "Polygon", "coordinates": [ [ [ 80.230026067431254, 21.900029100588153 ], [ 80.229972398076853, 21.910017831035947 ], [ 80.219973583219542, 21.909970732695584 ], [ 80.220027949299862, 21.899982025887486 ], [ 80.230026067431254, 21.900029100588153 ] ] ] } },
{ "type": "Feature", "properties": { "zone_id": "r25_c18", "lat": 21.905, "lon": 80.235, "n_mineralized_obs": 0, "n_barren_obs": 1, "label_class": "barren", "conflict": false, "label": 0.0, "label_source": "REAL_GEOLOGICAL" }, "geometry": { "type": "Polygon", "coordinates": [ [ [ 80.240025730740385, 21.900028785124245 ], [ 80.239972758350973, 21.910017538967114 ], [ 80.229973919919871, 21.909971048311441 ], [ 80.230027589041725, 21.899982317803317 ], [ 80.240025730740385, 21.900028785124245 ] ] ] } },
{ "type": "Feature", "properties": { "zone_id": "r25_c19", "lat": 21.905, "lon": 80.245, "n_mineralized_obs": 0, "n_barren_obs": 1, "label_class": "barren", "conflict": false, "label": 0.0, "label_source": "REAL_GEOLOGICAL" }, "geometry": { "type": "Polygon", "coordinates": [ [ [ 80.250025393895683, 21.900028469812543 ], [ 80.249973118472852, 21.910017246744683 ], [ 80.23997425677409, 21.909971363775103 ], [ 80.240027228935816, 21.899982609872747 ], [ 80.250025393895683, 21.900028469812543 ] ] ] } },
{ "type": "Feature", "properties": { "zone_id": "r25_c20", "lat": 21.905, "lon": 80.255, "n_mineralized_obs": 0, "n_barren_obs": 1, "label_class": "barren", "conflict": false, "label": 0.0, "label_source": "REAL_GEOLOGICAL" }, "geometry": { "type": "Polygon", "coordinates": [ [ [ 80.260025056897149, 21.900028154653057 ], [ 80.259973478442433, 21.910016954368672 ], [ 80.249974593782142, 21.90997167908656 ], [ 80.250026868982133, 21.899982902095768 ], [ 80.260025056897149, 21.900028154653057 ] ] ] } },
{ "type": "Feature", "properties": { "zone_id": "r25_c21", "lat": 21.905, "lon": 80.265, "n_mineralized_obs": 0, "n_barren_obs": 1, "label_class": "barren", "conflict": false, "label": 0.0, "label_source": "REAL_GEOLOGICAL" }, "geometry": { "type": "Polygon", "coordinates": [ [ [ 80.270024719744825, 21.900027839645791 ], [ 80.269973838259745, 21.910016661839087 ], [ 80.259974930944068, 21.909971994245801 ], [ 80.260026509180705, 21.899983194472366 ], [ 80.270024719744825, 21.900027839645791 ] ] ] } },
{ "type": "Feature", "properties": { "zone_id": "r25_c22", "lat": 21.905, "lon": 80.275, "n_mineralized_obs": 0, "n_barren_obs": 1, "label_class": "barren", "conflict": false, "label": 0.0, "label_source": "REAL_GEOLOGICAL" }, "geometry": { "type": "Polygon", "coordinates": [ [ [ 80.280024382438711, 21.900027524790762 ], [ 80.27997419792473, 21.910016369155933 ], [ 80.269975268259799, 21.909972309252819 ], [ 80.270026149531532, 21.89998348700253 ], [ 80.280024382438711, 21.900027524790762 ] ] ] } },
{ "type": "Feature", "properties": { "zone_id": "r25_c23", "lat": 21.905, "lon": 80.285, "n_mineralized_obs": 0, "n_barren_obs": 1, "label_class": "barren", "conflict": false, "label": 0.0, "label_source": "REAL_GEOLOGICAL" }, "geometry": { "type": "Polygon", "coordinates": [ [ [ 80.290024044978793, 21.900027210087963 ], [ 80.289974557437404, 21.910016076319227 ], [ 80.279975605729362, 21.909972624107592 ], [ 80.280025790034628, 21.899983779686256 ], [ 80.290024044978793, 21.900027210087963 ] ] ] } },
{ "type": "Feature", "properties": { "zone_id": "r25_c24", "lat": 21.905, "lon": 80.295, "n_mineralized_obs": 0, "n_barren_obs": 1, "label_class": "barren", "conflict": false, "label": 0.0, "label_source": "REAL_GEOLOGICAL" }, "geometry": { "type": "Polygon", "coordinates": [ [ [ 80.300023707365128, 21.900026895537426 ], [ 80.29997491679778, 21.91001578332898 ], [ 80.289975943352758, 21.909972938810142 ], [ 80.290025430690008, 21.899984072523552 ], [ 80.300023707365128, 21.900026895537426 ] ] ] } },
{ "type": "Feature", "properties": { "zone_id": "r25_c25", "lat": 21.905, "lon": 80.305, "n_mineralized_obs": 0, "n_barren_obs": 1, "label_class": "barren", "conflict": false, "label": 0.0, "label_source": "REAL_GEOLOGICAL" }, "geometry": { "type": "Polygon", "coordinates": [ [ [ 80.310023369597673, 21.900026581139151 ], [ 80.309975276005801, 21.910015490185181 ], [ 80.299976281129958, 21.90997325336042 ], [ 80.300025071497657, 21.899984365514374 ], [ 80.310023369597673, 21.900026581139151 ] ] ] } },
{ "type": "Feature", "properties": { "zone_id": "r25_c26", "lat": 21.905, "lon": 80.315, "n_mineralized_obs": 0, "n_barren_obs": 1, "label_class": "barren", "conflict": false, "label": 0.0, "label_source": "REAL_GEOLOGICAL" }, "geometry": { "type": "Polygon", "coordinates": [ [ [ 80.32002303167647, 21.90002626689315 ], [ 80.319975635061496, 21.910015196887855 ], [ 80.309976619060947, 21.909973567758453 ], [ 80.310024712457633, 21.899984658658742 ], [ 80.32002303167647, 21.90002626689315 ] ] ] } },
{ "type": "Feature", "properties": { "zone_id": "r25_c27", "lat": 21.905, "lon": 80.325, "n_mineralized_obs": 0, "n_barren_obs": 1, "label_class": "barren", "conflict": false, "label": 0.0, "label_source": "REAL_GEOLOGICAL" }, "geometry": { "type": "Polygon", "coordinates": [ [ [ 80.330022693601535, 21.900025952799417 ], [ 80.329975993964837, 21.910014903437016 ], [ 80.319976957145727, 21.909973882004206 ], [ 80.320024353569906, 21.899984951956633 ], [ 80.330022693601535, 21.900025952799417 ] ] ] } },
{ "type": "Feature", "properties": { "zone_id": "r25_c28", "lat": 21.905, "lon": 80.335, "n_mineralized_obs": 0, "n_barren_obs": 1, "label_class": "barren", "conflict": false, "label": 0.0, "label_source": "REAL_GEOLOGICAL" }, "geometry": { "type": "Polygon", "coordinates": [ [ [ 80.340022355372838, 21.900025638857979 ], [ 80.339976352715794, 21.910014609832654 ], [ 80.329977295384268, 21.909974196097682 ], [ 80.330023994834491, 21.899985245408043 ], [ 80.340022355372838, 21.900025638857979 ] ] ] } },
{ "type": "Feature", "properties": { "zone_id": "r25_c29", "lat": 21.905, "lon": 80.345, "n_mineralized_obs": 0, "n_barren_obs": 1, "label_class": "barren", "conflict": false, "label": 0.0, "label_source": "REAL_GEOLOGICAL" }, "geometry": { "type": "Polygon", "coordinates": [ [ [ 80.350022016990465, 21.900025325068839 ], [ 80.349976711314397, 21.910014316074793 ], [ 80.339977633776599, 21.909974510038865 ], [ 80.340023636251445, 21.899985539012956 ], [ 80.350022016990465, 21.900025325068839 ] ] ] } },
{ "type": "Feature", "properties": { "zone_id": "r26_c00", "lat": 21.915, "lon": 80.055, "n_mineralized_obs": 0, "n_barren_obs": 1, "label_class": "barren", "conflict": false, "label": 0.0, "label_source": "REAL_GEOLOGICAL" }, "geometry": { "type": "Polygon", "coordinates": [ [ [ 80.060031782113597, 21.91003450319873 ], [ 80.059966231600399, 21.920022777014275 ], [ 80.049967868206224, 21.919965327447056 ], [ 80.05003411567192, 21.909977082454848 ], [ 80.060031782113597, 21.91003450319873 ] ] ] } },
{ "type": "Feature", "properties": { "zone_id": "r26_c01", "lat": 21.915, "lon": 80.065, "n_mineralized_obs": 0, "n_barren_obs": 1, "label_class": "barren", "conflict": false, "label": 0.0, "label_source": "REAL_GEOLOGICAL" }, "geometry": { "type": "Polygon", "coordinates": [ [ [ 80.070031447863684, 21.910034185038707 ], [ 80.069966594636966, 21.920022487447657 ], [ 80.059968202464859, 21.919965645758889 ], [ 80.060033752652046, 21.909977371868365 ], [ 80.070031447863684, 21.910034185038707 ] ] ] } },
{ "type": "Feature", "properties": { "zone_id": "r26_c02", "lat": 21.915, "lon": 80.075, "n_mineralized_obs": 0, "n_barren_obs": 1, "label_class": "barren", "conflict": false, "label": 0.0, "label_source": "REAL_GEOLOGICAL" }, "geometry": { "type": "Polygon", "coordinates": [ [ [ 80.080031113459782, 21.91003386703072 ], [ 80.079966957521492, 21.920022197727295 ], [ 80.069968536877568, 21.919965963918688 ], [ 80.070033389784243, 21.90997766143564 ], [ 80.080031113459782, 21.91003386703072 ] ] ] } },
{ "type": "Feature", "properties": { "zone_id": "r26_c03", "lat": 21.915, "lon": 80.085, "n_mineralized_obs": 0, "n_barren_obs": 1, "label_class": "barren", "conflict": false, "label": 0.0, "label_source": "REAL_GEOLOGICAL" }, "geometry": { "type": "Polygon", "coordinates": [ [ [ 80.090030778901863, 21.910033549174788 ], [ 80.089967320253876, 21.920021907853215 ], [ 80.079968871444279, 21.919966281926456 ], [ 80.080033027068453, 21.909977951156652 ], [ 80.090030778901863, 21.910033549174788 ] ] ] } },
{ "type": "Feature", "properties": { "zone_id": "r26_c04", "lat": 21.915, "lon": 80.095, "n_mineralized_obs": 0, "n_barren_obs": 1, "label_class": "barren", "conflict": false, "label": 0.0, "label_source": "REAL_GEOLOGICAL" }, "geometry": { "type": "Polygon", "coordinates": [ [ [ 80.100030444189997, 21.910033231470919 ], [ 80.099967682834205, 21.920021617825395 ], [ 80.089969206165037, 21.91996659978215 ], [ 80.090032664504761, 21.909978241031382 ], [ 80.100030444189997, 21.910033231470919 ] ] ] } },
{ "type": "Feature", "properties": { "zone_id": "r26_c05", "lat": 21.915, "lon": 80.105, "n_mineralized_obs": 0, "n_barren_obs": 1, "label_class": "barren", "conflict": false, "label": 0.0, "label_source": "REAL_GEOLOGICAL" }, "geometry": { "type": "Polygon", "coordinates": [ [ [ 80.110030109324157, 21.910032913919117 ], [ 80.109968045262391, 21.920021327643877 ], [ 80.099969541039783, 21.919966917485802 ], [ 80.100032302093126, 21.909978531059835 ], [ 80.110030109324157, 21.910032913919117 ] ] ] } },
{ "type": "Feature", "properties": { "zone_id": "r26_c06", "lat": 21.915, "lon": 80.115, "n_mineralized_obs": 0, "n_barren_obs": 1, "label_class": "barren", "conflict": false, "label": 0.0, "label_source": "REAL_GEOLOGICAL" }, "geometry": { "type": "Polygon", "coordinates": [ [ [ 80.120029774304342, 21.910032596519383 ], [ 80.119968407538451, 21.920021037308643 ], [ 80.109969876068533, 21.919967235037372 ], [ 80.110031939833561, 21.909978821241999 ], [ 80.120029774304342, 21.910032596519383 ] ] ] } },
{ "type": "Feature", "properties": { "zone_id": "r26_c07", "lat": 21.915, "lon": 80.125, "n_mineralized_obs": 0, "n_barren_obs": 1, "label_class": "barren", "conflict": false, "label": 0.0, "label_source": "REAL_GEOLOGICAL" }, "geometry": { "type": "Polygon", "coordinates": [ [ [ 80.130029439130624, 21.910032279271761 ], [ 80.129968769662398, 21.920020746819713 ], [ 80.119970211251285, 21.919967552436859 ], [ 80.12003157772611, 21.909979111577865 ], [ 80.130029439130624, 21.910032279271761 ] ] ] } },
{ "type": "Feature", "properties": { "zone_id": "r26_c08", "lat": 21.915, "lon": 80.135, "n_mineralized_obs": 0, "n_barren_obs": 1, "label_class": "barren", "conflict": false, "label": 0.0, "label_source": "REAL_GEOLOGICAL" }, "geometry": { "type": "Polygon", "coordinates": [ [ [ 80.140029103802945, 21.910031962176227 ], [ 80.139969131634174, 21.920020456177102 ], [ 80.129970546587998, 21.91996786968426 ], [ 80.130031215770771, 21.909979402067428 ], [ 80.140029103802945, 21.910031962176227 ] ] ] } },
{ "type": "Feature", "properties": { "zone_id": "r26_c09", "lat": 21.915, "lon": 80.145, "n_mineralized_obs": 0, "n_barren_obs": 1, "label_class": "barren", "conflict": false, "label": 0.0, "label_source": "REAL_GEOLOGICAL" }, "geometry": { "type": "Polygon", "coordinates": [ [ [ 80.150028768321334, 21.910031645232802 ], [ 80.149969493453796, 21.920020165380805 ], [ 80.139970882078686, 21.919968186779563 ], [ 80.140030853967545, 21.909979692710664 ], [ 80.150028768321334, 21.910031645232802 ] ] ] } },
{ "type": "Feature", "properties": { "zone_id": "r26_c10", "lat": 21.915, "lon": 80.155, "n_mineralized_obs": 0, "n_barren_obs": 1, "label_class": "barren", "conflict": false, "label": 0.0, "label_source": "REAL_GEOLOGICAL" }, "geometry": { "type": "Polygon", "coordinates": [ [ [ 80.16002843268582, 21.910031328441498 ], [ 80.159969855121247, 21.920019874430846 ], [ 80.149971217723333, 21.91996850372276 ], [ 80.150030492316432, 21.909979983507586 ], [ 80.16002843268582, 21.910031328441498 ] ] ] } },
{ "type": "Feature", "properties": { "zone_id": "r26_c11", "lat": 21.915, "lon": 80.165, "n_mineralized_obs": 0, "n_barren_obs": 1, "label_class": "barren", "conflict": false, "label": 0.0, "label_source": "REAL_GEOLOGICAL" }, "geometry": { "type": "Polygon", "coordinates": [ [ [ 80.170028096896402, 21.910031011802321 ], [ 80.169970216636514, 21.920019583327218 ], [ 80.159971553521942, 21.919968820513823 ], [ 80.160030130817475, 21.909980274458171 ], [ 80.170028096896402, 21.910031011802321 ] ] ] } },
{ "type": "Feature", "properties": { "zone_id": "r26_c12", "lat": 21.915, "lon": 80.175, "n_mineralized_obs": 0, "n_barren_obs": 1, "label_class": "barren", "conflict": false, "label": 0.0, "label_source": "REAL_GEOLOGICAL" }, "geometry": { "type": "Polygon", "coordinates": [ [ [ 80.180027760953067, 21.910030695315275 ], [ 80.179970577999583, 21.920019292069934 ], [ 80.169971889474454, 21.919969137152766 ], [ 80.170029769470659, 21.909980565562417 ], [ 80.180027760953067, 21.910030695315275 ] ] ] } },
{ "type": "Feature", "properties": { "zone_id": "r26_c13", "lat": 21.915, "lon": 80.185, "n_mineralized_obs": 0, "n_barren_obs": 1, "label_class": "barren", "conflict": false, "label": 0.0, "label_source": "REAL_GEOLOGICAL" }, "geometry": { "type": "Polygon", "coordinates": [ [ [ 80.19002742485587, 21.910030378980384 ], [ 80.189970939210468, 21.920019000659021 ], [ 80.179972225580926, 21.919969453639577 ], [ 80.180029408275985, 21.909980856820312 ], [ 80.19002742485587, 21.910030378980384 ] ] ] } },
{ "type": "Feature", "properties": { "zone_id": "r26_c14", "lat": 21.915, "lon": 80.195, "n_mineralized_obs": 0, "n_barren_obs": 1, "label_class": "barren", "conflict": false, "label": 0.0, "label_source": "REAL_GEOLOGICAL" }, "geometry": { "type": "Polygon", "coordinates": [ [ [ 80.200027088604784, 21.910030062797642 ], [ 80.199971300269127, 21.92001870909446 ], [ 80.189972561841302, 21.91996976997422 ], [ 80.190029047233494, 21.909981148231843 ], [ 80.200027088604784, 21.910030062797642 ] ] ] } },
{ "type": "Feature", "properties": { "zone_id": "r26_c15", "lat": 21.915, "lon": 80.205, "n_mineralized_obs": 0, "n_barren_obs": 1, "label_class": "barren", "conflict": false, "label": 0.0, "label_source": "REAL_GEOLOGICAL" }, "geometry": { "type": "Polygon", "coordinates": [ [ [ 80.210026752199838, 21.910029746767073 ], [ 80.209971661175572, 21.92001841737628 ], [ 80.199972898255595, 21.919970086156734 ], [ 80.200028686343188, 21.909981439797015 ], [ 80.210026752199838, 21.910029746767073 ] ] ] } },
{ "type": "Feature", "properties": { "zone_id": "r26_c16", "lat": 21.915, "lon": 80.215, "n_mineralized_obs": 0, "n_barren_obs": 1, "label_class": "barren", "conflict": false, "label": 0.0, "label_source": "REAL_GEOLOGICAL" }, "geometry": { "type": "Polygon", "coordinates": [ [ [ 80.220026415641044, 21.910029430888674 ], [ 80.219972021929792, 21.92001812550448 ], [ 80.209973234823778, 21.919970402187069 ], [ 80.210028325605094, 21.909981731515803 ], [ 80.220026415641044, 21.910029430888674 ] ] ] } },
{ "type": "Feature", "properties": { "zone_id": "r26_c17", "lat": 21.915, "lon": 80.225, "n_mineralized_obs": 0, "n_barren_obs": 1, "label_class": "barren", "conflict": false, "label": 0.0, "label_source": "REAL_GEOLOGICAL" }, "geometry": { "type": "Polygon", "coordinates": [ [ [ 80.230026078928375, 21.910029115162455 ], [ 80.229972382531756, 21.920017833479058 ], [ 80.21997357154585, 21.919970718065223 ], [ 80.22002796501917, 21.909982023388192 ], [ 80.230026078928375, 21.910029115162455 ] ] ] } },
{ "type": "Feature", "properties": { "zone_id": "r26_c18", "lat": 21.915, "lon": 80.235, "n_mineralized_obs": 0, "n_barren_obs": 1, "label_class": "barren", "conflict": false, "label": 0.0, "label_source": "REAL_GEOLOGICAL" }, "geometry": { "type": "Polygon", "coordinates": [ [ [ 80.240025742061903, 21.910028799588435 ], [ 80.23997274298145, 21.920017541300052 ], [ 80.229973908421783, 21.919971033791189 ], [ 80.230027604585473, 21.909982315414208 ], [ 80.240025742061903, 21.910028799588435 ] ] ] } },
{ "type": "Feature", "properties": { "zone_id": "r26_c19", "lat": 21.915, "lon": 80.245, "n_mineralized_obs": 0, "n_barren_obs": 1, "label_class": "barren", "conflict": false, "label": 0.0, "label_source": "REAL_GEOLOGICAL" }, "geometry": { "type": "Polygon", "coordinates": [ [ [ 80.250025405041598, 21.910028484166617 ], [ 80.249973103278904, 21.92001724896744 ], [ 80.23997424545162, 21.91997134936496 ], [ 80.240027244304002, 21.909982607593811 ], [ 80.250025405041598, 21.910028484166617 ] ] ] } },
{ "type": "Feature", "properties": { "zone_id": "r26_c20", "lat": 21.915, "lon": 80.255, "n_mineralized_obs": 0, "n_barren_obs": 1, "label_class": "barren", "conflict": false, "label": 0.0, "label_source": "REAL_GEOLOGICAL" }, "geometry": { "type": "Polygon", "coordinates": [ [ [ 80.26002506786746, 21.910028168897011 ], [ 80.259973463424046, 21.920016956481259 ], [ 80.249974582635289, 21.919971664786534 ], [ 80.250026884174758, 21.909982899927005 ], [ 80.26002506786746, 21.910028168897011 ] ] ] } },
{ "type": "Feature", "properties": { "zone_id": "r26_c21", "lat": 21.915, "lon": 80.265, "n_mineralized_obs": 0, "n_barren_obs": 1, "label_class": "barren", "conflict": false, "label": 0.0, "label_source": "REAL_GEOLOGICAL" }, "geometry": { "type": "Polygon", "coordinates": [ [ [ 80.270024730539546, 21.910027853779631 ], [ 80.269973823416933, 21.920016663841501 ], [ 80.259974919972834, 21.919971980055887 ], [ 80.26002652419777, 21.909983192413783 ], [ 80.270024730539546, 21.910027853779631 ] ] ] } },
{ "type": "Feature", "properties": { "zone_id": "r26_c22", "lat": 21.915, "lon": 80.275, "n_mineralized_obs": 0, "n_barren_obs": 1, "label_class": "barren", "conflict": false, "label": 0.0, "label_source": "REAL_GEOLOGICAL" }, "geometry": { "type": "Polygon", "coordinates": [ [ [ 80.280024393057815, 21.910027538814486 ], [ 80.279974183257508, 21.920016371048174 ], [ 80.269975257464182, 21.919972295173025 ], [ 80.27002616437305, 21.909983485054134 ], [ 80.280024393057815, 21.910027538814486 ] ] ] } },
{ "type": "Feature", "properties": { "zone_id": "r26_c23", "lat": 21.915, "lon": 80.285, "n_mineralized_obs": 0, "n_barren_obs": 1, "label_class": "barren", "conflict": false, "label": 0.0, "label_source": "REAL_GEOLOGICAL" }, "geometry": { "type": "Polygon", "coordinates": [ [ [ 80.290024055422293, 21.910027224001578 ], [ 80.289974542945757, 21.920016078101291 ], [ 80.279975595109363, 21.919972610137926 ], [ 80.280025804700571, 21.909983777848026 ], [ 80.290024055422293, 21.910027224001578 ] ] ] } },
{ "type": "Feature", "properties": { "zone_id": "r26_c24", "lat": 21.915, "lon": 80.295, "n_mineralized_obs": 0, "n_barren_obs": 1, "label_class": "barren", "conflict": false, "label": 0.0, "label_source": "REAL_GEOLOGICAL" }, "geometry": { "type": "Polygon", "coordinates": [ [ [ 80.300023717633024, 21.910026909340925 ], [ 80.299974902481708, 21.920015785000864 ], [ 80.289975932908376, 21.919972924950596 ], [ 80.29002544518039, 21.909984070795499 ], [ 80.300023717633024, 21.910026909340925 ] ] ] } },
{ "type": "Feature", "properties": { "zone_id": "r26_c25", "lat": 21.915, "lon": 80.305, "n_mineralized_obs": 0, "n_barren_obs": 1, "label_class": "barren", "conflict": false, "label": 0.0, "label_source": "REAL_GEOLOGICAL" }, "geometry": { "type": "Polygon", "coordinates": [ [ [ 80.31002337968998, 21.910026594832519 ], [ 80.309975261865318, 21.920015491746891 ], [ 80.299976270861194, 21.919973239610993 ], [ 80.300025085812493, 21.909984363896495 ], [ 80.31002337968998, 21.910026594832519 ] ] ] } },
{ "type": "Feature", "properties": { "zone_id": "r26_c26", "lat": 21.915, "lon": 80.315, "n_mineralized_obs": 0, "n_barren_obs": 1, "label_class": "barren", "conflict": false, "label": 0.0, "label_source": "REAL_GEOLOGICAL" }, "geometry": { "type": "Polygon", "coordinates": [ [ [ 80.320023041593174, 21.910026280476401 ], [ 80.319975621096589, 21.920015198339399 ], [ 80.309976608967787, 21.919973554119142 ], [ 80.310024726596893, 21.909984657151043 ], [ 80.320023041593174, 21.910026280476401 ] ] ] } },
{ "type": "Feature", "properties": { "zone_id": "r26_c27", "lat": 21.915, "lon": 80.325, "n_mineralized_obs": 0, "n_barren_obs": 1, "label_class": "barren", "conflict": false, "label": 0.0, "label_source": "REAL_GEOLOGICAL" }, "geometry": { "type": "Polygon", "coordinates": [ [ [ 80.330022703342635, 21.910025966272539 ], [ 80.329975980175504, 21.92001490477837 ], [ 80.319976947228184, 21.919973868475001 ], [ 80.320024367533605, 21.9099849505591 ], [ 80.330022703342635, 21.910025966272539 ] ] ] } },
{ "type": "Feature", "properties": { "zone_id": "r26_c28", "lat": 21.915, "lon": 80.335, "n_mineralized_obs": 0, "n_barren_obs": 1, "label_class": "barren", "conflict": false, "label": 0.0, "label_source": "REAL_GEOLOGICAL" }, "geometry": { "type": "Polygon", "coordinates": [ [ [ 80.340022364938349, 21.910025652220984 ], [ 80.339976339102037, 21.920014611063841 ], [ 80.329977285642343, 21.919974182678601 ], [ 80.33002400862263, 21.90998524412068 ], [ 80.340022364938349, 21.910025652220984 ] ] ] } },
{ "type": "Feature", "properties": { "zone_id": "r26_c29", "lat": 21.915, "lon": 80.345, "n_mineralized_obs": 0, "n_barren_obs": 1, "label_class": "barren", "conflict": false, "label": 0.0, "label_source": "REAL_GEOLOGICAL" }, "geometry": { "type": "Polygon", "coordinates": [ [ [ 80.350022026380344, 21.910025338321717 ], [ 80.34997669787623, 21.920014317195808 ], [ 80.339977624210292, 21.919974496729907 ], [ 80.340023649864008, 21.909985537835777 ], [ 80.350022026380344, 21.910025338321717 ] ] ] } },
{ "type": "Feature", "properties": { "zone_id": "r27_c00", "lat": 21.925, "lon": 80.055, "n_mineralized_obs": 0, "n_barren_obs": 1, "label_class": "barren", "conflict": false, "label": 0.0, "label_source": "REAL_GEOLOGICAL" }, "geometry": { "type": "Polygon", "coordinates": [ [ [ 80.060031796597485, 21.920034519643561 ], [ 80.059966213067597, 21.930022781324659 ], [ 80.04996785354551, 21.929965310946198 ], [ 80.050034134378635, 21.919977078088294 ], [ 80.060031796597485, 21.920034519643561 ] ] ] } },
{ "type": "Feature", "properties": { "zone_id": "r27_c01", "lat": 21.925, "lon": 80.065, "n_mineralized_obs": 0, "n_barren_obs": 1, "label_class": "barren", "conflict": false, "label": 0.0, "label_source": "REAL_GEOLOGICAL" }, "geometry": { "type": "Polygon", "coordinates": [ [ [ 80.07003146217194, 21.920034201373475 ], [ 80.069966576279768, 21.9300224916479 ], [ 80.059968187979791, 21.929965629368088 ], [ 80.0600337711832, 21.91997736761196 ], [ 80.07003146217194, 21.920034201373475 ] ] ] } },
{ "type": "Feature", "properties": { "zone_id": "r27_c02", "lat": 21.925, "lon": 80.075, "n_mineralized_obs": 0, "n_barren_obs": 1, "label_class": "barren", "conflict": false, "label": 0.0, "label_source": "REAL_GEOLOGICAL" }, "geometry": { "type": "Polygon", "coordinates": [ [ [ 80.08003112759242, 21.920033883255424 ], [ 80.079966939339869, 21.930022201817412 ], [ 80.069968522568132, 21.929965947637964 ], [ 80.070033408139821, 21.919977657289376 ], [ 80.08003112759242, 21.920033883255424 ] ] ] } },
{ "type": "Feature", "properties": { "zone_id": "r27_c03", "lat": 21.925, "lon": 80.085, "n_mineralized_obs": 0, "n_barren_obs": 1, "label_class": "barren", "conflict": false, "label": 0.0, "label_source": "REAL_GEOLOGICAL" }, "geometry": { "type": "Polygon", "coordinates": [ [ [ 80.090030792858883, 21.920033565289422 ], [ 80.089967302247842, 21.930021911833176 ], [ 80.079968857310476, 21.92996626575578 ], [ 80.08003304524847, 21.919977947120518 ], [ 80.090030792858883, 21.920033565289422 ] ] ] } },
{ "type": "Feature", "properties": { "zone_id": "r27_c04", "lat": 21.925, "lon": 80.095, "n_mineralized_obs": 0, "n_barren_obs": 1, "label_class": "barren", "conflict": false, "label": 0.0, "label_source": "REAL_GEOLOGICAL" }, "geometry": { "type": "Polygon", "coordinates": [ [ [ 80.1000304579714, 21.92003324747548 ], [ 80.09996766500376, 21.930021621695222 ], [ 80.089969192206866, 21.929966583721555 ], [ 80.090032682509204, 21.919978237105401 ], [ 80.1000304579714, 21.92003324747548 ] ] ] } },
{ "type": "Feature", "properties": { "zone_id": "r27_c05", "lat": 21.925, "lon": 80.105, "n_mineralized_obs": 0, "n_barren_obs": 1, "label_class": "barren", "conflict": false, "label": 0.0, "label_source": "REAL_GEOLOGICAL" }, "geometry": { "type": "Polygon", "coordinates": [ [ [ 80.110030122929942, 21.920032929813612 ], [ 80.109968027607536, 21.930021331403562 ], [ 80.099969527257258, 21.929966901535273 ], [ 80.100032319921993, 21.919978527243991 ], [ 80.110030122929942, 21.920032929813612 ] ] ] } },
{ "type": "Feature", "properties": { "zone_id": "r27_c06", "lat": 21.925, "lon": 80.115, "n_mineralized_obs": 0, "n_barren_obs": 1, "label_class": "barren", "conflict": false, "label": 0.0, "label_source": "REAL_GEOLOGICAL" }, "geometry": { "type": "Polygon", "coordinates": [ [ [ 80.120029787734495, 21.920032612303824 ], [ 80.119968390059185, 21.930021040958191 ], [ 80.109969862461639, 21.929967219196907 ], [ 80.110031957486868, 21.919978817536293 ], [ 80.120029787734495, 21.920032612303824 ] ] ] } },
{ "type": "Feature", "properties": { "zone_id": "r27_c07", "lat": 21.925, "lon": 80.125, "n_mineralized_obs": 0, "n_barren_obs": 1, "label_class": "barren", "conflict": false, "label": 0.0, "label_source": "REAL_GEOLOGICAL" }, "geometry": { "type": "Polygon", "coordinates": [ [ [ 80.130029452385145, 21.920032294946118 ], [ 80.129968752358707, 21.930020750359123 ], [ 80.119970197820024, 21.929967536706471 ], [ 80.120031595203855, 21.919979107982304 ], [ 80.130029452385145, 21.920032294946118 ] ] ] } },
{ "type": "Feature", "properties": { "zone_id": "r27_c08", "lat": 21.925, "lon": 80.135, "n_mineralized_obs": 0, "n_barren_obs": 1, "label_class": "barren", "conflict": false, "label": 0.0, "label_source": "REAL_GEOLOGICAL" }, "geometry": { "type": "Polygon", "coordinates": [ [ [ 80.140029116881834, 21.920031977740521 ], [ 80.139969114506087, 21.930020459606368 ], [ 80.129970533332383, 21.929967854063939 ], [ 80.130031233072927, 21.919979398582001 ], [ 80.140029116881834, 21.920031977740521 ] ] ] } },
{ "type": "Feature", "properties": { "zone_id": "r27_c09", "lat": 21.925, "lon": 80.145, "n_mineralized_obs": 0, "n_barren_obs": 1, "label_class": "barren", "conflict": false, "label": 0.0, "label_source": "REAL_GEOLOGICAL" }, "geometry": { "type": "Polygon", "coordinates": [ [ [ 80.150028781224606, 21.920031660687023 ], [ 80.149969476501298, 21.93002016869994 ], [ 80.139970868998702, 21.929968171269319 ], [ 80.140030871094112, 21.919979689335381 ], [ 80.150028781224606, 21.920031660687023 ] ] ] } },
{ "type": "Feature", "properties": { "zone_id": "r27_c10", "lat": 21.925, "lon": 80.155, "n_mineralized_obs": 0, "n_barren_obs": 1, "label_class": "barren", "conflict": false, "label": 0.0, "label_source": "REAL_GEOLOGICAL" }, "geometry": { "type": "Polygon", "coordinates": [ [ [ 80.16002844541346, 21.920031343785642 ], [ 80.159969838344338, 21.930019877639836 ], [ 80.149971204818996, 21.929968488322583 ], [ 80.150030509267438, 21.919979980242445 ], [ 80.16002844541346, 21.920031343785642 ] ] ] } },
{ "type": "Feature", "properties": { "zone_id": "r27_c11", "lat": 21.925, "lon": 80.165, "n_mineralized_obs": 0, "n_barren_obs": 1, "label_class": "barren", "conflict": false, "label": 0.0, "label_source": "REAL_GEOLOGICAL" }, "geometry": { "type": "Polygon", "coordinates": [ [ [ 80.170028109448424, 21.920031027036394 ], [ 80.169970200035223, 21.93001958642607 ], [ 80.159971540793236, 21.929968805223719 ], [ 80.160030147592906, 21.919980271303167 ], [ 80.170028109448424, 21.920031027036394 ] ] ] } },
{ "type": "Feature", "properties": { "zone_id": "r27_c12", "lat": 21.925, "lon": 80.175, "n_mineralized_obs": 0, "n_barren_obs": 1, "label_class": "barren", "conflict": false, "label": 0.0, "label_source": "REAL_GEOLOGICAL" }, "geometry": { "type": "Polygon", "coordinates": [ [ [ 80.180027773329471, 21.920030710439281 ], [ 80.179970561573882, 21.930019295058653 ], [ 80.169971876921394, 21.929969121972739 ], [ 80.170029786070486, 21.919980562517551 ], [ 80.180027773329471, 21.920030710439281 ] ] ] } },
{ "type": "Feature", "properties": { "zone_id": "r27_c13", "lat": 21.925, "lon": 80.185, "n_mineralized_obs": 0, "n_barren_obs": 1, "label_class": "barren", "conflict": false, "label": 0.0, "label_source": "REAL_GEOLOGICAL" }, "geometry": { "type": "Polygon", "coordinates": [ [ [ 80.190027437056642, 21.920030393994303 ], [ 80.189970922960356, 21.930019003537591 ], [ 80.179972213203499, 21.929969438569614 ], [ 80.180029424700251, 21.919980853885576 ], [ 80.190027437056642, 21.920030393994303 ] ] ] } },
{ "type": "Feature", "properties": { "zone_id": "r27_c14", "lat": 21.925, "lon": 80.195, "n_mineralized_obs": 0, "n_barren_obs": 1, "label_class": "barren", "conflict": false, "label": 0.0, "label_source": "REAL_GEOLOGICAL" }, "geometry": { "type": "Polygon", "coordinates": [ [ [ 80.200027100629924, 21.92003007770149 ], [ 80.199971284194618, 21.930018711862893 ], [ 80.189972549639506, 21.929969755014341 ], [ 80.190029063482186, 21.919981145407256 ], [ 80.200027100629924, 21.92003007770149 ] ] ] } },
{ "type": "Feature", "properties": { "zone_id": "r27_c15", "lat": 21.925, "lon": 80.205, "n_mineralized_obs": 0, "n_barren_obs": 1, "label_class": "barren", "conflict": false, "label": 0.0, "label_source": "REAL_GEOLOGICAL" }, "geometry": { "type": "Polygon", "coordinates": [ [ [ 80.21002676404936, 21.920029761560848 ], [ 80.209971645276653, 21.930018420034568 ], [ 80.199972886229446, 21.929970071306915 ], [ 80.200028702416304, 21.919981437082559 ], [ 80.21002676404936, 21.920029761560848 ] ] ] } },
{ "type": "Feature", "properties": { "zone_id": "r27_c16", "lat": 21.925, "lon": 80.215, "n_mineralized_obs": 0, "n_barren_obs": 1, "label_class": "barren", "conflict": false, "label": 0.0, "label_source": "REAL_GEOLOGICAL" }, "geometry": { "type": "Polygon", "coordinates": [ [ [ 80.220026427314934, 21.920029445572371 ], [ 80.219972006206476, 21.93001812805263 ], [ 80.209973222973275, 21.929970387447327 ], [ 80.210028341502621, 21.919981728911491 ], [ 80.220026427314934, 21.920029445572371 ] ] ] } },
{ "type": "Feature", "properties": { "zone_id": "r27_c17", "lat": 21.925, "lon": 80.225, "n_mineralized_obs": 0, "n_barren_obs": 1, "label_class": "barren", "conflict": false, "label": 0.0, "label_source": "REAL_GEOLOGICAL" }, "geometry": { "type": "Polygon", "coordinates": [ [ [ 80.230026090426648, 21.920029129736083 ], [ 80.229972366984015, 21.930017835917084 ], [ 80.219973559870965, 21.929970703435565 ], [ 80.220027980741108, 21.919982020894032 ], [ 80.230026090426648, 21.920029129736083 ] ] ] } },
{ "type": "Feature", "properties": { "zone_id": "r27_c18", "lat": 21.925, "lon": 80.235, "n_mineralized_obs": 0, "n_barren_obs": 1, "label_class": "barren", "conflict": false, "label": 0.0, "label_source": "REAL_GEOLOGICAL" }, "geometry": { "type": "Polygon", "coordinates": [ [ [ 80.240025753384529, 21.920028814051982 ], [ 80.239972727609327, 21.93001754362793 ], [ 80.229973896922573, 21.929971019271608 ], [ 80.230027620131835, 21.919982313030179 ], [ 80.240025753384529, 21.920028814051982 ] ] ] } },
{ "type": "Feature", "properties": { "zone_id": "r27_c19", "lat": 21.925, "lon": 80.245, "n_mineralized_obs": 0, "n_barren_obs": 1, "label_class": "barren", "conflict": false, "label": 0.0, "label_source": "REAL_GEOLOGICAL" }, "geometry": { "type": "Polygon", "coordinates": [ [ [ 80.250025416188606, 21.920028498520082 ], [ 80.249973088082371, 21.930017251185188 ], [ 80.239974234128027, 21.929971334955457 ], [ 80.24002725967479, 21.919982605319923 ], [ 80.250025416188606, 21.920028498520082 ] ] ] } },
{ "type": "Feature", "properties": { "zone_id": "r27_c20", "lat": 21.925, "lon": 80.255, "n_mineralized_obs": 0, "n_barren_obs": 1, "label_class": "barren", "conflict": false, "label": 0.0, "label_source": "REAL_GEOLOGICAL" }, "geometry": { "type": "Polygon", "coordinates": [ [ [ 80.260025078838851, 21.92002818314041 ], [ 80.25997344840313, 21.930016958588869 ], [ 80.249974571487343, 21.929971650487111 ], [ 80.250026899369956, 21.919982897763262 ], [ 80.260025078838851, 21.92002818314041 ] ] ] } },
{ "type": "Feature", "properties": { "zone_id": "r27_c21", "lat": 21.925, "lon": 80.265, "n_mineralized_obs": 0, "n_barren_obs": 1, "label_class": "barren", "conflict": false, "label": 0.0, "label_source": "REAL_GEOLOGICAL" }, "geometry": { "type": "Polygon", "coordinates": [ [ [ 80.27002474133532, 21.920027867912943 ], [ 80.269973808571606, 21.930016665838966 ], [ 80.259974909000505, 21.92997196586655 ], [ 80.260026539217392, 21.919983190360163 ], [ 80.27002474133532, 21.920027867912943 ] ] ] } },
{ "type": "Feature", "properties": { "zone_id": "r27_c22", "lat": 21.925, "lon": 80.275, "n_mineralized_obs": 0, "n_barren_obs": 1, "label_class": "barren", "conflict": false, "label": 0.0, "label_source": "REAL_GEOLOGICAL" }, "geometry": { "type": "Polygon", "coordinates": [ [ [ 80.280024403677956, 21.920027552837713 ], [ 80.279974168587785, 21.930016372935501 ], [ 80.269975246667514, 21.929972281093757 ], [ 80.270026179217069, 21.919983483110652 ], [ 80.280024403677956, 21.920027552837713 ] ] ] } },
{ "type": "Feature", "properties": { "zone_id": "r27_c23", "lat": 21.925, "lon": 80.285, "n_mineralized_obs": 0, "n_barren_obs": 1, "label_class": "barren", "conflict": false, "label": 0.0, "label_source": "REAL_GEOLOGICAL" }, "geometry": { "type": "Polygon", "coordinates": [ [ [ 80.290024065866803, 21.920027237914731 ], [ 80.289974528451637, 21.930016079878484 ], [ 80.279975584488326, 21.929972596168739 ], [ 80.280025819369015, 21.919983776014703 ], [ 80.290024065866803, 21.920027237914731 ] ] ] } },
{ "type": "Feature", "properties": { "zone_id": "r27_c24", "lat": 21.925, "lon": 80.295, "n_mineralized_obs": 0, "n_barren_obs": 1, "label_class": "barren", "conflict": false, "label": 0.0, "label_source": "REAL_GEOLOGICAL" }, "geometry": { "type": "Polygon", "coordinates": [ [ [ 80.300023727901916, 21.92002692314399 ], [ 80.299974888163192, 21.930015786667916 ], [ 80.289975922462986, 21.929972911091475 ], [ 80.290025459673259, 21.919984069072296 ], [ 80.300023727901916, 21.92002692314399 ] ] ] } },
{ "type": "Feature", "properties": { "zone_id": "r27_c25", "lat": 21.925, "lon": 80.305, "n_mineralized_obs": 0, "n_barren_obs": 1, "label_class": "barren", "conflict": false, "label": 0.0, "label_source": "REAL_GEOLOGICAL" }, "geometry": { "type": "Polygon", "coordinates": [ [ [ 80.31002338978324, 21.920026608525511 ], [ 80.309975247722406, 21.930015493303813 ], [ 80.299976260591436, 21.929973225861971 ], [ 80.300025100129773, 21.919984362283444 ], [ 80.31002338978324, 21.920026608525511 ] ] ] } },
{ "type": "Feature", "properties": { "zone_id": "r27_c26", "lat": 21.925, "lon": 80.315, "n_mineralized_obs": 0, "n_barren_obs": 1, "label_class": "barren", "conflict": false, "label": 0.0, "label_source": "REAL_GEOLOGICAL" }, "geometry": { "type": "Polygon", "coordinates": [ [ [ 80.320023051510802, 21.920026294059301 ], [ 80.319975607129265, 21.930015199786183 ], [ 80.309976598873689, 21.929973540480191 ], [ 80.310024740738569, 21.919984655648115 ], [ 80.320023051510802, 21.920026294059301 ] ] ] } },
{ "type": "Feature", "properties": { "zone_id": "r27_c27", "lat": 21.925, "lon": 80.325, "n_mineralized_obs": 0, "n_barren_obs": 1, "label_class": "barren", "conflict": false, "label": 0.0, "label_source": "REAL_GEOLOGICAL" }, "geometry": { "type": "Polygon", "coordinates": [ [ [ 80.330022713084631, 21.920025979745365 ], [ 80.329975966383785, 21.930014906115023 ], [ 80.319976937309718, 21.929973854946144 ], [ 80.320024381499707, 21.919984949166313 ], [ 80.330022713084631, 21.920025979745365 ] ] ] } },
{ "type": "Feature", "properties": { "zone_id": "r27_c28", "lat": 21.925, "lon": 80.335, "n_mineralized_obs": 0, "n_barren_obs": 1, "label_class": "barren", "conflict": false, "label": 0.0, "label_source": "REAL_GEOLOGICAL" }, "geometry": { "type": "Polygon", "coordinates": [ [ [ 80.340022374504713, 21.920025665583722 ], [ 80.339976325485921, 21.930014612290353 ], [ 80.329977275899523, 21.929974169259825 ], [ 80.330024022413141, 21.919985242838038 ], [ 80.340022374504713, 21.920025665583722 ] ] ] } },
{ "type": "Feature", "properties": { "zone_id": "r27_c29", "lat": 21.925, "lon": 80.345, "n_mineralized_obs": 0, "n_barren_obs": 1, "label_class": "barren", "conflict": false, "label": 0.0, "label_source": "REAL_GEOLOGICAL" }, "geometry": { "type": "Polygon", "coordinates": [ [ [ 80.350022035771104, 21.92002535157437 ], [ 80.349976684435731, 21.930014318312175 ], [ 80.339977614643104, 21.929974483421208 ], [ 80.340023663478931, 21.919985536663262 ], [ 80.350022035771104, 21.92002535157437 ] ] ] } },
{ "type": "Feature", "properties": { "zone_id": "r28_c00", "lat": 21.935, "lon": 80.055, "n_mineralized_obs": 0, "n_barren_obs": 1, "label_class": "barren", "conflict": false, "label": 0.0, "label_source": "REAL_GEOLOGICAL" }, "geometry": { "type": "Polygon", "coordinates": [ [ [ 80.060031811082936, 21.930034536087078 ], [ 80.059966194531754, 21.940022785629324 ], [ 80.049967838883191, 21.93996529444669 ], [ 80.050034153088433, 21.9299770737275 ], [ 80.060031811082936, 21.930034536087078 ] ] ] } },
{ "type": "Feature", "properties": { "zone_id": "r28_c01", "lat": 21.935, "lon": 80.065, "n_mineralized_obs": 0, "n_barren_obs": 1, "label_class": "barren", "conflict": false, "label": 0.0, "label_source": "REAL_GEOLOGICAL" }, "geometry": { "type": "Polygon", "coordinates": [ [ [ 80.070031476481731, 21.930034217706961 ], [ 80.069966557919528, 21.940022495842467 ], [ 80.059968173493132, 21.939965612978618 ], [ 80.060033789717394, 21.929977363361271 ], [ 80.070031476481731, 21.930034217706961 ] ] ] } },
{ "type": "Feature", "properties": { "zone_id": "r28_c02", "lat": 21.935, "lon": 80.075, "n_mineralized_obs": 0, "n_barren_obs": 1, "label_class": "barren", "conflict": false, "label": 0.0, "label_source": "REAL_GEOLOGICAL" }, "geometry": { "type": "Polygon", "coordinates": [ [ [ 80.080031141726579, 21.930033899478879 ], [ 80.079966921155247, 21.940022205901862 ], [ 80.069968508257148, 21.939965931358508 ], [ 80.070033426498426, 21.929977653148786 ], [ 80.080031141726579, 21.930033899478879 ] ] ] } },
{ "type": "Feature", "properties": { "zone_id": "r28_c03", "lat": 21.935, "lon": 80.085, "n_mineralized_obs": 0, "n_barren_obs": 1, "label_class": "barren", "conflict": false, "label": 0.0, "label_source": "REAL_GEOLOGICAL" }, "geometry": { "type": "Polygon", "coordinates": [ [ [ 80.090030806817381, 21.930033581402853 ], [ 80.089967284238853, 21.940021915807531 ], [ 80.079968843175152, 21.939966249586362 ], [ 80.080033063431472, 21.929977943090034 ], [ 80.090030806817381, 21.930033581402853 ] ] ] } },
{ "type": "Feature", "properties": { "zone_id": "r28_c04", "lat": 21.935, "lon": 80.095, "n_mineralized_obs": 0, "n_barren_obs": 1, "label_class": "barren", "conflict": false, "label": 0.0, "label_source": "REAL_GEOLOGICAL" }, "geometry": { "type": "Polygon", "coordinates": [ [ [ 80.100030471754252, 21.930033263478883 ], [ 80.099967647170359, 21.940021625559478 ], [ 80.089969178247216, 21.939966567662164 ], [ 80.090032700516616, 21.929978233185018 ], [ 80.100030471754252, 21.930033263478883 ] ] ] } },
{ "type": "Feature", "properties": { "zone_id": "r28_c05", "lat": 21.935, "lon": 80.105, "n_mineralized_obs": 0, "n_barren_obs": 1, "label_class": "barren", "conflict": false, "label": 0.0, "label_source": "REAL_GEOLOGICAL" }, "geometry": { "type": "Polygon", "coordinates": [ [ [ 80.110030136537134, 21.93003294570698 ], [ 80.109968009949753, 21.940021335157716 ], [ 80.099969513473255, 21.939966885585907 ], [ 80.100032337753817, 21.929978523433711 ], [ 80.110030136537134, 21.93003294570698 ] ] ] } },
{ "type": "Feature", "properties": { "zone_id": "r28_c06", "lat": 21.935, "lon": 80.115, "n_mineralized_obs": 0, "n_barren_obs": 1, "label_class": "barren", "conflict": false, "label": 0.0, "label_source": "REAL_GEOLOGICAL" }, "geometry": { "type": "Polygon", "coordinates": [ [ [ 80.120029801166055, 21.930032628087158 ], [ 80.119968372577006, 21.940021044602236 ], [ 80.109969848853297, 21.939967203357579 ], [ 80.110031975143073, 21.929978813836119 ], [ 80.120029801166055, 21.930032628087158 ] ] ] } },
{ "type": "Feature", "properties": { "zone_id": "r28_c07", "lat": 21.935, "lon": 80.125, "n_mineralized_obs": 0, "n_barren_obs": 1, "label_class": "barren", "conflict": false, "label": 0.0, "label_source": "REAL_GEOLOGICAL" }, "geometry": { "type": "Polygon", "coordinates": [ [ [ 80.130029465641059, 21.930032310619428 ], [ 80.129968735052174, 21.940020753893073 ], [ 80.119970184387356, 21.939967520977174 ], [ 80.120031612684471, 21.929979104392231 ], [ 80.130029465641059, 21.930032310619428 ] ] ] } },
{ "type": "Feature", "properties": { "zone_id": "r28_c08", "lat": 21.935, "lon": 80.135, "n_mineralized_obs": 0, "n_barren_obs": 1, "label_class": "barren", "conflict": false, "label": 0.0, "label_source": "REAL_GEOLOGICAL" }, "geometry": { "type": "Polygon", "coordinates": [ [ [ 80.140029129962116, 21.930031993303785 ], [ 80.139969097375158, 21.940020463030219 ], [ 80.129970520075375, 21.939967838444677 ], [ 80.13003125037794, 21.929979395102034 ], [ 80.140029129962116, 21.930031993303785 ] ] ] } },
{ "type": "Feature", "properties": { "zone_id": "r28_c09", "lat": 21.935, "lon": 80.145, "n_mineralized_obs": 0, "n_barren_obs": 1, "label_class": "barren", "conflict": false, "label": 0.0, "label_source": "REAL_GEOLOGICAL" }, "geometry": { "type": "Polygon", "coordinates": [ [ [ 80.150028794129227, 21.930031676140249 ], [ 80.149969459545986, 21.940020172013675 ], [ 80.139970855917369, 21.939968155760081 ], [ 80.140030888223535, 21.929979685965513 ], [ 80.150028794129227, 21.930031676140249 ] ] ] } },
{ "type": "Feature", "properties": { "zone_id": "r28_c10", "lat": 21.935, "lon": 80.155, "n_mineralized_obs": 0, "n_barren_obs": 1, "label_class": "barren", "conflict": false, "label": 0.0, "label_source": "REAL_GEOLOGICAL" }, "geometry": { "type": "Polygon", "coordinates": [ [ [ 80.160028458142435, 21.93003135912884 ], [ 80.159969821564644, 21.940019880843465 ], [ 80.149971191913309, 21.939968472923368 ], [ 80.150030526221258, 21.929979976982672 ], [ 80.160028458142435, 21.93003135912884 ] ] ] } },
{ "type": "Feature", "properties": { "zone_id": "r28_c11", "lat": 21.935, "lon": 80.165, "n_mineralized_obs": 0, "n_barren_obs": 1, "label_class": "barren", "conflict": false, "label": 0.0, "label_source": "REAL_GEOLOGICAL" }, "geometry": { "type": "Polygon", "coordinates": [ [ [ 80.170028122001753, 21.930031042269555 ], [ 80.169970183431147, 21.940019589519608 ], [ 80.15997152806321, 21.93996878993455 ], [ 80.160030164371122, 21.929980268153503 ], [ 80.170028122001753, 21.930031042269555 ] ] ] } },
{ "type": "Feature", "properties": { "zone_id": "r28_c12", "lat": 21.935, "lon": 80.175, "n_mineralized_obs": 0, "n_barren_obs": 1, "label_class": "barren", "conflict": false, "label": 0.0, "label_source": "REAL_GEOLOGICAL" }, "geometry": { "type": "Polygon", "coordinates": [ [ [ 80.180027785707139, 21.930030725562407 ], [ 80.179970545145423, 21.940019298042085 ], [ 80.169971864367028, 21.939969106793601 ], [ 80.170029802673113, 21.92998055947799 ], [ 80.180027785707139, 21.930030725562407 ] ] ] } },
{ "type": "Feature", "properties": { "zone_id": "r28_c13", "lat": 21.935, "lon": 80.185, "n_mineralized_obs": 0, "n_barren_obs": 1, "label_class": "barren", "conflict": false, "label": 0.0, "label_source": "REAL_GEOLOGICAL" }, "geometry": { "type": "Polygon", "coordinates": [ [ [ 80.190027449258665, 21.930030409007401 ], [ 80.189970906707529, 21.940019006410925 ], [ 80.179972200824793, 21.939969423500518 ], [ 80.180029441127274, 21.929980850956124 ], [ 80.190027449258665, 21.930030409007401 ] ] ] } },
{ "type": "Feature", "properties": { "zone_id": "r28_c14", "lat": 21.935, "lon": 80.195, "n_mineralized_obs": 0, "n_barren_obs": 1, "label_class": "barren", "conflict": false, "label": 0.0, "label_source": "REAL_GEOLOGICAL" }, "geometry": { "type": "Polygon", "coordinates": [ [ [ 80.200027112656286, 21.930030092604547 ], [ 80.199971268117395, 21.940018714626131 ], [ 80.189972537436489, 21.939969740055286 ], [ 80.190029079733605, 21.929981142587906 ], [ 80.200027112656286, 21.930030092604547 ] ] ] } },
{ "type": "Feature", "properties": { "zone_id": "r28_c15", "lat": 21.935, "lon": 80.205, "n_mineralized_obs": 0, "n_barren_obs": 1, "label_class": "barren", "conflict": false, "label": 0.0, "label_source": "REAL_GEOLOGICAL" }, "geometry": { "type": "Polygon", "coordinates": [ [ [ 80.210026775900062, 21.930029776353862 ], [ 80.209971629375062, 21.940018422687711 ], [ 80.199972874202075, 21.939970056457906 ], [ 80.200028718492106, 21.929981434373314 ], [ 80.210026775900062, 21.930029776353862 ] ] ] } },
{ "type": "Feature", "properties": { "zone_id": "r28_c16", "lat": 21.935, "lon": 80.215, "n_mineralized_obs": 0, "n_barren_obs": 1, "label_class": "barren", "conflict": false, "label": 0.0, "label_source": "REAL_GEOLOGICAL" }, "geometry": { "type": "Polygon", "coordinates": [ [ [ 80.220026438990004, 21.930029460255348 ], [ 80.219971990480502, 21.940018130595661 ], [ 80.209973211121579, 21.939970372708348 ], [ 80.21002835740282, 21.929981726312342 ], [ 80.220026438990004, 21.930029460255348 ] ] ] } },
{ "type": "Feature", "properties": { "zone_id": "r28_c17", "lat": 21.935, "lon": 80.225, "n_mineralized_obs": 0, "n_barren_obs": 1, "label_class": "barren", "conflict": false, "label": 0.0, "label_source": "REAL_GEOLOGICAL" }, "geometry": { "type": "Polygon", "coordinates": [ [ [ 80.230026101926057, 21.930029144309017 ], [ 80.229972351433673, 21.940017838350013 ], [ 80.219973548194929, 21.939970688806621 ], [ 80.220027996465717, 21.929982018404989 ], [ 80.230026101926057, 21.930029144309017 ] ] ] } },
{ "type": "Feature", "properties": { "zone_id": "r28_c18", "lat": 21.935, "lon": 80.235, "n_mineralized_obs": 0, "n_barren_obs": 1, "label_class": "barren", "conflict": false, "label": 0.0, "label_source": "REAL_GEOLOGICAL" }, "geometry": { "type": "Polygon", "coordinates": [ [ [ 80.240025764708292, 21.930028828514875 ], [ 80.239972712234604, 21.940017545950756 ], [ 80.229973885422183, 21.939971004752699 ], [ 80.230027635680827, 21.92998231065123 ], [ 80.240025764708292, 21.930028828514875 ] ] ] } },
{ "type": "Feature", "properties": { "zone_id": "r28_c19", "lat": 21.935, "lon": 80.245, "n_mineralized_obs": 0, "n_barren_obs": 1, "label_class": "barren", "conflict": false, "label": 0.0, "label_source": "REAL_GEOLOGICAL" }, "geometry": { "type": "Polygon", "coordinates": [ [ [ 80.250025427336737, 21.930028512872951 ], [ 80.249973072883265, 21.940017253397919 ], [ 80.239974222803326, 21.939971320546594 ], [ 80.240027275048178, 21.92998260305108 ], [ 80.250025427336737, 21.930028512872951 ] ] ] } },
{ "type": "Feature", "properties": { "zone_id": "r28_c20", "lat": 21.935, "lon": 80.255, "n_mineralized_obs": 0, "n_barren_obs": 1, "label_class": "barren", "conflict": false, "label": 0.0, "label_source": "REAL_GEOLOGICAL" }, "geometry": { "type": "Polygon", "coordinates": [ [ [ 80.260025089811322, 21.930028197383219 ], [ 80.259973433379642, 21.940016960691494 ], [ 80.249974560338288, 21.939971636188282 ], [ 80.250026914567727, 21.92998289560451 ], [ 80.260025089811322, 21.930028197383219 ] ] ] } },
{ "type": "Feature", "properties": { "zone_id": "r28_c21", "lat": 21.935, "lon": 80.265, "n_mineralized_obs": 0, "n_barren_obs": 1, "label_class": "barren", "conflict": false, "label": 0.0, "label_source": "REAL_GEOLOGICAL" }, "geometry": { "type": "Polygon", "coordinates": [ [ [ 80.27002475213213, 21.930027882045714 ], [ 80.269973793723764, 21.94001666783149 ], [ 80.259974898027124, 21.939971951677755 ], [ 80.260026554239559, 21.929983188311517 ], [ 80.27002475213213, 21.930027882045714 ] ] ] } },
{ "type": "Feature", "properties": { "zone_id": "r28_c22", "lat": 21.935, "lon": 80.275, "n_mineralized_obs": 0, "n_barren_obs": 1, "label_class": "barren", "conflict": false, "label": 0.0, "label_source": "REAL_GEOLOGICAL" }, "geometry": { "type": "Polygon", "coordinates": [ [ [ 80.280024414299135, 21.930027566860453 ], [ 80.27997415391556, 21.940016374817933 ], [ 80.269975235869794, 21.939972267015019 ], [ 80.270026194063632, 21.929983481172108 ], [ 80.280024414299135, 21.930027566860453 ] ] ] } },
{ "type": "Feature", "properties": { "zone_id": "r28_c23", "lat": 21.935, "lon": 80.285, "n_mineralized_obs": 0, "n_barren_obs": 1, "label_class": "barren", "conflict": false, "label": 0.0, "label_source": "REAL_GEOLOGICAL" }, "geometry": { "type": "Polygon", "coordinates": [ [ [ 80.290024076312321, 21.930027251827415 ], [ 80.28997451395503, 21.940016081650807 ], [ 80.279975573866267, 21.939972582200042 ], [ 80.280025834039961, 21.929983774186255 ], [ 80.290024076312321, 21.930027251827415 ] ] ] } },
{ "type": "Feature", "properties": { "zone_id": "r28_c24", "lat": 21.935, "lon": 80.295, "n_mineralized_obs": 0, "n_barren_obs": 1, "label_class": "barren", "conflict": false, "label": 0.0, "label_source": "REAL_GEOLOGICAL" }, "geometry": { "type": "Polygon", "coordinates": [ [ [ 80.300023738171774, 21.930026936946632 ], [ 80.299974873842217, 21.940015788330143 ], [ 80.289975912016601, 21.939972897232824 ], [ 80.290025474168587, 21.929984067353953 ], [ 80.300023738171774, 21.930026936946632 ] ] ] } },
{ "type": "Feature", "properties": { "zone_id": "r28_c25", "lat": 21.935, "lon": 80.305, "n_mineralized_obs": 0, "n_barren_obs": 1, "label_class": "barren", "conflict": false, "label": 0.0, "label_source": "REAL_GEOLOGICAL" }, "geometry": { "type": "Polygon", "coordinates": [ [ [ 80.310023399877451, 21.930026622218108 ], [ 80.309975233577049, 21.940015494855938 ], [ 80.299976250320711, 21.939973212113355 ], [ 80.300025114449483, 21.929984360675196 ], [ 80.310023399877451, 21.930026622218108 ] ] ] } },
{ "type": "Feature", "properties": { "zone_id": "r28_c26", "lat": 21.935, "lon": 80.315, "n_mineralized_obs": 0, "n_barren_obs": 1, "label_class": "barren", "conflict": false, "label": 0.0, "label_source": "REAL_GEOLOGICAL" }, "geometry": { "type": "Polygon", "coordinates": [ [ [ 80.320023061429367, 21.930026307641853 ], [ 80.319975593159569, 21.94001520122821 ], [ 80.309976588778625, 21.93997352684163 ], [ 80.31002475488269, 21.929984654149976 ], [ 80.320023061429367, 21.930026307641853 ] ] ] } },
{ "type": "Feature", "properties": { "zone_id": "r28_c27", "lat": 21.935, "lon": 80.325, "n_mineralized_obs": 0, "n_barren_obs": 1, "label_class": "barren", "conflict": false, "label": 0.0, "label_source": "REAL_GEOLOGICAL" }, "geometry": { "type": "Polygon", "coordinates": [ [ [ 80.33002272282755, 21.930025993217871 ], [ 80.329975952589706, 21.940014907446947 ], [ 80.319976927390329, 21.939973841417626 ], [ 80.320024395468209, 21.929984947778273 ], [ 80.33002272282755, 21.930025993217871 ] ] ] } },
{ "type": "Feature", "properties": { "zone_id": "r28_c28", "lat": 21.935, "lon": 80.335, "n_mineralized_obs": 0, "n_barren_obs": 1, "label_class": "barren", "conflict": false, "label": 0.0, "label_source": "REAL_GEOLOGICAL" }, "geometry": { "type": "Polygon", "coordinates": [ [ [ 80.340022384071972, 21.930025678946183 ], [ 80.339976311867474, 21.940014613512187 ], [ 80.329977266155794, 21.939974155841352 ], [ 80.330024036206026, 21.9299852415601 ], [ 80.340022384071972, 21.930025678946183 ] ] ] } },
{ "type": "Feature", "properties": { "zone_id": "r28_c29", "lat": 21.935, "lon": 80.345, "n_mineralized_obs": 0, "n_barren_obs": 1, "label_class": "barren", "conflict": false, "label": 0.0, "label_source": "REAL_GEOLOGICAL" }, "geometry": { "type": "Polygon", "coordinates": [ [ [ 80.350022045162703, 21.93002536482679 ], [ 80.349976670992902, 21.940014319423909 ], [ 80.339977605075049, 21.939974470112777 ], [ 80.340023677096198, 21.92998553549543 ], [ 80.350022045162703, 21.93002536482679 ] ] ] } },
{ "type": "Feature", "properties": { "zone_id": "r29_c00", "lat": 21.945, "lon": 80.055, "n_mineralized_obs": 0, "n_barren_obs": 1, "label_class": "barren", "conflict": false, "label": 0.0, "label_source": "REAL_GEOLOGICAL" }, "geometry": { "type": "Polygon", "coordinates": [ [ [ 80.060031825569951, 21.940034552529266 ], [ 80.059966175992869, 21.950022789928244 ], [ 80.049967824219294, 21.949965277948515 ], [ 80.050034171801286, 21.939977069372453 ], [ 80.060031825569951, 21.940034552529266 ] ] ] } },
{ "type": "Feature", "properties": { "zone_id": "r29_c01", "lat": 21.945, "lon": 80.065, "n_mineralized_obs": 0, "n_barren_obs": 1, "label_class": "barren", "conflict": false, "label": 0.0, "label_source": "REAL_GEOLOGICAL" }, "geometry": { "type": "Polygon", "coordinates": [ [ [ 80.070031490793085, 21.94003423403915 ], [ 80.06996653955629, 21.950022500031316 ], [ 80.059968159004924, 21.949965596590435 ], [ 80.06003380825463, 21.939977359116288 ], [ 80.070031490793085, 21.94003423403915 ] ] ] } },
{ "type": "Feature", "properties": { "zone_id": "r29_c02", "lat": 21.945, "lon": 80.075, "n_mineralized_obs": 0, "n_barren_obs": 1, "label_class": "barren", "conflict": false, "label": 0.0, "label_source": "REAL_GEOLOGICAL" }, "geometry": { "type": "Polygon", "coordinates": [ [ [ 80.080031155862244, 21.940033915701079 ], [ 80.079966902967641, 21.950022209980652 ], [ 80.069968493944614, 21.94996591508032 ], [ 80.070033444860044, 21.939977649013869 ], [ 80.080031155862244, 21.940033915701079 ] ] ] } },
{ "type": "Feature", "properties": { "zone_id": "r29_c03", "lat": 21.945, "lon": 80.085, "n_mineralized_obs": 0, "n_barren_obs": 1, "label_class": "barren", "conflict": false, "label": 0.0, "label_source": "REAL_GEOLOGICAL" }, "geometry": { "type": "Polygon", "coordinates": [ [ [ 80.090030820777386, 21.94003359751505 ], [ 80.089967266226864, 21.950021919776258 ], [ 80.079968829038307, 21.949966233418166 ], [ 80.080033081617486, 21.939977939065184 ], [ 80.090030820777386, 21.94003359751505 ] ] ] } },
{ "type": "Feature", "properties": { "zone_id": "r29_c04", "lat": 21.945, "lon": 80.095, "n_mineralized_obs": 0, "n_barren_obs": 1, "label_class": "barren", "conflict": false, "label": 0.0, "label_source": "REAL_GEOLOGICAL" }, "geometry": { "type": "Polygon", "coordinates": [ [ [ 80.100030485538582, 21.940033279481089 ], [ 80.099967629334031, 21.950021629418135 ], [ 80.08996916428606, 21.949966551603961 ], [ 80.090032718526999, 21.939978229270224 ], [ 80.100030485538582, 21.940033279481089 ] ] ] } },
{ "type": "Feature", "properties": { "zone_id": "r29_c05", "lat": 21.945, "lon": 80.105, "n_mineralized_obs": 0, "n_barren_obs": 1, "label_class": "barren", "conflict": false, "label": 0.0, "label_source": "REAL_GEOLOGICAL" }, "geometry": { "type": "Polygon", "coordinates": [ [ [ 80.110030150145803, 21.940032961599197 ], [ 80.109967992289072, 21.950021338906311 ], [ 80.099969499687802, 21.949966869637695 ], [ 80.100032355588581, 21.93997851962899 ], [ 80.110030150145803, 21.940032961599197 ] ] ] } },
{ "type": "Feature", "properties": { "zone_id": "r29_c06", "lat": 21.945, "lon": 80.115, "n_mineralized_obs": 0, "n_barren_obs": 1, "label_class": "barren", "conflict": false, "label": 0.0, "label_source": "REAL_GEOLOGICAL" }, "geometry": { "type": "Polygon", "coordinates": [ [ [ 80.120029814599036, 21.940032643869376 ], [ 80.119968355091956, 21.950021048240771 ], [ 80.109969835243518, 21.949967187519363 ], [ 80.11003199280222, 21.939978810141461 ], [ 80.120029814599036, 21.940032643869376 ] ] ] } },
{ "type": "Feature", "properties": { "zone_id": "r29_c07", "lat": 21.945, "lon": 80.125, "n_mineralized_obs": 0, "n_barren_obs": 1, "label_class": "barren", "conflict": false, "label": 0.0, "label_source": "REAL_GEOLOGICAL" }, "geometry": { "type": "Polygon", "coordinates": [ [ [ 80.130029478898379, 21.940032326291647 ], [ 80.129968717742756, 21.950020757421534 ], [ 80.119970170953252, 21.949967505248946 ], [ 80.120031630167986, 21.939979100807637 ], [ 80.130029478898379, 21.940032326291647 ] ] ] } },
{ "type": "Feature", "properties": { "zone_id": "r29_c08", "lat": 21.945, "lon": 80.135, "n_mineralized_obs": 0, "n_barren_obs": 1, "label_class": "barren", "conflict": false, "label": 0.0, "label_source": "REAL_GEOLOGICAL" }, "geometry": { "type": "Polygon", "coordinates": [ [ [ 80.140029143043748, 21.940032008866019 ], [ 80.139969080241386, 21.95002046644861 ], [ 80.12997050681696, 21.949967822826441 ], [ 80.130031267685837, 21.939979391627503 ], [ 80.140029143043748, 21.940032008866019 ] ] ] } },
{ "type": "Feature", "properties": { "zone_id": "r29_c09", "lat": 21.945, "lon": 80.145, "n_mineralized_obs": 0, "n_barren_obs": 1, "label_class": "barren", "conflict": false, "label": 0.0, "label_source": "REAL_GEOLOGICAL" }, "geometry": { "type": "Polygon", "coordinates": [ [ [ 80.150028807035184, 21.940031691592491 ], [ 80.14996944258786, 21.950020175322013 ], [ 80.139970842834629, 21.949968140251848 ], [ 80.1400309053558, 21.939979682601056 ], [ 80.150028807035184, 21.940031691592491 ] ] ] } },
{ "type": "Feature", "properties": { "zone_id": "r29_c10", "lat": 21.945, "lon": 80.155, "n_mineralized_obs": 0, "n_barren_obs": 1, "label_class": "barren", "conflict": false, "label": 0.0, "label_source": "REAL_GEOLOGICAL" }, "geometry": { "type": "Polygon", "coordinates": [ [ [ 80.160028470872717, 21.940031374471083 ], [ 80.159969804782151, 21.950019884041748 ], [ 80.149971179006258, 21.949968457525138 ], [ 80.150030543177891, 21.939979973728281 ], [ 80.160028470872717, 21.940031374471083 ] ] ] } },
{ "type": "Feature", "properties": { "zone_id": "r29_c11", "lat": 21.945, "lon": 80.165, "n_mineralized_obs": 0, "n_barren_obs": 1, "label_class": "barren", "conflict": false, "label": 0.0, "label_source": "REAL_GEOLOGICAL" }, "geometry": { "type": "Polygon", "coordinates": [ [ [ 80.170028134556361, 21.940031057501798 ], [ 80.169970166824299, 21.950019592607816 ], [ 80.159971515331861, 21.949968774646315 ], [ 80.160030181152138, 21.939980265009176 ], [ 80.170028134556361, 21.940031057501798 ] ] ] } },
{ "type": "Feature", "properties": { "zone_id": "r29_c12", "lat": 21.945, "lon": 80.175, "n_mineralized_obs": 0, "n_barren_obs": 1, "label_class": "barren", "conflict": false, "label": 0.0, "label_source": "REAL_GEOLOGICAL" }, "geometry": { "type": "Polygon", "coordinates": [ [ [ 80.180027798086087, 21.940030740684644 ], [ 80.179970528714222, 21.95001930102023 ], [ 80.169971851811368, 21.949969091615358 ], [ 80.170029819278497, 21.939980556443722 ], [ 80.180027798086087, 21.940030740684644 ] ] ] } },
{ "type": "Feature", "properties": { "zone_id": "r29_c13", "lat": 21.945, "lon": 80.185, "n_mineralized_obs": 0, "n_barren_obs": 1, "label_class": "barren", "conflict": false, "label": 0.0, "label_source": "REAL_GEOLOGICAL" }, "geometry": { "type": "Polygon", "coordinates": [ [ [ 80.190027461461924, 21.940030424019643 ], [ 80.18997089045196, 21.950019009279007 ], [ 80.179972188444822, 21.949969408432274 ], [ 80.180029457557026, 21.939980848031922 ], [ 80.190027461461924, 21.940030424019643 ] ] ] } },
{ "type": "Feature", "properties": { "zone_id": "r29_c14", "lat": 21.945, "lon": 80.195, "n_mineralized_obs": 0, "n_barren_obs": 1, "label_class": "barren", "conflict": false, "label": 0.0, "label_source": "REAL_GEOLOGICAL" }, "geometry": { "type": "Polygon", "coordinates": [ [ [ 80.200027124683885, 21.940030107506793 ], [ 80.199971252037486, 21.950018717384136 ], [ 80.189972525232193, 21.949969725097038 ], [ 80.190029095987725, 21.93998113977376 ], [ 80.200027124683885, 21.940030107506793 ] ] ] } },
{ "type": "Feature", "properties": { "zone_id": "r29_c15", "lat": 21.945, "lon": 80.205, "n_mineralized_obs": 0, "n_barren_obs": 1, "label_class": "barren", "conflict": false, "label": 0.0, "label_source": "REAL_GEOLOGICAL" }, "geometry": { "type": "Polygon", "coordinates": [ [ [ 80.210026787751985, 21.940029791146102 ], [ 80.209971613470785, 21.950018425335653 ], [ 80.199972862173468, 21.94997004160966 ], [ 80.200028734570608, 21.939981431669239 ], [ 80.210026787751985, 21.940029791146102 ] ] ] } },
{ "type": "Feature", "properties": { "zone_id": "r29_c16", "lat": 21.945, "lon": 80.215, "n_mineralized_obs": 0, "n_barren_obs": 1, "label_class": "barren", "conflict": false, "label": 0.0, "label_source": "REAL_GEOLOGICAL" }, "geometry": { "type": "Polygon", "coordinates": [ [ [ 80.220026450666253, 21.940029474937592 ], [ 80.219971974751886, 21.95001813313355 ], [ 80.20997319926866, 21.949970357970102 ], [ 80.21002837330569, 21.939981723718333 ], [ 80.220026450666253, 21.940029474937592 ] ] ] } },
{ "type": "Feature", "properties": { "zone_id": "r29_c17", "lat": 21.945, "lon": 80.225, "n_mineralized_obs": 0, "n_barren_obs": 1, "label_class": "barren", "conflict": false, "label": 0.0, "label_source": "REAL_GEOLOGICAL" }, "geometry": { "type": "Polygon", "coordinates": [ [ [ 80.230026113426632, 21.940029158881256 ], [ 80.229972335880703, 21.950017840777832 ], [ 80.219973536517713, 21.949970674178367 ], [ 80.220028012192955, 21.939982015921039 ], [ 80.230026113426632, 21.940029158881256 ] ] ] } },
{ "type": "Feature", "properties": { "zone_id": "r29_c18", "lat": 21.945, "lon": 80.235, "n_mineralized_obs": 0, "n_barren_obs": 1, "label_class": "barren", "conflict": false, "label": 0.0, "label_source": "REAL_GEOLOGICAL" }, "geometry": { "type": "Polygon", "coordinates": [ [ [ 80.240025776033193, 21.940028842977114 ], [ 80.239972696857265, 21.950017548268523 ], [ 80.229973873920656, 21.949970990234462 ], [ 80.230027651232433, 21.939982308277354 ], [ 80.240025776033193, 21.940028842977114 ] ] ] } },
{ "type": "Feature", "properties": { "zone_id": "r29_c19", "lat": 21.945, "lon": 80.245, "n_mineralized_obs": 0, "n_barren_obs": 1, "label_class": "barren", "conflict": false, "label": 0.0, "label_source": "REAL_GEOLOGICAL" }, "geometry": { "type": "Polygon", "coordinates": [ [ [ 80.250025438485949, 21.940028527225181 ], [ 80.249973057681586, 21.950017255605619 ], [ 80.239974211477474, 21.949971306138362 ], [ 80.240027290424152, 21.939982600787268 ], [ 80.250025438485949, 21.940028527225181 ] ] ] } },
{ "type": "Feature", "properties": { "zone_id": "r29_c20", "lat": 21.945, "lon": 80.255, "n_mineralized_obs": 0, "n_barren_obs": 1, "label_class": "barren", "conflict": false, "label": 0.0, "label_source": "REAL_GEOLOGICAL" }, "geometry": { "type": "Polygon", "coordinates": [ [ [ 80.260025100784858, 21.940028211625449 ], [ 80.25997341835361, 21.950016962789128 ], [ 80.249974549188124, 21.949971621890054 ], [ 80.250026929768083, 21.939982893450761 ], [ 80.260025100784858, 21.940028211625449 ] ] ] } },
{ "type": "Feature", "properties": { "zone_id": "r29_c21", "lat": 21.945, "lon": 80.265, "n_mineralized_obs": 0, "n_barren_obs": 1, "label_class": "barren", "conflict": false, "label": 0.0, "label_source": "REAL_GEOLOGICAL" }, "geometry": { "type": "Polygon", "coordinates": [ [ [ 80.270024762929992, 21.940027896177941 ], [ 80.269973778873378, 21.950016669819071 ], [ 80.259974887052664, 21.949971937489529 ], [ 80.260026569264269, 21.939983186267838 ], [ 80.270024762929992, 21.940027896177941 ] ] ] } },
{ "type": "Feature", "properties": { "zone_id": "r29_c22", "lat": 21.945, "lon": 80.275, "n_mineralized_obs": 0, "n_barren_obs": 1, "label_class": "barren", "conflict": false, "label": 0.0, "label_source": "REAL_GEOLOGICAL" }, "geometry": { "type": "Polygon", "coordinates": [ [ [ 80.280024424921322, 21.940027580882674 ], [ 80.279974139240821, 21.950016376695448 ], [ 80.269975225071022, 21.949972252936796 ], [ 80.270026208912725, 21.939983479238489 ], [ 80.280024424921322, 21.940027580882674 ] ] ] } },
{ "type": "Feature", "properties": { "zone_id": "r29_c23", "lat": 21.945, "lon": 80.285, "n_mineralized_obs": 0, "n_barren_obs": 1, "label_class": "barren", "conflict": false, "label": 0.0, "label_source": "REAL_GEOLOGICAL" }, "geometry": { "type": "Polygon", "coordinates": [ [ [ 80.290024086758834, 21.940027265739634 ], [ 80.289974499455951, 21.950016083418262 ], [ 80.279975563243184, 21.949972568231821 ], [ 80.280025848713393, 21.939983772362702 ], [ 80.290024086758834, 21.940027265739634 ] ] ] } },
{ "type": "Feature", "properties": { "zone_id": "r29_c24", "lat": 21.945, "lon": 80.295, "n_mineralized_obs": 0, "n_barren_obs": 1, "label_class": "barren", "conflict": false, "label": 0.0, "label_source": "REAL_GEOLOGICAL" }, "geometry": { "type": "Polygon", "coordinates": [ [ [ 80.300023748442626, 21.940026950748837 ], [ 80.299974859518784, 21.950015789987535 ], [ 80.289975901569193, 21.94997288337461 ], [ 80.290025488666402, 21.939984065640456 ], [ 80.300023748442626, 21.940026950748837 ] ] ] } },
{ "type": "Feature", "properties": { "zone_id": "r29_c25", "lat": 21.945, "lon": 80.305, "n_mineralized_obs": 0, "n_barren_obs": 1, "label_class": "barren", "conflict": false, "label": 0.0, "label_source": "REAL_GEOLOGICAL" }, "geometry": { "type": "Polygon", "coordinates": [ [ [ 80.310023409972615, 21.940026635910307 ], [ 80.30997521942929, 21.95001549640326 ], [ 80.299976240049006, 21.949973198365146 ], [ 80.300025128771665, 21.939984359071762 ], [ 80.310023409972615, 21.940026635910307 ] ] ] } },
{ "type": "Feature", "properties": { "zone_id": "r29_c26", "lat": 21.945, "lon": 80.315, "n_mineralized_obs": 0, "n_barren_obs": 1, "label_class": "barren", "conflict": false, "label": 0.0, "label_source": "REAL_GEOLOGICAL" }, "geometry": { "type": "Polygon", "coordinates": [ [ [ 80.320023071348871, 21.940026321224046 ], [ 80.319975579187442, 21.950015202665465 ], [ 80.309976578682608, 21.949973513203421 ], [ 80.310024769029241, 21.939984652656602 ], [ 80.320023071348871, 21.940026321224046 ] ] ] } },
{ "type": "Feature", "properties": { "zone_id": "r29_c27", "lat": 21.945, "lon": 80.325, "n_mineralized_obs": 0, "n_barren_obs": 1, "label_class": "barren", "conflict": false, "label": 0.0, "label_source": "REAL_GEOLOGICAL" }, "geometry": { "type": "Polygon", "coordinates": [ [ [ 80.330022732571365, 21.940026006690065 ], [ 80.32997593879324, 21.950014908774154 ], [ 80.319976917470001, 21.949973827889437 ], [ 80.320024409439114, 21.939984946394972 ], [ 80.330022732571365, 21.940026006690065 ] ] ] } },
{ "type": "Feature", "properties": { "zone_id": "r29_c28", "lat": 21.945, "lon": 80.335, "n_mineralized_obs": 0, "n_barren_obs": 1, "label_class": "barren", "conflict": false, "label": 0.0, "label_source": "REAL_GEOLOGICAL" }, "geometry": { "type": "Polygon", "coordinates": [ [ [ 80.340022393640112, 21.940025692308357 ], [ 80.339976298246668, 21.950014614729316 ], [ 80.329977256411155, 21.949974142423159 ], [ 80.330024050001299, 21.939985240286848 ], [ 80.340022393640112, 21.940025692308357 ] ] ] } },
{ "type": "Feature", "properties": { "zone_id": "r29_c29", "lat": 21.945, "lon": 80.345, "n_mineralized_obs": 0, "n_barren_obs": 1, "label_class": "barren", "conflict": false, "label": 0.0, "label_source": "REAL_GEOLOGICAL" }, "geometry": { "type": "Polygon", "coordinates": [ [ [ 80.350022054555183, 21.94002537807896 ], [ 80.349976657547742, 21.95001432053099 ], [ 80.339977595506099, 21.949974456804604 ], [ 80.340023690715839, 21.939985534332244 ], [ 80.350022054555183, 21.94002537807896 ] ] ] } }
]
}
